{
  "algo": "consensus",
  "birth_date": "06/25/58",
  "comments": "",
  "dialect": "Southern",
  "education": "High School",
  "height": 1.6764000000000001,
  "noise_dataset": null,
  "phoneme_times": [
    {
      "start": 0,
      "stop": 3240,
      "text": "h#\n"
    },
    {
      "start": 3240,
      "stop": 3560,
      "text": "dh\n"
    },
    {
      "start": 3560,
      "stop": 5639,
      "text": "ey\n"
    },
    {
      "start": 5639,
      "stop": 6934,
      "text": "r\n"
    },
    {
      "start": 6934,
      "stop": 8120,
      "text": "ix\n"
    },
    {
      "start": 8120,
      "stop": 9400,
      "text": "m\n"
    },
    {
      "start": 9400,
      "stop": 12574,
      "text": "ey\n"
    },
    {
      "start": 12574,
      "stop": 13535,
      "text": "n\n"
    },
    {
      "start": 13535,
      "stop": 14579,
      "text": "l\n"
    },
    {
      "start": 14579,
      "stop": 16760,
      "text": "ay\n"
    },
    {
      "start": 16760,
      "stop": 18520,
      "text": "f\n"
    },
    {
      "start": 18520,
      "stop": 19509,
      "text": "l\n"
    },
    {
      "start": 19509,
      "stop": 21973,
      "text": "ao\n"
    },
    {
      "start": 21973,
      "stop": 22642,
      "text": "ng\n"
    },
    {
      "start": 22642,
      "stop": 24856,
      "text": "f\n"
    },
    {
      "start": 24856,
      "stop": 25566,
      "text": "r\n"
    },
    {
      "start": 25566,
      "stop": 27320,
      "text": "eh\n"
    },
    {
      "start": 27320,
      "stop": 28200,
      "text": "n\n"
    },
    {
      "start": 28200,
      "stop": 29480,
      "text": "z\n"
    },
    {
      "start": 29480,
      "stop": 31000,
      "text": "eh\n"
    },
    {
      "start": 31000,
      "stop": 31640,
      "text": "n\n"
    },
    {
      "start": 31640,
      "stop": 31960,
      "text": "kcl\n"
    },
    {
      "start": 31960,
      "stop": 32680,
      "text": "k\n"
    },
    {
      "start": 32680,
      "stop": 33378,
      "text": "ax\n"
    },
    {
      "start": 33378,
      "stop": 33712,
      "text": "m\n"
    },
    {
      "start": 33712,
      "stop": 34520,
      "text": "pcl\n"
    },
    {
      "start": 34520,
      "stop": 35480,
      "text": "p\n"
    },
    {
      "start": 35480,
      "stop": 38137,
      "text": "ae\n"
    },
    {
      "start": 38137,
      "stop": 39683,
      "text": "n\n"
    },
    {
      "start": 39683,
      "stop": 40393,
      "text": "y\n"
    },
    {
      "start": 40393,
      "stop": 41855,
      "text": "ix\n"
    },
    {
      "start": 41855,
      "stop": 43000,
      "text": "n\n"
    },
    {
      "start": 43000,
      "stop": 45080,
      "text": "z\n"
    },
    {
      "start": 45080,
      "stop": 48480,
      "text": "h#\n"
    }
  ],
  "phonetic_codes": [
    "/dh ey1/",
    "/r ih m ey1 n d/",
    "/l ay1 f l ao2 ng/",
    "/f r eh1 n d z/",
    "/ae n d/"
  ],
  "race": "Black",
  "recording_date": "01/27/86",
  "sentence": "They remained lifelong friends and companions.",
  "sentence_id": "SX163",
  "sentence_time": {
    "start": 0,
    "stop": 48539,
    "text": "They remained lifelong friends and companions.\n"
  },
  "sex": "F",
  "speaker_id": "PMY0",
  "speech": "SX163PMY0",
  "speech_dataset": "timit",
  "use": "System training speaker",
  "word_times": [
    {
      "start": 0,
      "stop": 3240,
      "text": "h#\n"
    },
    {
      "start": 3240,
      "stop": 3560,
      "text": "dh\n"
    },
    {
      "start": 3560,
      "stop": 5639,
      "text": "ey\n"
    },
    {
      "start": 5639,
      "stop": 6934,
      "text": "r\n"
    },
    {
      "start": 6934,
      "stop": 8120,
      "text": "ix\n"
    },
    {
      "start": 8120,
      "stop": 9400,
      "text": "m\n"
    },
    {
      "start": 9400,
      "stop": 12574,
      "text": "ey\n"
    },
    {
      "start": 12574,
      "stop": 13535,
      "text": "n\n"
    },
    {
      "start": 13535,
      "stop": 14579,
      "text": "l\n"
    },
    {
      "start": 14579,
      "stop": 16760,
      "text": "ay\n"
    },
    {
      "start": 16760,
      "stop": 18520,
      "text": "f\n"
    },
    {
      "start": 18520,
      "stop": 19509,
      "text": "l\n"
    },
    {
      "start": 19509,
      "stop": 21973,
      "text": "ao\n"
    },
    {
      "start": 21973,
      "stop": 22642,
      "text": "ng\n"
    },
    {
      "start": 22642,
      "stop": 24856,
      "text": "f\n"
    },
    {
      "start": 24856,
      "stop": 25566,
      "text": "r\n"
    },
    {
      "start": 25566,
      "stop": 27320,
      "text": "eh\n"
    },
    {
      "start": 27320,
      "stop": 28200,
      "text": "n\n"
    },
    {
      "start": 28200,
      "stop": 29480,
      "text": "z\n"
    },
    {
      "start": 29480,
      "stop": 31000,
      "text": "eh\n"
    },
    {
      "start": 31000,
      "stop": 31640,
      "text": "n\n"
    },
    {
      "start": 31640,
      "stop": 31960,
      "text": "kcl\n"
    },
    {
      "start": 31960,
      "stop": 32680,
      "text": "k\n"
    },
    {
      "start": 32680,
      "stop": 33378,
      "text": "ax\n"
    },
    {
      "start": 33378,
      "stop": 33712,
      "text": "m\n"
    },
    {
      "start": 33712,
      "stop": 34520,
      "text": "pcl\n"
    },
    {
      "start": 34520,
      "stop": 35480,
      "text": "p\n"
    },
    {
      "start": 35480,
      "stop": 38137,
      "text": "ae\n"
    },
    {
      "start": 38137,
      "stop": 39683,
      "text": "n\n"
    },
    {
      "start": 39683,
      "stop": 40393,
      "text": "y\n"
    },
    {
      "start": 40393,
      "stop": 41855,
      "text": "ix\n"
    },
    {
      "start": 41855,
      "stop": 43000,
      "text": "n\n"
    },
    {
      "start": 43000,
      "stop": 45080,
      "text": "z\n"
    },
    {
      "start": 45080,
      "stop": 48480,
      "text": "h#\n"
    }
  ]
}