{
  "algo": "consensus",
  "birth_date": "03/29/62",
  "comments": "",
  "dialect": "New England",
  "education": "Bachelor's Degree (BS or BA)",
  "height": 1.778,
  "noise_dataset": null,
  "phoneme_times": [
    {
      "start": 8120,
      "stop": 12430,
      "text": "h#\n"
    },
    {
      "start": 12430,
      "stop": 13320,
      "text": "jh\n"
    },
    {
      "start": 13320,
      "stop": 15122,
      "text": "ao\n"
    },
    {
      "start": 15122,
      "stop": 15832,
      "text": "r\n"
    },
    {
      "start": 15832,
      "stop": 16417,
      "text": "dcl\n"
    },
    {
      "start": 16417,
      "stop": 17122,
      "text": "jh\n"
    },
    {
      "start": 17122,
      "stop": 18172,
      "text": "ix\n"
    },
    {
      "start": 18172,
      "stop": 18715,
      "text": "z\n"
    },
    {
      "start": 18715,
      "stop": 19732,
      "text": "pcl\n"
    },
    {
      "start": 19732,
      "stop": 20887,
      "text": "p\n"
    },
    {
      "start": 20887,
      "stop": 22349,
      "text": "eh\n"
    },
    {
      "start": 22349,
      "stop": 24040,
      "text": "axr\n"
    },
    {
      "start": 24040,
      "stop": 24680,
      "text": "n\n"
    },
    {
      "start": 24680,
      "stop": 28156,
      "text": "oy\n"
    },
    {
      "start": 28156,
      "stop": 28574,
      "text": "dcl\n"
    },
    {
      "start": 28574,
      "stop": 28908,
      "text": "d\n"
    },
    {
      "start": 28908,
      "stop": 29640,
      "text": "ix\n"
    },
    {
      "start": 29640,
      "stop": 30997,
      "text": "bcl\n"
    },
    {
      "start": 30997,
      "stop": 31206,
      "text": "b\n"
    },
    {
      "start": 31206,
      "stop": 33295,
      "text": "aw\n"
    },
    {
      "start": 33295,
      "stop": 33640,
      "text": "dx\n"
    },
    {
      "start": 33640,
      "stop": 34631,
      "text": "ax\n"
    },
    {
      "start": 34631,
      "stop": 37138,
      "text": "f\n"
    },
    {
      "start": 37138,
      "stop": 38150,
      "text": "ux\n"
    },
    {
      "start": 38150,
      "stop": 38911,
      "text": "tcl\n"
    },
    {
      "start": 38911,
      "stop": 40104,
      "text": "ch\n"
    },
    {
      "start": 40104,
      "stop": 40840,
      "text": "axr\n"
    },
    {
      "start": 40840,
      "stop": 41836,
      "text": "gcl\n"
    },
    {
      "start": 41836,
      "stop": 42234,
      "text": "g\n"
    },
    {
      "start": 42234,
      "stop": 45375,
      "text": "ae\n"
    },
    {
      "start": 45375,
      "stop": 47841,
      "text": "sh\n"
    },
    {
      "start": 47841,
      "stop": 49917,
      "text": "ao\n"
    },
    {
      "start": 49917,
      "stop": 50251,
      "text": "dx\n"
    },
    {
      "start": 50251,
      "stop": 51160,
      "text": "ix\n"
    },
    {
      "start": 51160,
      "stop": 52440,
      "text": "dcl\n"
    },
    {
      "start": 52440,
      "stop": 54206,
      "text": "jh\n"
    },
    {
      "start": 54206,
      "stop": 64960,
      "text": "h#\n"
    }
  ],
  "phonetic_codes": [
    "/jh ao1 r jh/",
    "/ih1 z/",
    "/p ae1 r ax n oy2 d/",
    "/ax b aw1 t/",
    "/ax/",
    "/f y uw1 ch axr/",
    "/g ae1 s/"
  ],
  "race": "White",
  "recording_date": "01/30/86",
  "sentence": "George is paranoid about a future gas shortage.",
  "sentence_id": "SX382",
  "sentence_time": {
    "start": 0,
    "stop": 65024,
    "text": "George is paranoid about a future gas shortage.\n"
  },
  "sex": "M",
  "speaker_id": "TJS0",
  "speech": "SX382TJS0",
  "speech_dataset": "timit",
  "use": "System training speaker",
  "word_times": [
    {
      "start": 8120,
      "stop": 12430,
      "text": "h#\n"
    },
    {
      "start": 12430,
      "stop": 13320,
      "text": "jh\n"
    },
    {
      "start": 13320,
      "stop": 15122,
      "text": "ao\n"
    },
    {
      "start": 15122,
      "stop": 15832,
      "text": "r\n"
    },
    {
      "start": 15832,
      "stop": 16417,
      "text": "dcl\n"
    },
    {
      "start": 16417,
      "stop": 17122,
      "text": "jh\n"
    },
    {
      "start": 17122,
      "stop": 18172,
      "text": "ix\n"
    },
    {
      "start": 18172,
      "stop": 18715,
      "text": "z\n"
    },
    {
      "start": 18715,
      "stop": 19732,
      "text": "pcl\n"
    },
    {
      "start": 19732,
      "stop": 20887,
      "text": "p\n"
    },
    {
      "start": 20887,
      "stop": 22349,
      "text": "eh\n"
    },
    {
      "start": 22349,
      "stop": 24040,
      "text": "axr\n"
    },
    {
      "start": 24040,
      "stop": 24680,
      "text": "n\n"
    },
    {
      "start": 24680,
      "stop": 28156,
      "text": "oy\n"
    },
    {
      "start": 28156,
      "stop": 28574,
      "text": "dcl\n"
    },
    {
      "start": 28574,
      "stop": 28908,
      "text": "d\n"
    },
    {
      "start": 28908,
      "stop": 29640,
      "text": "ix\n"
    },
    {
      "start": 29640,
      "stop": 30997,
      "text": "bcl\n"
    },
    {
      "start": 30997,
      "stop": 31206,
      "text": "b\n"
    },
    {
      "start": 31206,
      "stop": 33295,
      "text": "aw\n"
    },
    {
      "start": 33295,
      "stop": 33640,
      "text": "dx\n"
    },
    {
      "start": 33640,
      "stop": 34631,
      "text": "ax\n"
    },
    {
      "start": 34631,
      "stop": 37138,
      "text": "f\n"
    },
    {
      "start": 37138,
      "stop": 38150,
      "text": "ux\n"
    },
    {
      "start": 38150,
      "stop": 38911,
      "text": "tcl\n"
    },
    {
      "start": 38911,
      "stop": 40104,
      "text": "ch\n"
    },
    {
      "start": 40104,
      "stop": 40840,
      "text": "axr\n"
    },
    {
      "start": 40840,
      "stop": 41836,
      "text": "gcl\n"
    },
    {
      "start": 41836,
      "stop": 42234,
      "text": "g\n"
    },
    {
      "start": 42234,
      "stop": 45375,
      "text": "ae\n"
    },
    {
      "start": 45375,
      "stop": 47841,
      "text": "sh\n"
    },
    {
      "start": 47841,
      "stop": 49917,
      "text": "ao\n"
    },
    {
      "start": 49917,
      "stop": 50251,
      "text": "dx\n"
    },
    {
      "start": 50251,
      "stop": 51160,
      "text": "ix\n"
    },
    {
      "start": 51160,
      "stop": 52440,
      "text": "dcl\n"
    },
    {
      "start": 52440,
      "stop": 54206,
      "text": "jh\n"
    },
    {
      "start": 54206,
      "stop": 64960,
      "text": "h#\n"
    }
  ]
}