{
  "algo": "consensus",
  "birth_date": "09/16/62",
  "comments": "",
  "dialect": "Southern",
  "education": "Bachelor's Degree (BS or BA)",
  "height": 1.8288000000000002,
  "noise_dataset": null,
  "phoneme_times": [
    {
      "start": 0,
      "stop": 2160,
      "text": "h#\n"
    },
    {
      "start": 2160,
      "stop": 2320,
      "text": "d\n"
    },
    {
      "start": 2320,
      "stop": 3926,
      "text": "ah\n"
    },
    {
      "start": 3926,
      "stop": 6360,
      "text": "n\n"
    },
    {
      "start": 6360,
      "stop": 10934,
      "text": "ux\n"
    },
    {
      "start": 10934,
      "stop": 11980,
      "text": "pau\n"
    },
    {
      "start": 11980,
      "stop": 14410,
      "text": "s\n"
    },
    {
      "start": 14410,
      "stop": 15560,
      "text": "ah\n"
    },
    {
      "start": 15560,
      "stop": 16731,
      "text": "bcl\n"
    },
    {
      "start": 16731,
      "stop": 16949,
      "text": "b\n"
    },
    {
      "start": 16949,
      "stop": 19007,
      "text": "er\n"
    },
    {
      "start": 19007,
      "stop": 19550,
      "text": "bcl\n"
    },
    {
      "start": 19550,
      "stop": 20720,
      "text": "ix\n"
    },
    {
      "start": 20720,
      "stop": 22182,
      "text": "n\n"
    },
    {
      "start": 22182,
      "stop": 25320,
      "text": "ay\n"
    },
    {
      "start": 25320,
      "stop": 25920,
      "text": "tcl\n"
    },
    {
      "start": 25920,
      "stop": 26151,
      "text": "t\n"
    },
    {
      "start": 26151,
      "stop": 27870,
      "text": "s\n"
    },
    {
      "start": 27870,
      "stop": 29760,
      "text": "epi\n"
    },
    {
      "start": 29760,
      "stop": 30360,
      "text": "w\n"
    },
    {
      "start": 30360,
      "stop": 31560,
      "text": "axr\n"
    },
    {
      "start": 31560,
      "stop": 32334,
      "text": "kcl\n"
    },
    {
      "start": 32334,
      "stop": 32793,
      "text": "t\n"
    },
    {
      "start": 32793,
      "stop": 34480,
      "text": "hh\n"
    },
    {
      "start": 34480,
      "stop": 37106,
      "text": "aa\n"
    },
    {
      "start": 37106,
      "stop": 38433,
      "text": "r\n"
    },
    {
      "start": 38433,
      "stop": 38980,
      "text": "dcl\n"
    },
    {
      "start": 38980,
      "stop": 39190,
      "text": "d\n"
    },
    {
      "start": 39190,
      "stop": 41287,
      "text": "ao\n"
    },
    {
      "start": 41287,
      "stop": 43083,
      "text": "n\n"
    },
    {
      "start": 43083,
      "stop": 43487,
      "text": "r\n"
    },
    {
      "start": 43487,
      "stop": 44295,
      "text": "ix\n"
    },
    {
      "start": 44295,
      "stop": 46750,
      "text": "f\n"
    },
    {
      "start": 46750,
      "stop": 48389,
      "text": "er\n"
    },
    {
      "start": 48389,
      "stop": 48999,
      "text": "bcl\n"
    },
    {
      "start": 48999,
      "stop": 49986,
      "text": "ix\n"
    },
    {
      "start": 49986,
      "stop": 51980,
      "text": "sh\n"
    },
    {
      "start": 51980,
      "stop": 53360,
      "text": "ih\n"
    },
    {
      "start": 53360,
      "stop": 54822,
      "text": "ng\n"
    },
    {
      "start": 54822,
      "stop": 55610,
      "text": "dh\n"
    },
    {
      "start": 55610,
      "stop": 57619,
      "text": "eh\n"
    },
    {
      "start": 57619,
      "stop": 58624,
      "text": "r\n"
    },
    {
      "start": 58624,
      "stop": 60086,
      "text": "q\n"
    },
    {
      "start": 60086,
      "stop": 63320,
      "text": "ow\n"
    },
    {
      "start": 63320,
      "stop": 63909,
      "text": "dcl\n"
    },
    {
      "start": 63909,
      "stop": 64230,
      "text": "d\n"
    },
    {
      "start": 64230,
      "stop": 66520,
      "text": "axr\n"
    },
    {
      "start": 66520,
      "stop": 68560,
      "text": "hh\n"
    },
    {
      "start": 68560,
      "stop": 71303,
      "text": "ow\n"
    },
    {
      "start": 71303,
      "stop": 73404,
      "text": "m\n"
    },
    {
      "start": 73404,
      "stop": 74424,
      "text": "ax\n"
    },
    {
      "start": 74424,
      "stop": 84080,
      "text": "h#\n"
    }
  ],
  "phonetic_codes": [
    "/dh ax/",
    "/n uw1/",
    "/s ah b er1 b ix n ay2 t s/",
    "/w er1 k t/",
    "/hh aa1 r d/",
    "/ao1 n/",
    "/r ih f er1 b ih sh ix ng/",
    "/dh ae1 r/",
    "/ow1 l d axr/"
  ],
  "race": "Black",
  "recording_date": "03/20/86",
  "sentence": "The new suburbanites worked hard on refurbishing their older home.",
  "sentence_id": "SX351",
  "sentence_time": {
    "start": 0,
    "stop": 84173,
    "text": "The new suburbanites worked hard on refurbishing their older home.\n"
  },
  "sex": "M",
  "speaker_id": "TDP0",
  "speech": "SX351TDP0",
  "speech_dataset": "timit",
  "use": "System training speaker",
  "word_times": [
    {
      "start": 0,
      "stop": 2160,
      "text": "h#\n"
    },
    {
      "start": 2160,
      "stop": 2320,
      "text": "d\n"
    },
    {
      "start": 2320,
      "stop": 3926,
      "text": "ah\n"
    },
    {
      "start": 3926,
      "stop": 6360,
      "text": "n\n"
    },
    {
      "start": 6360,
      "stop": 10934,
      "text": "ux\n"
    },
    {
      "start": 10934,
      "stop": 11980,
      "text": "pau\n"
    },
    {
      "start": 11980,
      "stop": 14410,
      "text": "s\n"
    },
    {
      "start": 14410,
      "stop": 15560,
      "text": "ah\n"
    },
    {
      "start": 15560,
      "stop": 16731,
      "text": "bcl\n"
    },
    {
      "start": 16731,
      "stop": 16949,
      "text": "b\n"
    },
    {
      "start": 16949,
      "stop": 19007,
      "text": "er\n"
    },
    {
      "start": 19007,
      "stop": 19550,
      "text": "bcl\n"
    },
    {
      "start": 19550,
      "stop": 20720,
      "text": "ix\n"
    },
    {
      "start": 20720,
      "stop": 22182,
      "text": "n\n"
    },
    {
      "start": 22182,
      "stop": 25320,
      "text": "ay\n"
    },
    {
      "start": 25320,
      "stop": 25920,
      "text": "tcl\n"
    },
    {
      "start": 25920,
      "stop": 26151,
      "text": "t\n"
    },
    {
      "start": 26151,
      "stop": 27870,
      "text": "s\n"
    },
    {
      "start": 27870,
      "stop": 29760,
      "text": "epi\n"
    },
    {
      "start": 29760,
      "stop": 30360,
      "text": "w\n"
    },
    {
      "start": 30360,
      "stop": 31560,
      "text": "axr\n"
    },
    {
      "start": 31560,
      "stop": 32334,
      "text": "kcl\n"
    },
    {
      "start": 32334,
      "stop": 32793,
      "text": "t\n"
    },
    {
      "start": 32793,
      "stop": 34480,
      "text": "hh\n"
    },
    {
      "start": 34480,
      "stop": 37106,
      "text": "aa\n"
    },
    {
      "start": 37106,
      "stop": 38433,
      "text": "r\n"
    },
    {
      "start": 38433,
      "stop": 38980,
      "text": "dcl\n"
    },
    {
      "start": 38980,
      "stop": 39190,
      "text": "d\n"
    },
    {
      "start": 39190,
      "stop": 41287,
      "text": "ao\n"
    },
    {
      "start": 41287,
      "stop": 43083,
      "text": "n\n"
    },
    {
      "start": 43083,
      "stop": 43487,
      "text": "r\n"
    },
    {
      "start": 43487,
      "stop": 44295,
      "text": "ix\n"
    },
    {
      "start": 44295,
      "stop": 46750,
      "text": "f\n"
    },
    {
      "start": 46750,
      "stop": 48389,
      "text": "er\n"
    },
    {
      "start": 48389,
      "stop": 48999,
      "text": "bcl\n"
    },
    {
      "start": 48999,
      "stop": 49986,
      "text": "ix\n"
    },
    {
      "start": 49986,
      "stop": 51980,
      "text": "sh\n"
    },
    {
      "start": 51980,
      "stop": 53360,
      "text": "ih\n"
    },
    {
      "start": 53360,
      "stop": 54822,
      "text": "ng\n"
    },
    {
      "start": 54822,
      "stop": 55610,
      "text": "dh\n"
    },
    {
      "start": 55610,
      "stop": 57619,
      "text": "eh\n"
    },
    {
      "start": 57619,
      "stop": 58624,
      "text": "r\n"
    },
    {
      "start": 58624,
      "stop": 60086,
      "text": "q\n"
    },
    {
      "start": 60086,
      "stop": 63320,
      "text": "ow\n"
    },
    {
      "start": 63320,
      "stop": 63909,
      "text": "dcl\n"
    },
    {
      "start": 63909,
      "stop": 64230,
      "text": "d\n"
    },
    {
      "start": 64230,
      "stop": 66520,
      "text": "axr\n"
    },
    {
      "start": 66520,
      "stop": 68560,
      "text": "hh\n"
    },
    {
      "start": 68560,
      "stop": 71303,
      "text": "ow\n"
    },
    {
      "start": 71303,
      "stop": 73404,
      "text": "m\n"
    },
    {
      "start": 73404,
      "stop": 74424,
      "text": "ax\n"
    },
    {
      "start": 74424,
      "stop": 84080,
      "text": "h#\n"
    }
  ]
}