{
  "algo": "consensus",
  "birth_date": "09/20/37",
  "comments": "",
  "dialect": "South Midland",
  "education": "High School",
  "height": 1.8034,
  "noise_dataset": null,
  "phoneme_times": [
    {
      "start": 0,
      "stop": 2267,
      "text": "h#\n"
    },
    {
      "start": 2267,
      "stop": 2964,
      "text": "r\n"
    },
    {
      "start": 2964,
      "stop": 3347,
      "text": "ix\n"
    },
    {
      "start": 3347,
      "stop": 5055,
      "text": "z\n"
    },
    {
      "start": 5055,
      "stop": 8062,
      "text": "aa\n"
    },
    {
      "start": 8062,
      "stop": 9023,
      "text": "l\n"
    },
    {
      "start": 9023,
      "stop": 10120,
      "text": "v\n"
    },
    {
      "start": 10120,
      "stop": 10560,
      "text": "dh\n"
    },
    {
      "start": 10560,
      "stop": 12021,
      "text": "eh\n"
    },
    {
      "start": 12021,
      "stop": 12801,
      "text": "tcl\n"
    },
    {
      "start": 12801,
      "stop": 13120,
      "text": "dh\n"
    },
    {
      "start": 13120,
      "stop": 14454,
      "text": "iy\n"
    },
    {
      "start": 14454,
      "stop": 16235,
      "text": "ae\n"
    },
    {
      "start": 16235,
      "stop": 16791,
      "text": "nx\n"
    },
    {
      "start": 16791,
      "stop": 17551,
      "text": "ix\n"
    },
    {
      "start": 17551,
      "stop": 20104,
      "text": "s\n"
    },
    {
      "start": 20104,
      "stop": 20893,
      "text": "l\n"
    },
    {
      "start": 20893,
      "stop": 22680,
      "text": "ey\n"
    },
    {
      "start": 22680,
      "stop": 23604,
      "text": "v\n"
    },
    {
      "start": 23604,
      "stop": 24146,
      "text": "r\n"
    },
    {
      "start": 24146,
      "stop": 24940,
      "text": "iy\n"
    },
    {
      "start": 24940,
      "stop": 26978,
      "text": "s\n"
    },
    {
      "start": 26978,
      "stop": 28280,
      "text": "ih\n"
    },
    {
      "start": 28280,
      "stop": 28875,
      "text": "nx\n"
    },
    {
      "start": 28875,
      "stop": 29373,
      "text": "ix\n"
    },
    {
      "start": 29373,
      "stop": 30565,
      "text": "m\n"
    },
    {
      "start": 30565,
      "stop": 31759,
      "text": "ah\n"
    },
    {
      "start": 31759,
      "stop": 32439,
      "text": "n\n"
    },
    {
      "start": 32439,
      "stop": 33587,
      "text": "ix\n"
    },
    {
      "start": 33587,
      "stop": 34610,
      "text": "z\n"
    },
    {
      "start": 34610,
      "stop": 35660,
      "text": "bcl\n"
    },
    {
      "start": 35660,
      "stop": 35880,
      "text": "b\n"
    },
    {
      "start": 35880,
      "stop": 36680,
      "text": "iy\n"
    },
    {
      "start": 36680,
      "stop": 37264,
      "text": "kcl\n"
    },
    {
      "start": 37264,
      "stop": 38190,
      "text": "k\n"
    },
    {
      "start": 38190,
      "stop": 39608,
      "text": "ah\n"
    },
    {
      "start": 39608,
      "stop": 40522,
      "text": "m\n"
    },
    {
      "start": 40522,
      "stop": 41080,
      "text": "ix\n"
    },
    {
      "start": 41080,
      "stop": 42383,
      "text": "ng\n"
    },
    {
      "start": 42383,
      "stop": 43720,
      "text": "r\n"
    },
    {
      "start": 43720,
      "stop": 45889,
      "text": "aa\n"
    },
    {
      "start": 45889,
      "stop": 47260,
      "text": "pcl\n"
    },
    {
      "start": 47260,
      "stop": 47428,
      "text": "p\n"
    },
    {
      "start": 47428,
      "stop": 47830,
      "text": "f\n"
    },
    {
      "start": 47830,
      "stop": 48771,
      "text": "axr\n"
    },
    {
      "start": 48771,
      "stop": 50219,
      "text": "r\n"
    },
    {
      "start": 50219,
      "stop": 51570,
      "text": "eh\n"
    },
    {
      "start": 51570,
      "stop": 53392,
      "text": "z\n"
    },
    {
      "start": 53392,
      "stop": 53915,
      "text": "ax\n"
    },
    {
      "start": 53915,
      "stop": 54739,
      "text": "l\n"
    },
    {
      "start": 54739,
      "stop": 56440,
      "text": "ux\n"
    },
    {
      "start": 56440,
      "stop": 57172,
      "text": "dx\n"
    },
    {
      "start": 57172,
      "stop": 59960,
      "text": "ae\n"
    },
    {
      "start": 59960,
      "stop": 61000,
      "text": "kcl\n"
    },
    {
      "start": 61000,
      "stop": 62888,
      "text": "sh\n"
    },
    {
      "start": 62888,
      "stop": 64165,
      "text": "en\n"
    },
    {
      "start": 64165,
      "stop": 65440,
      "text": "h#\n"
    }
  ],
  "phonetic_codes": [
    "/r ih z aa1 l v d/",
    "/dh ae1 t/",
    "/dh ax/",
    "/ae2 n t ay s l ey1 v axr iy/",
    "/s eh1 n t ax m ax n t/",
    "/ih1 z/",
    "/b ih k ah1 m ix ng/",
    "/r ay1 p/",
    "/f ao1 r/",
    "/r eh1 z ax l uw2 t/"
  ],
  "race": "White",
  "recording_date": "04/10/86",
  "sentence": "Resolved that the anti-slavery sentiment is becoming ripe for resolute action.",
  "sentence_id": "SI1411",
  "sentence_time": {
    "start": 0,
    "stop": 65536,
    "text": "Resolved that the anti-slavery sentiment is becoming ripe for resolute action.\n"
  },
  "sex": "M",
  "speaker_id": "AEB0",
  "speech": "SI1411AEB0",
  "speech_dataset": "timit",
  "use": "System training speaker",
  "word_times": [
    {
      "start": 0,
      "stop": 2267,
      "text": "h#\n"
    },
    {
      "start": 2267,
      "stop": 2964,
      "text": "r\n"
    },
    {
      "start": 2964,
      "stop": 3347,
      "text": "ix\n"
    },
    {
      "start": 3347,
      "stop": 5055,
      "text": "z\n"
    },
    {
      "start": 5055,
      "stop": 8062,
      "text": "aa\n"
    },
    {
      "start": 8062,
      "stop": 9023,
      "text": "l\n"
    },
    {
      "start": 9023,
      "stop": 10120,
      "text": "v\n"
    },
    {
      "start": 10120,
      "stop": 10560,
      "text": "dh\n"
    },
    {
      "start": 10560,
      "stop": 12021,
      "text": "eh\n"
    },
    {
      "start": 12021,
      "stop": 12801,
      "text": "tcl\n"
    },
    {
      "start": 12801,
      "stop": 13120,
      "text": "dh\n"
    },
    {
      "start": 13120,
      "stop": 14454,
      "text": "iy\n"
    },
    {
      "start": 14454,
      "stop": 16235,
      "text": "ae\n"
    },
    {
      "start": 16235,
      "stop": 16791,
      "text": "nx\n"
    },
    {
      "start": 16791,
      "stop": 17551,
      "text": "ix\n"
    },
    {
      "start": 17551,
      "stop": 20104,
      "text": "s\n"
    },
    {
      "start": 20104,
      "stop": 20893,
      "text": "l\n"
    },
    {
      "start": 20893,
      "stop": 22680,
      "text": "ey\n"
    },
    {
      "start": 22680,
      "stop": 23604,
      "text": "v\n"
    },
    {
      "start": 23604,
      "stop": 24146,
      "text": "r\n"
    },
    {
      "start": 24146,
      "stop": 24940,
      "text": "iy\n"
    },
    {
      "start": 24940,
      "stop": 26978,
      "text": "s\n"
    },
    {
      "start": 26978,
      "stop": 28280,
      "text": "ih\n"
    },
    {
      "start": 28280,
      "stop": 28875,
      "text": "nx\n"
    },
    {
      "start": 28875,
      "stop": 29373,
      "text": "ix\n"
    },
    {
      "start": 29373,
      "stop": 30565,
      "text": "m\n"
    },
    {
      "start": 30565,
      "stop": 31759,
      "text": "ah\n"
    },
    {
      "start": 31759,
      "stop": 32439,
      "text": "n\n"
    },
    {
      "start": 32439,
      "stop": 33587,
      "text": "ix\n"
    },
    {
      "start": 33587,
      "stop": 34610,
      "text": "z\n"
    },
    {
      "start": 34610,
      "stop": 35660,
      "text": "bcl\n"
    },
    {
      "start": 35660,
      "stop": 35880,
      "text": "b\n"
    },
    {
      "start": 35880,
      "stop": 36680,
      "text": "iy\n"
    },
    {
      "start": 36680,
      "stop": 37264,
      "text": "kcl\n"
    },
    {
      "start": 37264,
      "stop": 38190,
      "text": "k\n"
    },
    {
      "start": 38190,
      "stop": 39608,
      "text": "ah\n"
    },
    {
      "start": 39608,
      "stop": 40522,
      "text": "m\n"
    },
    {
      "start": 40522,
      "stop": 41080,
      "text": "ix\n"
    },
    {
      "start": 41080,
      "stop": 42383,
      "text": "ng\n"
    },
    {
      "start": 42383,
      "stop": 43720,
      "text": "r\n"
    },
    {
      "start": 43720,
      "stop": 45889,
      "text": "aa\n"
    },
    {
      "start": 45889,
      "stop": 47260,
      "text": "pcl\n"
    },
    {
      "start": 47260,
      "stop": 47428,
      "text": "p\n"
    },
    {
      "start": 47428,
      "stop": 47830,
      "text": "f\n"
    },
    {
      "start": 47830,
      "stop": 48771,
      "text": "axr\n"
    },
    {
      "start": 48771,
      "stop": 50219,
      "text": "r\n"
    },
    {
      "start": 50219,
      "stop": 51570,
      "text": "eh\n"
    },
    {
      "start": 51570,
      "stop": 53392,
      "text": "z\n"
    },
    {
      "start": 53392,
      "stop": 53915,
      "text": "ax\n"
    },
    {
      "start": 53915,
      "stop": 54739,
      "text": "l\n"
    },
    {
      "start": 54739,
      "stop": 56440,
      "text": "ux\n"
    },
    {
      "start": 56440,
      "stop": 57172,
      "text": "dx\n"
    },
    {
      "start": 57172,
      "stop": 59960,
      "text": "ae\n"
    },
    {
      "start": 59960,
      "stop": 61000,
      "text": "kcl\n"
    },
    {
      "start": 61000,
      "stop": 62888,
      "text": "sh\n"
    },
    {
      "start": 62888,
      "stop": 64165,
      "text": "en\n"
    },
    {
      "start": 64165,
      "stop": 65440,
      "text": "h#\n"
    }
  ]
}