{
  "algo": "consensus",
  "birth_date": "04/09/62",
  "comments": "",
  "dialect": "Western",
  "education": "Bachelor's Degree (BS or BA)",
  "height": 1.778,
  "noise_dataset": null,
  "phoneme_times": [
    {
      "start": 0,
      "stop": 16250,
      "text": "h#\n"
    },
    {
      "start": 16250,
      "stop": 16560,
      "text": "d\n"
    },
    {
      "start": 16560,
      "stop": 18840,
      "text": "ow\n"
    },
    {
      "start": 18840,
      "stop": 19240,
      "text": "nx\n"
    },
    {
      "start": 19240,
      "stop": 22880,
      "text": "ae\n"
    },
    {
      "start": 22880,
      "stop": 24560,
      "text": "s\n"
    },
    {
      "start": 24560,
      "stop": 25072,
      "text": "kcl\n"
    },
    {
      "start": 25072,
      "stop": 25680,
      "text": "k\n"
    },
    {
      "start": 25680,
      "stop": 25920,
      "text": "m\n"
    },
    {
      "start": 25920,
      "stop": 27280,
      "text": "iy\n"
    },
    {
      "start": 27280,
      "stop": 27720,
      "text": "dx\n"
    },
    {
      "start": 27720,
      "stop": 28760,
      "text": "iy\n"
    },
    {
      "start": 28760,
      "stop": 29220,
      "text": "kcl\n"
    },
    {
      "start": 29220,
      "stop": 30700,
      "text": "k\n"
    },
    {
      "start": 30700,
      "stop": 32250,
      "text": "eh\n"
    },
    {
      "start": 32250,
      "stop": 33211,
      "text": "r\n"
    },
    {
      "start": 33211,
      "stop": 34040,
      "text": "iy\n"
    },
    {
      "start": 34040,
      "stop": 34499,
      "text": "ix\n"
    },
    {
      "start": 34499,
      "stop": 34840,
      "text": "nx\n"
    },
    {
      "start": 34840,
      "stop": 36093,
      "text": "q\n"
    },
    {
      "start": 36093,
      "stop": 37932,
      "text": "oy\n"
    },
    {
      "start": 37932,
      "stop": 38892,
      "text": "l\n"
    },
    {
      "start": 38892,
      "stop": 40112,
      "text": "ix\n"
    },
    {
      "start": 40112,
      "stop": 41908,
      "text": "r\n"
    },
    {
      "start": 41908,
      "stop": 44680,
      "text": "ae\n"
    },
    {
      "start": 44680,
      "stop": 45340,
      "text": "gcl\n"
    },
    {
      "start": 45340,
      "stop": 45620,
      "text": "g\n"
    },
    {
      "start": 45620,
      "stop": 46506,
      "text": "l\n"
    },
    {
      "start": 46506,
      "stop": 48280,
      "text": "ay\n"
    },
    {
      "start": 48280,
      "stop": 50440,
      "text": "kcl\n"
    },
    {
      "start": 50440,
      "stop": 50640,
      "text": "dh\n"
    },
    {
      "start": 50640,
      "stop": 54720,
      "text": "ae\n"
    },
    {
      "start": 54720,
      "stop": 55739,
      "text": "tcl\n"
    },
    {
      "start": 55739,
      "stop": 56640,
      "text": "h#\n"
    }
  ],
  "phonetic_codes": [
    "/d ow1 n t/",
    "/ae1 s k/",
    "/m iy1/",
    "/t uw1/",
    "/k ae1 r iy/",
    "/ae n/",
    "/oy1 l iy/",
    "/r ae1 g/",
    "/l ay1 k/"
  ],
  "race": "White",
  "recording_date": "03/12/86",
  "sentence": "Don't ask me to carry an oily rag like that.",
  "sentence_id": "SA2",
  "sentence_time": {
    "start": 0,
    "stop": 56730,
    "text": "Don't ask me to carry an oily rag like that.\n"
  },
  "sex": "F",
  "speaker_id": "PAB1",
  "speech": "SA2PAB1",
  "speech_dataset": "timit",
  "use": "System training speaker",
  "word_times": [
    {
      "start": 0,
      "stop": 16250,
      "text": "h#\n"
    },
    {
      "start": 16250,
      "stop": 16560,
      "text": "d\n"
    },
    {
      "start": 16560,
      "stop": 18840,
      "text": "ow\n"
    },
    {
      "start": 18840,
      "stop": 19240,
      "text": "nx\n"
    },
    {
      "start": 19240,
      "stop": 22880,
      "text": "ae\n"
    },
    {
      "start": 22880,
      "stop": 24560,
      "text": "s\n"
    },
    {
      "start": 24560,
      "stop": 25072,
      "text": "kcl\n"
    },
    {
      "start": 25072,
      "stop": 25680,
      "text": "k\n"
    },
    {
      "start": 25680,
      "stop": 25920,
      "text": "m\n"
    },
    {
      "start": 25920,
      "stop": 27280,
      "text": "iy\n"
    },
    {
      "start": 27280,
      "stop": 27720,
      "text": "dx\n"
    },
    {
      "start": 27720,
      "stop": 28760,
      "text": "iy\n"
    },
    {
      "start": 28760,
      "stop": 29220,
      "text": "kcl\n"
    },
    {
      "start": 29220,
      "stop": 30700,
      "text": "k\n"
    },
    {
      "start": 30700,
      "stop": 32250,
      "text": "eh\n"
    },
    {
      "start": 32250,
      "stop": 33211,
      "text": "r\n"
    },
    {
      "start": 33211,
      "stop": 34040,
      "text": "iy\n"
    },
    {
      "start": 34040,
      "stop": 34499,
      "text": "ix\n"
    },
    {
      "start": 34499,
      "stop": 34840,
      "text": "nx\n"
    },
    {
      "start": 34840,
      "stop": 36093,
      "text": "q\n"
    },
    {
      "start": 36093,
      "stop": 37932,
      "text": "oy\n"
    },
    {
      "start": 37932,
      "stop": 38892,
      "text": "l\n"
    },
    {
      "start": 38892,
      "stop": 40112,
      "text": "ix\n"
    },
    {
      "start": 40112,
      "stop": 41908,
      "text": "r\n"
    },
    {
      "start": 41908,
      "stop": 44680,
      "text": "ae\n"
    },
    {
      "start": 44680,
      "stop": 45340,
      "text": "gcl\n"
    },
    {
      "start": 45340,
      "stop": 45620,
      "text": "g\n"
    },
    {
      "start": 45620,
      "stop": 46506,
      "text": "l\n"
    },
    {
      "start": 46506,
      "stop": 48280,
      "text": "ay\n"
    },
    {
      "start": 48280,
      "stop": 50440,
      "text": "kcl\n"
    },
    {
      "start": 50440,
      "stop": 50640,
      "text": "dh\n"
    },
    {
      "start": 50640,
      "stop": 54720,
      "text": "ae\n"
    },
    {
      "start": 54720,
      "stop": 55739,
      "text": "tcl\n"
    },
    {
      "start": 55739,
      "stop": 56640,
      "text": "h#\n"
    }
  ]
}