{
  "algo": "consensus",
  "birth_date": "12/05/54",
  "comments": "HAD TO PROMPT \"ZINNIA\" \n",
  "dialect": "Northern",
  "education": "Doctorate Degree (PhD, JD, or MD)",
  "height": 1.8288000000000002,
  "noise_dataset": null,
  "phoneme_times": [
    {
      "start": 0,
      "stop": 2320,
      "text": "h#\n"
    },
    {
      "start": 2320,
      "stop": 4220,
      "text": "sh\n"
    },
    {
      "start": 4220,
      "stop": 5013,
      "text": "iy\n"
    },
    {
      "start": 5013,
      "stop": 6433,
      "text": "hv\n"
    },
    {
      "start": 6433,
      "stop": 7686,
      "text": "eh\n"
    },
    {
      "start": 7686,
      "stop": 8610,
      "text": "dcl\n"
    },
    {
      "start": 8610,
      "stop": 8970,
      "text": "y\n"
    },
    {
      "start": 8970,
      "stop": 10200,
      "text": "axr\n"
    },
    {
      "start": 10200,
      "stop": 12010,
      "text": "dcl\n"
    },
    {
      "start": 12010,
      "stop": 12238,
      "text": "d\n"
    },
    {
      "start": 12238,
      "stop": 13480,
      "text": "aa\n"
    },
    {
      "start": 13480,
      "stop": 14200,
      "text": "r\n"
    },
    {
      "start": 14200,
      "stop": 15150,
      "text": "kcl\n"
    },
    {
      "start": 15150,
      "stop": 15280,
      "text": "k\n"
    },
    {
      "start": 15280,
      "stop": 16960,
      "text": "s\n"
    },
    {
      "start": 16960,
      "stop": 18138,
      "text": "ux\n"
    },
    {
      "start": 18138,
      "stop": 19680,
      "text": "q\n"
    },
    {
      "start": 19680,
      "stop": 20680,
      "text": "ix\n"
    },
    {
      "start": 20680,
      "stop": 21556,
      "text": "n\n"
    },
    {
      "start": 21556,
      "stop": 22340,
      "text": "gcl\n"
    },
    {
      "start": 22340,
      "stop": 22930,
      "text": "g\n"
    },
    {
      "start": 22930,
      "stop": 23546,
      "text": "r\n"
    },
    {
      "start": 23546,
      "stop": 24704,
      "text": "iy\n"
    },
    {
      "start": 24704,
      "stop": 26440,
      "text": "s\n"
    },
    {
      "start": 26440,
      "stop": 27488,
      "text": "iy\n"
    },
    {
      "start": 27488,
      "stop": 29409,
      "text": "w\n"
    },
    {
      "start": 29409,
      "stop": 31390,
      "text": "ao\n"
    },
    {
      "start": 31390,
      "stop": 32877,
      "text": "sh\n"
    },
    {
      "start": 32877,
      "stop": 33440,
      "text": "epi\n"
    },
    {
      "start": 33440,
      "stop": 34226,
      "text": "w\n"
    },
    {
      "start": 34226,
      "stop": 35800,
      "text": "aa\n"
    },
    {
      "start": 35800,
      "stop": 36280,
      "text": "dx\n"
    },
    {
      "start": 36280,
      "stop": 37240,
      "text": "axr\n"
    },
    {
      "start": 37240,
      "stop": 38892,
      "text": "q\n"
    },
    {
      "start": 38892,
      "stop": 42178,
      "text": "ao\n"
    },
    {
      "start": 42178,
      "stop": 43891,
      "text": "y\n"
    },
    {
      "start": 43891,
      "stop": 44977,
      "text": "ih\n"
    },
    {
      "start": 44977,
      "stop": 46680,
      "text": "axr\n"
    },
    {
      "start": 46680,
      "stop": 49360,
      "text": "h#\n"
    }
  ],
  "phonetic_codes": [
    "/sh iy1/",
    "/hh ae1 d/",
    "/y uh1 r/",
    "/d aa1 r k/",
    "/s uw1 t/",
    "/ih1 n/",
    "/g r iy1 s iy/",
    "/w ao1 sh/",
    "/w ao1 t axr/",
    "/ao1 l/"
  ],
  "race": "White",
  "recording_date": "03/20/86",
  "sentence": "She had your dark suit in greasy wash water all year.",
  "sentence_id": "SA1",
  "sentence_time": {
    "start": 0,
    "stop": 49460,
    "text": "She had your dark suit in greasy wash water all year.\n"
  },
  "sex": "M",
  "speaker_id": "KJO0",
  "speech": "SA1KJO0",
  "speech_dataset": "timit",
  "use": "System training speaker",
  "word_times": [
    {
      "start": 0,
      "stop": 2320,
      "text": "h#\n"
    },
    {
      "start": 2320,
      "stop": 4220,
      "text": "sh\n"
    },
    {
      "start": 4220,
      "stop": 5013,
      "text": "iy\n"
    },
    {
      "start": 5013,
      "stop": 6433,
      "text": "hv\n"
    },
    {
      "start": 6433,
      "stop": 7686,
      "text": "eh\n"
    },
    {
      "start": 7686,
      "stop": 8610,
      "text": "dcl\n"
    },
    {
      "start": 8610,
      "stop": 8970,
      "text": "y\n"
    },
    {
      "start": 8970,
      "stop": 10200,
      "text": "axr\n"
    },
    {
      "start": 10200,
      "stop": 12010,
      "text": "dcl\n"
    },
    {
      "start": 12010,
      "stop": 12238,
      "text": "d\n"
    },
    {
      "start": 12238,
      "stop": 13480,
      "text": "aa\n"
    },
    {
      "start": 13480,
      "stop": 14200,
      "text": "r\n"
    },
    {
      "start": 14200,
      "stop": 15150,
      "text": "kcl\n"
    },
    {
      "start": 15150,
      "stop": 15280,
      "text": "k\n"
    },
    {
      "start": 15280,
      "stop": 16960,
      "text": "s\n"
    },
    {
      "start": 16960,
      "stop": 18138,
      "text": "ux\n"
    },
    {
      "start": 18138,
      "stop": 19680,
      "text": "q\n"
    },
    {
      "start": 19680,
      "stop": 20680,
      "text": "ix\n"
    },
    {
      "start": 20680,
      "stop": 21556,
      "text": "n\n"
    },
    {
      "start": 21556,
      "stop": 22340,
      "text": "gcl\n"
    },
    {
      "start": 22340,
      "stop": 22930,
      "text": "g\n"
    },
    {
      "start": 22930,
      "stop": 23546,
      "text": "r\n"
    },
    {
      "start": 23546,
      "stop": 24704,
      "text": "iy\n"
    },
    {
      "start": 24704,
      "stop": 26440,
      "text": "s\n"
    },
    {
      "start": 26440,
      "stop": 27488,
      "text": "iy\n"
    },
    {
      "start": 27488,
      "stop": 29409,
      "text": "w\n"
    },
    {
      "start": 29409,
      "stop": 31390,
      "text": "ao\n"
    },
    {
      "start": 31390,
      "stop": 32877,
      "text": "sh\n"
    },
    {
      "start": 32877,
      "stop": 33440,
      "text": "epi\n"
    },
    {
      "start": 33440,
      "stop": 34226,
      "text": "w\n"
    },
    {
      "start": 34226,
      "stop": 35800,
      "text": "aa\n"
    },
    {
      "start": 35800,
      "stop": 36280,
      "text": "dx\n"
    },
    {
      "start": 36280,
      "stop": 37240,
      "text": "axr\n"
    },
    {
      "start": 37240,
      "stop": 38892,
      "text": "q\n"
    },
    {
      "start": 38892,
      "stop": 42178,
      "text": "ao\n"
    },
    {
      "start": 42178,
      "stop": 43891,
      "text": "y\n"
    },
    {
      "start": 43891,
      "stop": 44977,
      "text": "ih\n"
    },
    {
      "start": 44977,
      "stop": 46680,
      "text": "axr\n"
    },
    {
      "start": 46680,
      "stop": 49360,
      "text": "h#\n"
    }
  ]
}