{
  "algo": "consensus",
  "birth_date": "04/19/46",
  "comments": "",
  "dialect": "Western",
  "education": "Bachelor's Degree (BS or BA)",
  "height": 1.6764000000000001,
  "noise_dataset": null,
  "phoneme_times": [
    {
      "start": 0,
      "stop": 2160,
      "text": "h#\n"
    },
    {
      "start": 2160,
      "stop": 2560,
      "text": "dh\n"
    },
    {
      "start": 2560,
      "stop": 2962,
      "text": "ax\n"
    },
    {
      "start": 2962,
      "stop": 4470,
      "text": "pcl\n"
    },
    {
      "start": 4470,
      "stop": 5066,
      "text": "p\n"
    },
    {
      "start": 5066,
      "stop": 6616,
      "text": "ey\n"
    },
    {
      "start": 6616,
      "stop": 7770,
      "text": "pcl\n"
    },
    {
      "start": 7770,
      "stop": 8140,
      "text": "p\n"
    },
    {
      "start": 8140,
      "stop": 9091,
      "text": "axr\n"
    },
    {
      "start": 9091,
      "stop": 10480,
      "text": "bcl\n"
    },
    {
      "start": 10480,
      "stop": 10640,
      "text": "b\n"
    },
    {
      "start": 10640,
      "stop": 13440,
      "text": "oy\n"
    },
    {
      "start": 13440,
      "stop": 15100,
      "text": "bcl\n"
    },
    {
      "start": 15100,
      "stop": 15310,
      "text": "b\n"
    },
    {
      "start": 15310,
      "stop": 18120,
      "text": "ao\n"
    },
    {
      "start": 18120,
      "stop": 20620,
      "text": "tcl\n"
    },
    {
      "start": 20620,
      "stop": 21660,
      "text": "t\n"
    },
    {
      "start": 21660,
      "stop": 23192,
      "text": "ux\n"
    },
    {
      "start": 23192,
      "stop": 23910,
      "text": "q\n"
    },
    {
      "start": 23910,
      "stop": 26280,
      "text": "ae\n"
    },
    {
      "start": 26280,
      "stop": 27420,
      "text": "pcl\n"
    },
    {
      "start": 27420,
      "stop": 27820,
      "text": "p\n"
    },
    {
      "start": 27820,
      "stop": 30107,
      "text": "el\n"
    },
    {
      "start": 30107,
      "stop": 31880,
      "text": "z\n"
    },
    {
      "start": 31880,
      "stop": 33134,
      "text": "q\n"
    },
    {
      "start": 33134,
      "stop": 33604,
      "text": "eh\n"
    },
    {
      "start": 33604,
      "stop": 34252,
      "text": "n\n"
    },
    {
      "start": 34252,
      "stop": 34840,
      "text": "epi\n"
    },
    {
      "start": 34840,
      "stop": 36779,
      "text": "th\n"
    },
    {
      "start": 36779,
      "stop": 37833,
      "text": "r\n"
    },
    {
      "start": 37833,
      "stop": 39054,
      "text": "iy\n"
    },
    {
      "start": 39054,
      "stop": 40317,
      "text": "q\n"
    },
    {
      "start": 40317,
      "stop": 42900,
      "text": "ay\n"
    },
    {
      "start": 42900,
      "stop": 44910,
      "text": "s\n"
    },
    {
      "start": 44910,
      "stop": 46720,
      "text": "ix\n"
    },
    {
      "start": 46720,
      "stop": 49290,
      "text": "s\n"
    },
    {
      "start": 49290,
      "stop": 51360,
      "text": "h#\n"
    }
  ],
  "phonetic_codes": [
    "/dh ax/",
    "/p ey1 p axr/",
    "/b oy1/",
    "/b ao1 t/",
    "/t uw1/",
    "/ae1 p el z/",
    "/ae n d/",
    "/th r iy1/"
  ],
  "race": "White",
  "recording_date": "04/23/86",
  "sentence": "The paper boy bought two apples and three ices.",
  "sentence_id": "SX234",
  "sentence_time": {
    "start": 0,
    "stop": 51405,
    "text": "The paper boy bought two apples and three ices.\n"
  },
  "sex": "M",
  "speaker_id": "FXS0",
  "speech": "SX234FXS0",
  "speech_dataset": "timit",
  "use": "System training speaker",
  "word_times": [
    {
      "start": 0,
      "stop": 2160,
      "text": "h#\n"
    },
    {
      "start": 2160,
      "stop": 2560,
      "text": "dh\n"
    },
    {
      "start": 2560,
      "stop": 2962,
      "text": "ax\n"
    },
    {
      "start": 2962,
      "stop": 4470,
      "text": "pcl\n"
    },
    {
      "start": 4470,
      "stop": 5066,
      "text": "p\n"
    },
    {
      "start": 5066,
      "stop": 6616,
      "text": "ey\n"
    },
    {
      "start": 6616,
      "stop": 7770,
      "text": "pcl\n"
    },
    {
      "start": 7770,
      "stop": 8140,
      "text": "p\n"
    },
    {
      "start": 8140,
      "stop": 9091,
      "text": "axr\n"
    },
    {
      "start": 9091,
      "stop": 10480,
      "text": "bcl\n"
    },
    {
      "start": 10480,
      "stop": 10640,
      "text": "b\n"
    },
    {
      "start": 10640,
      "stop": 13440,
      "text": "oy\n"
    },
    {
      "start": 13440,
      "stop": 15100,
      "text": "bcl\n"
    },
    {
      "start": 15100,
      "stop": 15310,
      "text": "b\n"
    },
    {
      "start": 15310,
      "stop": 18120,
      "text": "ao\n"
    },
    {
      "start": 18120,
      "stop": 20620,
      "text": "tcl\n"
    },
    {
      "start": 20620,
      "stop": 21660,
      "text": "t\n"
    },
    {
      "start": 21660,
      "stop": 23192,
      "text": "ux\n"
    },
    {
      "start": 23192,
      "stop": 23910,
      "text": "q\n"
    },
    {
      "start": 23910,
      "stop": 26280,
      "text": "ae\n"
    },
    {
      "start": 26280,
      "stop": 27420,
      "text": "pcl\n"
    },
    {
      "start": 27420,
      "stop": 27820,
      "text": "p\n"
    },
    {
      "start": 27820,
      "stop": 30107,
      "text": "el\n"
    },
    {
      "start": 30107,
      "stop": 31880,
      "text": "z\n"
    },
    {
      "start": 31880,
      "stop": 33134,
      "text": "q\n"
    },
    {
      "start": 33134,
      "stop": 33604,
      "text": "eh\n"
    },
    {
      "start": 33604,
      "stop": 34252,
      "text": "n\n"
    },
    {
      "start": 34252,
      "stop": 34840,
      "text": "epi\n"
    },
    {
      "start": 34840,
      "stop": 36779,
      "text": "th\n"
    },
    {
      "start": 36779,
      "stop": 37833,
      "text": "r\n"
    },
    {
      "start": 37833,
      "stop": 39054,
      "text": "iy\n"
    },
    {
      "start": 39054,
      "stop": 40317,
      "text": "q\n"
    },
    {
      "start": 40317,
      "stop": 42900,
      "text": "ay\n"
    },
    {
      "start": 42900,
      "stop": 44910,
      "text": "s\n"
    },
    {
      "start": 44910,
      "stop": 46720,
      "text": "ix\n"
    },
    {
      "start": 46720,
      "stop": 49290,
      "text": "s\n"
    },
    {
      "start": 49290,
      "stop": 51360,
      "text": "h#\n"
    }
  ]
}