{
  "algo": "consensus",
  "birth_date": "08/30/29",
  "comments": "",
  "dialect": "Western",
  "education": "High School",
  "height": 1.5748,
  "noise_dataset": null,
  "phoneme_times": [
    {
      "start": 0,
      "stop": 2120,
      "text": "h#\n"
    },
    {
      "start": 2120,
      "stop": 2300,
      "text": "b\n"
    },
    {
      "start": 2300,
      "stop": 4386,
      "text": "ay\n"
    },
    {
      "start": 4386,
      "stop": 5430,
      "text": "q\n"
    },
    {
      "start": 5430,
      "stop": 6760,
      "text": "iy\n"
    },
    {
      "start": 6760,
      "stop": 7394,
      "text": "dx\n"
    },
    {
      "start": 7394,
      "stop": 8355,
      "text": "iy\n"
    },
    {
      "start": 8355,
      "stop": 9274,
      "text": "ng\n"
    },
    {
      "start": 9274,
      "stop": 10402,
      "text": "y\n"
    },
    {
      "start": 10402,
      "stop": 12657,
      "text": "ow\n"
    },
    {
      "start": 12657,
      "stop": 13280,
      "text": "gcl\n"
    },
    {
      "start": 13280,
      "stop": 13690,
      "text": "g\n"
    },
    {
      "start": 13690,
      "stop": 15750,
      "text": "er\n"
    },
    {
      "start": 15750,
      "stop": 16584,
      "text": "tcl\n"
    },
    {
      "start": 16584,
      "stop": 16909,
      "text": "y\n"
    },
    {
      "start": 16909,
      "stop": 17560,
      "text": "ix\n"
    },
    {
      "start": 17560,
      "stop": 18422,
      "text": "m\n"
    },
    {
      "start": 18422,
      "stop": 20173,
      "text": "ey\n"
    },
    {
      "start": 20173,
      "stop": 21080,
      "text": "l\n"
    },
    {
      "start": 21080,
      "stop": 22433,
      "text": "ih\n"
    },
    {
      "start": 22433,
      "stop": 23400,
      "text": "v\n"
    },
    {
      "start": 23400,
      "stop": 24355,
      "text": "l\n"
    },
    {
      "start": 24355,
      "stop": 26480,
      "text": "ao\n"
    },
    {
      "start": 26480,
      "stop": 27446,
      "text": "ng\n"
    },
    {
      "start": 27446,
      "stop": 28060,
      "text": "gcl\n"
    },
    {
      "start": 28060,
      "stop": 28310,
      "text": "g\n"
    },
    {
      "start": 28310,
      "stop": 29869,
      "text": "axr\n"
    },
    {
      "start": 29869,
      "stop": 32880,
      "text": "h#\n"
    }
  ],
  "phonetic_codes": [
    "/b ay1/",
    "/iy1 t ix ng/",
    "/y uw1/",
    "/m ey1/"
  ],
  "race": "White",
  "recording_date": "03/04/86",
  "sentence": "By eating yogurt, you may live longer.",
  "sentence_id": "SX253",
  "sentence_time": {
    "start": 0,
    "stop": 32973,
    "text": "By eating yogurt, you may live longer.\n"
  },
  "sex": "F",
  "speaker_id": "CRZ0",
  "speech": "SX253CRZ0",
  "speech_dataset": "timit",
  "use": "System training speaker",
  "word_times": [
    {
      "start": 0,
      "stop": 2120,
      "text": "h#\n"
    },
    {
      "start": 2120,
      "stop": 2300,
      "text": "b\n"
    },
    {
      "start": 2300,
      "stop": 4386,
      "text": "ay\n"
    },
    {
      "start": 4386,
      "stop": 5430,
      "text": "q\n"
    },
    {
      "start": 5430,
      "stop": 6760,
      "text": "iy\n"
    },
    {
      "start": 6760,
      "stop": 7394,
      "text": "dx\n"
    },
    {
      "start": 7394,
      "stop": 8355,
      "text": "iy\n"
    },
    {
      "start": 8355,
      "stop": 9274,
      "text": "ng\n"
    },
    {
      "start": 9274,
      "stop": 10402,
      "text": "y\n"
    },
    {
      "start": 10402,
      "stop": 12657,
      "text": "ow\n"
    },
    {
      "start": 12657,
      "stop": 13280,
      "text": "gcl\n"
    },
    {
      "start": 13280,
      "stop": 13690,
      "text": "g\n"
    },
    {
      "start": 13690,
      "stop": 15750,
      "text": "er\n"
    },
    {
      "start": 15750,
      "stop": 16584,
      "text": "tcl\n"
    },
    {
      "start": 16584,
      "stop": 16909,
      "text": "y\n"
    },
    {
      "start": 16909,
      "stop": 17560,
      "text": "ix\n"
    },
    {
      "start": 17560,
      "stop": 18422,
      "text": "m\n"
    },
    {
      "start": 18422,
      "stop": 20173,
      "text": "ey\n"
    },
    {
      "start": 20173,
      "stop": 21080,
      "text": "l\n"
    },
    {
      "start": 21080,
      "stop": 22433,
      "text": "ih\n"
    },
    {
      "start": 22433,
      "stop": 23400,
      "text": "v\n"
    },
    {
      "start": 23400,
      "stop": 24355,
      "text": "l\n"
    },
    {
      "start": 24355,
      "stop": 26480,
      "text": "ao\n"
    },
    {
      "start": 26480,
      "stop": 27446,
      "text": "ng\n"
    },
    {
      "start": 27446,
      "stop": 28060,
      "text": "gcl\n"
    },
    {
      "start": 28060,
      "stop": 28310,
      "text": "g\n"
    },
    {
      "start": 28310,
      "stop": 29869,
      "text": "axr\n"
    },
    {
      "start": 29869,
      "stop": 32880,
      "text": "h#\n"
    }
  ]
}