{
  "algo": "consensus",
  "birth_date": "09/12/58",
  "comments": "",
  "dialect": "Southern",
  "education": "Master's Degree (MS or MA)",
  "height": 1.8034,
  "noise_dataset": null,
  "phoneme_times": [
    {
      "start": 0,
      "stop": 2280,
      "text": "h#\n"
    },
    {
      "start": 2280,
      "stop": 2920,
      "text": "dh\n"
    },
    {
      "start": 2920,
      "stop": 4653,
      "text": "eh\n"
    },
    {
      "start": 4653,
      "stop": 5520,
      "text": "axr\n"
    },
    {
      "start": 5520,
      "stop": 6240,
      "text": "r\n"
    },
    {
      "start": 6240,
      "stop": 7720,
      "text": "ix\n"
    },
    {
      "start": 7720,
      "stop": 9240,
      "text": "z\n"
    },
    {
      "start": 9240,
      "stop": 11053,
      "text": "ah\n"
    },
    {
      "start": 11053,
      "stop": 11960,
      "text": "l\n"
    },
    {
      "start": 11960,
      "stop": 12680,
      "text": "tcl\n"
    },
    {
      "start": 12680,
      "stop": 13075,
      "text": "t\n"
    },
    {
      "start": 13075,
      "stop": 14120,
      "text": "s\n"
    },
    {
      "start": 14120,
      "stop": 15480,
      "text": "ey\n"
    },
    {
      "start": 15480,
      "stop": 17336,
      "text": "s\n"
    },
    {
      "start": 17336,
      "stop": 18120,
      "text": "tcl\n"
    },
    {
      "start": 18120,
      "stop": 18680,
      "text": "t\n"
    },
    {
      "start": 18680,
      "stop": 20120,
      "text": "ah\n"
    },
    {
      "start": 20120,
      "stop": 20600,
      "text": "dx\n"
    },
    {
      "start": 20600,
      "stop": 22295,
      "text": "iy\n"
    },
    {
      "start": 22295,
      "stop": 23143,
      "text": "ax\n"
    },
    {
      "start": 23143,
      "stop": 23937,
      "text": "v\n"
    },
    {
      "start": 23937,
      "stop": 24981,
      "text": "l\n"
    },
    {
      "start": 24981,
      "stop": 26120,
      "text": "ih\n"
    },
    {
      "start": 26120,
      "stop": 26600,
      "text": "dx\n"
    },
    {
      "start": 26600,
      "stop": 27560,
      "text": "axr\n"
    },
    {
      "start": 27560,
      "stop": 28120,
      "text": "tcl\n"
    },
    {
      "start": 28120,
      "stop": 29869,
      "text": "ch\n"
    },
    {
      "start": 29869,
      "stop": 31480,
      "text": "axr\n"
    },
    {
      "start": 31480,
      "stop": 34680,
      "text": "f\n"
    },
    {
      "start": 34680,
      "stop": 35666,
      "text": "r\n"
    },
    {
      "start": 35666,
      "stop": 37640,
      "text": "iy\n"
    },
    {
      "start": 37640,
      "stop": 38440,
      "text": "dcl\n"
    },
    {
      "start": 38440,
      "stop": 39937,
      "text": "f\n"
    },
    {
      "start": 39937,
      "stop": 40520,
      "text": "axr\n"
    },
    {
      "start": 40520,
      "stop": 41483,
      "text": "m\n"
    },
    {
      "start": 41483,
      "stop": 41942,
      "text": "dh\n"
    },
    {
      "start": 41942,
      "stop": 42736,
      "text": "ax\n"
    },
    {
      "start": 42736,
      "stop": 43906,
      "text": "tcl\n"
    },
    {
      "start": 43906,
      "stop": 45720,
      "text": "t\n"
    },
    {
      "start": 45720,
      "stop": 48173,
      "text": "iy\n"
    },
    {
      "start": 48173,
      "stop": 49400,
      "text": "axr\n"
    },
    {
      "start": 49400,
      "stop": 49960,
      "text": "n\n"
    },
    {
      "start": 49960,
      "stop": 51985,
      "text": "iy\n"
    },
    {
      "start": 51985,
      "stop": 53560,
      "text": "ah\n"
    },
    {
      "start": 53560,
      "stop": 54909,
      "text": "dh\n"
    },
    {
      "start": 54909,
      "stop": 55620,
      "text": "ax\n"
    },
    {
      "start": 55620,
      "stop": 56360,
      "text": "kcl\n"
    },
    {
      "start": 56360,
      "stop": 56831,
      "text": "k\n"
    },
    {
      "start": 56831,
      "stop": 57240,
      "text": "en\n"
    },
    {
      "start": 57240,
      "stop": 58680,
      "text": "tcl\n"
    },
    {
      "start": 58680,
      "stop": 59400,
      "text": "t\n"
    },
    {
      "start": 59400,
      "stop": 60048,
      "text": "eh\n"
    },
    {
      "start": 60048,
      "stop": 60382,
      "text": "m\n"
    },
    {
      "start": 60382,
      "stop": 61400,
      "text": "pcl\n"
    },
    {
      "start": 61400,
      "stop": 61969,
      "text": "p\n"
    },
    {
      "start": 61969,
      "stop": 63624,
      "text": "er\n"
    },
    {
      "start": 63624,
      "stop": 65143,
      "text": "eh\n"
    },
    {
      "start": 65143,
      "stop": 66189,
      "text": "r\n"
    },
    {
      "start": 66189,
      "stop": 67720,
      "text": "iy\n"
    },
    {
      "start": 67720,
      "stop": 70960,
      "text": "h#\n"
    }
  ],
  "phonetic_codes": [
    "/dh ae1 r/",
    "/r ih z ah1 l t s/",
    "/ax/",
    "/s t ah1 d iy/",
    "/ax v/",
    "/l ih1 t axr ax ch uh2 r/",
    "/f r iy1 d/",
    "/f r ah1 m/",
    "/dh ax/",
    "/t ih1 r ae n iy/",
    "/ax v/",
    "/dh ax/"
  ],
  "race": "White",
  "recording_date": "01/29/86",
  "sentence": "There results a study of literature freed from the tyranny of the contemporary.",
  "sentence_id": "SI1184",
  "sentence_time": {
    "start": 0,
    "stop": 70964,
    "text": "There results a study of literature freed from the tyranny of the contemporary.\n"
  },
  "sex": "M",
  "speaker_id": "RPP0",
  "speech": "SI1184RPP0",
  "speech_dataset": "timit",
  "use": "System test speaker",
  "word_times": [
    {
      "start": 0,
      "stop": 2280,
      "text": "h#\n"
    },
    {
      "start": 2280,
      "stop": 2920,
      "text": "dh\n"
    },
    {
      "start": 2920,
      "stop": 4653,
      "text": "eh\n"
    },
    {
      "start": 4653,
      "stop": 5520,
      "text": "axr\n"
    },
    {
      "start": 5520,
      "stop": 6240,
      "text": "r\n"
    },
    {
      "start": 6240,
      "stop": 7720,
      "text": "ix\n"
    },
    {
      "start": 7720,
      "stop": 9240,
      "text": "z\n"
    },
    {
      "start": 9240,
      "stop": 11053,
      "text": "ah\n"
    },
    {
      "start": 11053,
      "stop": 11960,
      "text": "l\n"
    },
    {
      "start": 11960,
      "stop": 12680,
      "text": "tcl\n"
    },
    {
      "start": 12680,
      "stop": 13075,
      "text": "t\n"
    },
    {
      "start": 13075,
      "stop": 14120,
      "text": "s\n"
    },
    {
      "start": 14120,
      "stop": 15480,
      "text": "ey\n"
    },
    {
      "start": 15480,
      "stop": 17336,
      "text": "s\n"
    },
    {
      "start": 17336,
      "stop": 18120,
      "text": "tcl\n"
    },
    {
      "start": 18120,
      "stop": 18680,
      "text": "t\n"
    },
    {
      "start": 18680,
      "stop": 20120,
      "text": "ah\n"
    },
    {
      "start": 20120,
      "stop": 20600,
      "text": "dx\n"
    },
    {
      "start": 20600,
      "stop": 22295,
      "text": "iy\n"
    },
    {
      "start": 22295,
      "stop": 23143,
      "text": "ax\n"
    },
    {
      "start": 23143,
      "stop": 23937,
      "text": "v\n"
    },
    {
      "start": 23937,
      "stop": 24981,
      "text": "l\n"
    },
    {
      "start": 24981,
      "stop": 26120,
      "text": "ih\n"
    },
    {
      "start": 26120,
      "stop": 26600,
      "text": "dx\n"
    },
    {
      "start": 26600,
      "stop": 27560,
      "text": "axr\n"
    },
    {
      "start": 27560,
      "stop": 28120,
      "text": "tcl\n"
    },
    {
      "start": 28120,
      "stop": 29869,
      "text": "ch\n"
    },
    {
      "start": 29869,
      "stop": 31480,
      "text": "axr\n"
    },
    {
      "start": 31480,
      "stop": 34680,
      "text": "f\n"
    },
    {
      "start": 34680,
      "stop": 35666,
      "text": "r\n"
    },
    {
      "start": 35666,
      "stop": 37640,
      "text": "iy\n"
    },
    {
      "start": 37640,
      "stop": 38440,
      "text": "dcl\n"
    },
    {
      "start": 38440,
      "stop": 39937,
      "text": "f\n"
    },
    {
      "start": 39937,
      "stop": 40520,
      "text": "axr\n"
    },
    {
      "start": 40520,
      "stop": 41483,
      "text": "m\n"
    },
    {
      "start": 41483,
      "stop": 41942,
      "text": "dh\n"
    },
    {
      "start": 41942,
      "stop": 42736,
      "text": "ax\n"
    },
    {
      "start": 42736,
      "stop": 43906,
      "text": "tcl\n"
    },
    {
      "start": 43906,
      "stop": 45720,
      "text": "t\n"
    },
    {
      "start": 45720,
      "stop": 48173,
      "text": "iy\n"
    },
    {
      "start": 48173,
      "stop": 49400,
      "text": "axr\n"
    },
    {
      "start": 49400,
      "stop": 49960,
      "text": "n\n"
    },
    {
      "start": 49960,
      "stop": 51985,
      "text": "iy\n"
    },
    {
      "start": 51985,
      "stop": 53560,
      "text": "ah\n"
    },
    {
      "start": 53560,
      "stop": 54909,
      "text": "dh\n"
    },
    {
      "start": 54909,
      "stop": 55620,
      "text": "ax\n"
    },
    {
      "start": 55620,
      "stop": 56360,
      "text": "kcl\n"
    },
    {
      "start": 56360,
      "stop": 56831,
      "text": "k\n"
    },
    {
      "start": 56831,
      "stop": 57240,
      "text": "en\n"
    },
    {
      "start": 57240,
      "stop": 58680,
      "text": "tcl\n"
    },
    {
      "start": 58680,
      "stop": 59400,
      "text": "t\n"
    },
    {
      "start": 59400,
      "stop": 60048,
      "text": "eh\n"
    },
    {
      "start": 60048,
      "stop": 60382,
      "text": "m\n"
    },
    {
      "start": 60382,
      "stop": 61400,
      "text": "pcl\n"
    },
    {
      "start": 61400,
      "stop": 61969,
      "text": "p\n"
    },
    {
      "start": 61969,
      "stop": 63624,
      "text": "er\n"
    },
    {
      "start": 63624,
      "stop": 65143,
      "text": "eh\n"
    },
    {
      "start": 65143,
      "stop": 66189,
      "text": "r\n"
    },
    {
      "start": 66189,
      "stop": 67720,
      "text": "iy\n"
    },
    {
      "start": 67720,
      "stop": 70960,
      "text": "h#\n"
    }
  ]
}