{
  "algo": "consensus",
  "birth_date": "12/16/50",
  "comments": "",
  "dialect": "Army Brat (moved around)",
  "education": "High School",
  "height": 1.778,
  "noise_dataset": null,
  "phoneme_times": [
    {
      "start": 0,
      "stop": 4000,
      "text": "h#\n"
    },
    {
      "start": 4000,
      "stop": 4920,
      "text": "ae\n"
    },
    {
      "start": 4920,
      "stop": 5480,
      "text": "n\n"
    },
    {
      "start": 5480,
      "stop": 6520,
      "text": "ah\n"
    },
    {
      "start": 6520,
      "stop": 8950,
      "text": "f\n"
    },
    {
      "start": 8950,
      "stop": 10000,
      "text": "ih\n"
    },
    {
      "start": 10000,
      "stop": 11878,
      "text": "sh\n"
    },
    {
      "start": 11878,
      "stop": 13080,
      "text": "el\n"
    },
    {
      "start": 13080,
      "stop": 14710,
      "text": "dcl\n"
    },
    {
      "start": 14710,
      "stop": 15080,
      "text": "d\n"
    },
    {
      "start": 15080,
      "stop": 16960,
      "text": "eh\n"
    },
    {
      "start": 16960,
      "stop": 17800,
      "text": "dcl\n"
    },
    {
      "start": 17800,
      "stop": 18128,
      "text": "d\n"
    },
    {
      "start": 18128,
      "stop": 19091,
      "text": "l\n"
    },
    {
      "start": 19091,
      "stop": 22725,
      "text": "ay\n"
    },
    {
      "start": 22725,
      "stop": 23686,
      "text": "n\n"
    },
    {
      "start": 23686,
      "stop": 25460,
      "text": "kcl\n"
    },
    {
      "start": 25460,
      "stop": 26109,
      "text": "k\n"
    },
    {
      "start": 26109,
      "stop": 26706,
      "text": "ix\n"
    },
    {
      "start": 26706,
      "stop": 27860,
      "text": "n\n"
    },
    {
      "start": 27860,
      "stop": 29953,
      "text": "aa\n"
    },
    {
      "start": 29953,
      "stop": 31450,
      "text": "tcl\n"
    },
    {
      "start": 31450,
      "stop": 31780,
      "text": "b\n"
    },
    {
      "start": 31780,
      "stop": 34120,
      "text": "iy\n"
    },
    {
      "start": 34120,
      "stop": 35920,
      "text": "pcl\n"
    },
    {
      "start": 35920,
      "stop": 36860,
      "text": "p\n"
    },
    {
      "start": 36860,
      "stop": 38270,
      "text": "ow\n"
    },
    {
      "start": 38270,
      "stop": 39685,
      "text": "s\n"
    },
    {
      "start": 39685,
      "stop": 41370,
      "text": "tcl\n"
    },
    {
      "start": 41370,
      "stop": 41620,
      "text": "p\n"
    },
    {
      "start": 41620,
      "stop": 43951,
      "text": "ow\n"
    },
    {
      "start": 43951,
      "stop": 45749,
      "text": "n\n"
    },
    {
      "start": 45749,
      "stop": 47200,
      "text": "dcl\n"
    },
    {
      "start": 47200,
      "stop": 47560,
      "text": "d\n"
    },
    {
      "start": 47560,
      "stop": 50480,
      "text": "h#\n"
    }
  ],
  "phonetic_codes": [
    "/ae n/",
    "/ax f ih1 sh el/",
    "/d eh1 d l ay2 n/",
    "/k ae1 n aa2 t/",
    "/b iy1/"
  ],
  "race": "White",
  "recording_date": "02/20/86",
  "sentence": "An official deadline cannot be postponed.",
  "sentence_id": "SX74",
  "sentence_time": {
    "start": 0,
    "stop": 50484,
    "text": "An official deadline cannot be postponed.\n"
  },
  "sex": "M",
  "speaker_id": "RRE0",
  "speech": "SX74RRE0",
  "speech_dataset": "timit",
  "use": "System training speaker",
  "word_times": [
    {
      "start": 0,
      "stop": 4000,
      "text": "h#\n"
    },
    {
      "start": 4000,
      "stop": 4920,
      "text": "ae\n"
    },
    {
      "start": 4920,
      "stop": 5480,
      "text": "n\n"
    },
    {
      "start": 5480,
      "stop": 6520,
      "text": "ah\n"
    },
    {
      "start": 6520,
      "stop": 8950,
      "text": "f\n"
    },
    {
      "start": 8950,
      "stop": 10000,
      "text": "ih\n"
    },
    {
      "start": 10000,
      "stop": 11878,
      "text": "sh\n"
    },
    {
      "start": 11878,
      "stop": 13080,
      "text": "el\n"
    },
    {
      "start": 13080,
      "stop": 14710,
      "text": "dcl\n"
    },
    {
      "start": 14710,
      "stop": 15080,
      "text": "d\n"
    },
    {
      "start": 15080,
      "stop": 16960,
      "text": "eh\n"
    },
    {
      "start": 16960,
      "stop": 17800,
      "text": "dcl\n"
    },
    {
      "start": 17800,
      "stop": 18128,
      "text": "d\n"
    },
    {
      "start": 18128,
      "stop": 19091,
      "text": "l\n"
    },
    {
      "start": 19091,
      "stop": 22725,
      "text": "ay\n"
    },
    {
      "start": 22725,
      "stop": 23686,
      "text": "n\n"
    },
    {
      "start": 23686,
      "stop": 25460,
      "text": "kcl\n"
    },
    {
      "start": 25460,
      "stop": 26109,
      "text": "k\n"
    },
    {
      "start": 26109,
      "stop": 26706,
      "text": "ix\n"
    },
    {
      "start": 26706,
      "stop": 27860,
      "text": "n\n"
    },
    {
      "start": 27860,
      "stop": 29953,
      "text": "aa\n"
    },
    {
      "start": 29953,
      "stop": 31450,
      "text": "tcl\n"
    },
    {
      "start": 31450,
      "stop": 31780,
      "text": "b\n"
    },
    {
      "start": 31780,
      "stop": 34120,
      "text": "iy\n"
    },
    {
      "start": 34120,
      "stop": 35920,
      "text": "pcl\n"
    },
    {
      "start": 35920,
      "stop": 36860,
      "text": "p\n"
    },
    {
      "start": 36860,
      "stop": 38270,
      "text": "ow\n"
    },
    {
      "start": 38270,
      "stop": 39685,
      "text": "s\n"
    },
    {
      "start": 39685,
      "stop": 41370,
      "text": "tcl\n"
    },
    {
      "start": 41370,
      "stop": 41620,
      "text": "p\n"
    },
    {
      "start": 41620,
      "stop": 43951,
      "text": "ow\n"
    },
    {
      "start": 43951,
      "stop": 45749,
      "text": "n\n"
    },
    {
      "start": 45749,
      "stop": 47200,
      "text": "dcl\n"
    },
    {
      "start": 47200,
      "stop": 47560,
      "text": "d\n"
    },
    {
      "start": 47560,
      "stop": 50480,
      "text": "h#\n"
    }
  ]
}