{
  "algo": "consensus",
  "birth_date": "03/25/53",
  "comments": "",
  "dialect": "New England",
  "education": "Bachelor's Degree (BS or BA)",
  "height": 1.9050000000000002,
  "noise_dataset": null,
  "phoneme_times": [
    {
      "start": 0,
      "stop": 3270,
      "text": "h#\n"
    },
    {
      "start": 3270,
      "stop": 4590,
      "text": "t\n"
    },
    {
      "start": 4590,
      "stop": 5020,
      "text": "r\n"
    },
    {
      "start": 5020,
      "stop": 5880,
      "text": "eh\n"
    },
    {
      "start": 5880,
      "stop": 7160,
      "text": "s\n"
    },
    {
      "start": 7160,
      "stop": 8080,
      "text": "pcl\n"
    },
    {
      "start": 8080,
      "stop": 8410,
      "text": "p\n"
    },
    {
      "start": 8410,
      "stop": 10820,
      "text": "ae\n"
    },
    {
      "start": 10820,
      "stop": 12490,
      "text": "s\n"
    },
    {
      "start": 12490,
      "stop": 13680,
      "text": "ix\n"
    },
    {
      "start": 13680,
      "stop": 14840,
      "text": "ng\n"
    },
    {
      "start": 14840,
      "stop": 15790,
      "text": "ix\n"
    },
    {
      "start": 15790,
      "stop": 16960,
      "text": "z\n"
    },
    {
      "start": 16960,
      "stop": 18390,
      "text": "f\n"
    },
    {
      "start": 18390,
      "stop": 19480,
      "text": "uh\n"
    },
    {
      "start": 19480,
      "stop": 20750,
      "text": "bcl\n"
    },
    {
      "start": 20750,
      "stop": 21010,
      "text": "b\n"
    },
    {
      "start": 21010,
      "stop": 23060,
      "text": "ih\n"
    },
    {
      "start": 23060,
      "stop": 23436,
      "text": "dx\n"
    },
    {
      "start": 23436,
      "stop": 25775,
      "text": "en\n"
    },
    {
      "start": 25775,
      "stop": 27018,
      "text": "q\n"
    },
    {
      "start": 27018,
      "stop": 27655,
      "text": "ax\n"
    },
    {
      "start": 27655,
      "stop": 28512,
      "text": "n\n"
    },
    {
      "start": 28512,
      "stop": 30763,
      "text": "s\n"
    },
    {
      "start": 30763,
      "stop": 31962,
      "text": "ah\n"
    },
    {
      "start": 31962,
      "stop": 33090,
      "text": "bcl\n"
    },
    {
      "start": 33090,
      "stop": 34172,
      "text": "jh\n"
    },
    {
      "start": 34172,
      "stop": 35775,
      "text": "eh\n"
    },
    {
      "start": 35775,
      "stop": 37389,
      "text": "kcl\n"
    },
    {
      "start": 37389,
      "stop": 37948,
      "text": "t\n"
    },
    {
      "start": 37948,
      "stop": 38391,
      "text": "ix\n"
    },
    {
      "start": 38391,
      "stop": 39654,
      "text": "pcl\n"
    },
    {
      "start": 39654,
      "stop": 40660,
      "text": "p\n"
    },
    {
      "start": 40660,
      "stop": 41880,
      "text": "eh\n"
    },
    {
      "start": 41880,
      "stop": 42440,
      "text": "n\n"
    },
    {
      "start": 42440,
      "stop": 43560,
      "text": "el\n"
    },
    {
      "start": 43560,
      "stop": 44450,
      "text": "tcl\n"
    },
    {
      "start": 44450,
      "stop": 45090,
      "text": "t\n"
    },
    {
      "start": 45090,
      "stop": 46189,
      "text": "iy\n"
    },
    {
      "start": 46189,
      "stop": 50000,
      "text": "h#\n"
    }
  ],
  "phonetic_codes": [
    "/t r eh1 s p ae s ix ng/",
    "/ih1 z/",
    "/f ao r b ih1 d en/",
    "/ae n d/",
    "/s ah1 b jh ih k t/",
    "/t uw1/"
  ],
  "race": "White",
  "recording_date": "02/26/86",
  "sentence": "Trespassing is forbidden and subject to penalty.",
  "sentence_id": "SX121",
  "sentence_time": {
    "start": 0,
    "stop": 50074,
    "text": "Trespassing is forbidden and subject to penalty.\n"
  },
  "sex": "M",
  "speaker_id": "JWT0",
  "speech": "SX121JWT0",
  "speech_dataset": "timit",
  "use": "System training speaker",
  "word_times": [
    {
      "start": 0,
      "stop": 3270,
      "text": "h#\n"
    },
    {
      "start": 3270,
      "stop": 4590,
      "text": "t\n"
    },
    {
      "start": 4590,
      "stop": 5020,
      "text": "r\n"
    },
    {
      "start": 5020,
      "stop": 5880,
      "text": "eh\n"
    },
    {
      "start": 5880,
      "stop": 7160,
      "text": "s\n"
    },
    {
      "start": 7160,
      "stop": 8080,
      "text": "pcl\n"
    },
    {
      "start": 8080,
      "stop": 8410,
      "text": "p\n"
    },
    {
      "start": 8410,
      "stop": 10820,
      "text": "ae\n"
    },
    {
      "start": 10820,
      "stop": 12490,
      "text": "s\n"
    },
    {
      "start": 12490,
      "stop": 13680,
      "text": "ix\n"
    },
    {
      "start": 13680,
      "stop": 14840,
      "text": "ng\n"
    },
    {
      "start": 14840,
      "stop": 15790,
      "text": "ix\n"
    },
    {
      "start": 15790,
      "stop": 16960,
      "text": "z\n"
    },
    {
      "start": 16960,
      "stop": 18390,
      "text": "f\n"
    },
    {
      "start": 18390,
      "stop": 19480,
      "text": "uh\n"
    },
    {
      "start": 19480,
      "stop": 20750,
      "text": "bcl\n"
    },
    {
      "start": 20750,
      "stop": 21010,
      "text": "b\n"
    },
    {
      "start": 21010,
      "stop": 23060,
      "text": "ih\n"
    },
    {
      "start": 23060,
      "stop": 23436,
      "text": "dx\n"
    },
    {
      "start": 23436,
      "stop": 25775,
      "text": "en\n"
    },
    {
      "start": 25775,
      "stop": 27018,
      "text": "q\n"
    },
    {
      "start": 27018,
      "stop": 27655,
      "text": "ax\n"
    },
    {
      "start": 27655,
      "stop": 28512,
      "text": "n\n"
    },
    {
      "start": 28512,
      "stop": 30763,
      "text": "s\n"
    },
    {
      "start": 30763,
      "stop": 31962,
      "text": "ah\n"
    },
    {
      "start": 31962,
      "stop": 33090,
      "text": "bcl\n"
    },
    {
      "start": 33090,
      "stop": 34172,
      "text": "jh\n"
    },
    {
      "start": 34172,
      "stop": 35775,
      "text": "eh\n"
    },
    {
      "start": 35775,
      "stop": 37389,
      "text": "kcl\n"
    },
    {
      "start": 37389,
      "stop": 37948,
      "text": "t\n"
    },
    {
      "start": 37948,
      "stop": 38391,
      "text": "ix\n"
    },
    {
      "start": 38391,
      "stop": 39654,
      "text": "pcl\n"
    },
    {
      "start": 39654,
      "stop": 40660,
      "text": "p\n"
    },
    {
      "start": 40660,
      "stop": 41880,
      "text": "eh\n"
    },
    {
      "start": 41880,
      "stop": 42440,
      "text": "n\n"
    },
    {
      "start": 42440,
      "stop": 43560,
      "text": "el\n"
    },
    {
      "start": 43560,
      "stop": 44450,
      "text": "tcl\n"
    },
    {
      "start": 44450,
      "stop": 45090,
      "text": "t\n"
    },
    {
      "start": 45090,
      "stop": 46189,
      "text": "iy\n"
    },
    {
      "start": 46189,
      "stop": 50000,
      "text": "h#\n"
    }
  ]
}