{
  "algo": "consensus",
  "birth_date": "03/16/59",
  "comments": "",
  "dialect": "New York City",
  "education": "Bachelor's Degree (BS or BA)",
  "height": 1.8288000000000002,
  "noise_dataset": null,
  "phoneme_times": [
    {
      "start": 0,
      "stop": 2120,
      "text": "h#\n"
    },
    {
      "start": 2120,
      "stop": 2660,
      "text": "hh\n"
    },
    {
      "start": 2660,
      "stop": 3685,
      "text": "iy\n"
    },
    {
      "start": 3685,
      "stop": 5220,
      "text": "th\n"
    },
    {
      "start": 5220,
      "stop": 7560,
      "text": "ao\n"
    },
    {
      "start": 7560,
      "stop": 8490,
      "text": "tcl\n"
    },
    {
      "start": 8490,
      "stop": 8720,
      "text": "t\n"
    },
    {
      "start": 8720,
      "stop": 9640,
      "text": "hh\n"
    },
    {
      "start": 9640,
      "stop": 10820,
      "text": "iy\n"
    },
    {
      "start": 10820,
      "stop": 12590,
      "text": "s\n"
    },
    {
      "start": 12590,
      "stop": 14188,
      "text": "ao\n"
    },
    {
      "start": 14188,
      "stop": 16041,
      "text": "ah\n"
    },
    {
      "start": 16041,
      "stop": 16984,
      "text": "pcl\n"
    },
    {
      "start": 16984,
      "stop": 17940,
      "text": "p\n"
    },
    {
      "start": 17940,
      "stop": 19216,
      "text": "ey\n"
    },
    {
      "start": 19216,
      "stop": 20479,
      "text": "l\n"
    },
    {
      "start": 20479,
      "stop": 22430,
      "text": "f\n"
    },
    {
      "start": 22430,
      "stop": 24772,
      "text": "ey\n"
    },
    {
      "start": 24772,
      "stop": 26100,
      "text": "s\n"
    },
    {
      "start": 26100,
      "stop": 27325,
      "text": "q\n"
    },
    {
      "start": 27325,
      "stop": 28360,
      "text": "ae\n"
    },
    {
      "start": 28360,
      "stop": 28840,
      "text": "dx\n"
    },
    {
      "start": 28840,
      "stop": 29837,
      "text": "ah\n"
    },
    {
      "start": 29837,
      "stop": 31061,
      "text": "w\n"
    },
    {
      "start": 31061,
      "stop": 32320,
      "text": "ix\n"
    },
    {
      "start": 32320,
      "stop": 33425,
      "text": "n\n"
    },
    {
      "start": 33425,
      "stop": 33636,
      "text": "dcl\n"
    },
    {
      "start": 33636,
      "stop": 33850,
      "text": "d\n"
    },
    {
      "start": 33850,
      "stop": 35829,
      "text": "ow\n"
    },
    {
      "start": 35829,
      "stop": 38240,
      "text": "h#\n"
    }
  ],
  "phonetic_codes": [
    "/hh iy1/",
    "/th ao1 t/",
    "/hh iy1/",
    "/s ao1/",
    "/ax/",
    "/p ey1 l/",
    "/f ey1 s/",
    "/ae1 t/",
    "/ax/"
  ],
  "race": "White",
  "recording_date": "04/21/86",
  "sentence": "He thought he saw a pale face at a window.",
  "sentence_id": "SI1663",
  "sentence_time": {
    "start": 0,
    "stop": 38298,
    "text": "He thought he saw a pale face at a window.\n"
  },
  "sex": "M",
  "speaker_id": "JFC0",
  "speech": "SI1663JFC0",
  "speech_dataset": "timit",
  "use": "System test speaker",
  "word_times": [
    {
      "start": 0,
      "stop": 2120,
      "text": "h#\n"
    },
    {
      "start": 2120,
      "stop": 2660,
      "text": "hh\n"
    },
    {
      "start": 2660,
      "stop": 3685,
      "text": "iy\n"
    },
    {
      "start": 3685,
      "stop": 5220,
      "text": "th\n"
    },
    {
      "start": 5220,
      "stop": 7560,
      "text": "ao\n"
    },
    {
      "start": 7560,
      "stop": 8490,
      "text": "tcl\n"
    },
    {
      "start": 8490,
      "stop": 8720,
      "text": "t\n"
    },
    {
      "start": 8720,
      "stop": 9640,
      "text": "hh\n"
    },
    {
      "start": 9640,
      "stop": 10820,
      "text": "iy\n"
    },
    {
      "start": 10820,
      "stop": 12590,
      "text": "s\n"
    },
    {
      "start": 12590,
      "stop": 14188,
      "text": "ao\n"
    },
    {
      "start": 14188,
      "stop": 16041,
      "text": "ah\n"
    },
    {
      "start": 16041,
      "stop": 16984,
      "text": "pcl\n"
    },
    {
      "start": 16984,
      "stop": 17940,
      "text": "p\n"
    },
    {
      "start": 17940,
      "stop": 19216,
      "text": "ey\n"
    },
    {
      "start": 19216,
      "stop": 20479,
      "text": "l\n"
    },
    {
      "start": 20479,
      "stop": 22430,
      "text": "f\n"
    },
    {
      "start": 22430,
      "stop": 24772,
      "text": "ey\n"
    },
    {
      "start": 24772,
      "stop": 26100,
      "text": "s\n"
    },
    {
      "start": 26100,
      "stop": 27325,
      "text": "q\n"
    },
    {
      "start": 27325,
      "stop": 28360,
      "text": "ae\n"
    },
    {
      "start": 28360,
      "stop": 28840,
      "text": "dx\n"
    },
    {
      "start": 28840,
      "stop": 29837,
      "text": "ah\n"
    },
    {
      "start": 29837,
      "stop": 31061,
      "text": "w\n"
    },
    {
      "start": 31061,
      "stop": 32320,
      "text": "ix\n"
    },
    {
      "start": 32320,
      "stop": 33425,
      "text": "n\n"
    },
    {
      "start": 33425,
      "stop": 33636,
      "text": "dcl\n"
    },
    {
      "start": 33636,
      "stop": 33850,
      "text": "d\n"
    },
    {
      "start": 33850,
      "stop": 35829,
      "text": "ow\n"
    },
    {
      "start": 35829,
      "stop": 38240,
      "text": "h#\n"
    }
  ]
}