{
  "algo": "consensus",
  "birth_date": "07/12/61",
  "comments": "",
  "dialect": "Southern",
  "education": "Bachelor's Degree (BS or BA)",
  "height": 1.8542000000000003,
  "noise_dataset": null,
  "phoneme_times": [
    {
      "start": 0,
      "stop": 2520,
      "text": "h#\n"
    },
    {
      "start": 2520,
      "stop": 3000,
      "text": "hh\n"
    },
    {
      "start": 3000,
      "stop": 3880,
      "text": "iy\n"
    },
    {
      "start": 3880,
      "stop": 4600,
      "text": "w\n"
    },
    {
      "start": 4600,
      "stop": 6600,
      "text": "ah\n"
    },
    {
      "start": 6600,
      "stop": 7640,
      "text": "z\n"
    },
    {
      "start": 7640,
      "stop": 8163,
      "text": "ax\n"
    },
    {
      "start": 8163,
      "stop": 9160,
      "text": "bcl\n"
    },
    {
      "start": 9160,
      "stop": 9560,
      "text": "b\n"
    },
    {
      "start": 9560,
      "stop": 11237,
      "text": "ah\n"
    },
    {
      "start": 11237,
      "stop": 12200,
      "text": "v\n"
    },
    {
      "start": 12200,
      "stop": 14830,
      "text": "ao\n"
    },
    {
      "start": 14830,
      "stop": 15440,
      "text": "l\n"
    },
    {
      "start": 15440,
      "stop": 16440,
      "text": "ax\n"
    },
    {
      "start": 16440,
      "stop": 18520,
      "text": "f\n"
    },
    {
      "start": 18520,
      "stop": 19133,
      "text": "r\n"
    },
    {
      "start": 19133,
      "stop": 20678,
      "text": "eh\n"
    },
    {
      "start": 20678,
      "stop": 21514,
      "text": "n\n"
    },
    {
      "start": 21514,
      "stop": 23720,
      "text": "s\n"
    },
    {
      "start": 23720,
      "stop": 25190,
      "text": "iy\n"
    },
    {
      "start": 25190,
      "stop": 25800,
      "text": "kcl\n"
    },
    {
      "start": 25800,
      "stop": 26802,
      "text": "k\n"
    },
    {
      "start": 26802,
      "stop": 27738,
      "text": "axr\n"
    },
    {
      "start": 27738,
      "stop": 28699,
      "text": "q\n"
    },
    {
      "start": 28699,
      "stop": 30040,
      "text": "ao\n"
    },
    {
      "start": 30040,
      "stop": 30920,
      "text": "m\n"
    },
    {
      "start": 30920,
      "stop": 32520,
      "text": "ow\n"
    },
    {
      "start": 32520,
      "stop": 33640,
      "text": "s\n"
    },
    {
      "start": 33640,
      "stop": 34120,
      "text": "tcl\n"
    },
    {
      "start": 34120,
      "stop": 34840,
      "text": "p\n"
    },
    {
      "start": 34840,
      "stop": 35400,
      "text": "ax\n"
    },
    {
      "start": 35400,
      "stop": 37000,
      "text": "th\n"
    },
    {
      "start": 37000,
      "stop": 38600,
      "text": "eh\n"
    },
    {
      "start": 38600,
      "stop": 39000,
      "text": "dx\n"
    },
    {
      "start": 39000,
      "stop": 40520,
      "text": "ix\n"
    },
    {
      "start": 40520,
      "stop": 41360,
      "text": "kcl\n"
    },
    {
      "start": 41360,
      "stop": 42234,
      "text": "k\n"
    },
    {
      "start": 42234,
      "stop": 42819,
      "text": "ix\n"
    },
    {
      "start": 42819,
      "stop": 43560,
      "text": "n\n"
    },
    {
      "start": 43560,
      "stop": 45000,
      "text": "ix\n"
    },
    {
      "start": 45000,
      "stop": 46400,
      "text": "z\n"
    },
    {
      "start": 46400,
      "stop": 47194,
      "text": "q\n"
    },
    {
      "start": 47194,
      "stop": 48572,
      "text": "iy\n"
    },
    {
      "start": 48572,
      "stop": 49320,
      "text": "gcl\n"
    },
    {
      "start": 49320,
      "stop": 50120,
      "text": "axr\n"
    },
    {
      "start": 50120,
      "stop": 50840,
      "text": "n\n"
    },
    {
      "start": 50840,
      "stop": 51960,
      "text": "ax\n"
    },
    {
      "start": 51960,
      "stop": 53669,
      "text": "s\n"
    },
    {
      "start": 53669,
      "stop": 54120,
      "text": "tcl\n"
    },
    {
      "start": 54120,
      "stop": 54640,
      "text": "t\n"
    },
    {
      "start": 54640,
      "stop": 55160,
      "text": "ax-h\n"
    },
    {
      "start": 55160,
      "stop": 55880,
      "text": "bcl\n"
    },
    {
      "start": 55880,
      "stop": 56200,
      "text": "b\n"
    },
    {
      "start": 56200,
      "stop": 57320,
      "text": "iy\n"
    },
    {
      "start": 57320,
      "stop": 58556,
      "text": "l\n"
    },
    {
      "start": 58556,
      "stop": 61439,
      "text": "ay\n"
    },
    {
      "start": 61439,
      "stop": 62760,
      "text": "kcl\n"
    },
    {
      "start": 62760,
      "stop": 63480,
      "text": "t\n"
    },
    {
      "start": 63480,
      "stop": 65360,
      "text": "h#\n"
    }
  ],
  "phonetic_codes": [
    "/hh iy1/",
    "/w ax z/",
    "/ax b ah1 v/",
    "/ao1 l/",
    "/ax/",
    "/f r eh1 n d/",
    "/ao1 l m ow1 s t/",
    "/p ax th eh1 t ih k/",
    "/ih1 n/",
    "/hh ih1 z/",
    "/iy1 g axr n ix s/",
    "/t uw1/",
    "/b iy1/"
  ],
  "race": "White",
  "recording_date": "02/11/86",
  "sentence": "He was above all a friend seeker, almost pathetic in his eagerness to be liked.",
  "sentence_id": "SI636",
  "sentence_time": {
    "start": 0,
    "stop": 65434,
    "text": "He was above all a friend seeker, almost pathetic in his eagerness to be liked.\n"
  },
  "sex": "M",
  "speaker_id": "DAS0",
  "speech": "SI636DAS0",
  "speech_dataset": "timit",
  "use": "System training speaker",
  "word_times": [
    {
      "start": 0,
      "stop": 2520,
      "text": "h#\n"
    },
    {
      "start": 2520,
      "stop": 3000,
      "text": "hh\n"
    },
    {
      "start": 3000,
      "stop": 3880,
      "text": "iy\n"
    },
    {
      "start": 3880,
      "stop": 4600,
      "text": "w\n"
    },
    {
      "start": 4600,
      "stop": 6600,
      "text": "ah\n"
    },
    {
      "start": 6600,
      "stop": 7640,
      "text": "z\n"
    },
    {
      "start": 7640,
      "stop": 8163,
      "text": "ax\n"
    },
    {
      "start": 8163,
      "stop": 9160,
      "text": "bcl\n"
    },
    {
      "start": 9160,
      "stop": 9560,
      "text": "b\n"
    },
    {
      "start": 9560,
      "stop": 11237,
      "text": "ah\n"
    },
    {
      "start": 11237,
      "stop": 12200,
      "text": "v\n"
    },
    {
      "start": 12200,
      "stop": 14830,
      "text": "ao\n"
    },
    {
      "start": 14830,
      "stop": 15440,
      "text": "l\n"
    },
    {
      "start": 15440,
      "stop": 16440,
      "text": "ax\n"
    },
    {
      "start": 16440,
      "stop": 18520,
      "text": "f\n"
    },
    {
      "start": 18520,
      "stop": 19133,
      "text": "r\n"
    },
    {
      "start": 19133,
      "stop": 20678,
      "text": "eh\n"
    },
    {
      "start": 20678,
      "stop": 21514,
      "text": "n\n"
    },
    {
      "start": 21514,
      "stop": 23720,
      "text": "s\n"
    },
    {
      "start": 23720,
      "stop": 25190,
      "text": "iy\n"
    },
    {
      "start": 25190,
      "stop": 25800,
      "text": "kcl\n"
    },
    {
      "start": 25800,
      "stop": 26802,
      "text": "k\n"
    },
    {
      "start": 26802,
      "stop": 27738,
      "text": "axr\n"
    },
    {
      "start": 27738,
      "stop": 28699,
      "text": "q\n"
    },
    {
      "start": 28699,
      "stop": 30040,
      "text": "ao\n"
    },
    {
      "start": 30040,
      "stop": 30920,
      "text": "m\n"
    },
    {
      "start": 30920,
      "stop": 32520,
      "text": "ow\n"
    },
    {
      "start": 32520,
      "stop": 33640,
      "text": "s\n"
    },
    {
      "start": 33640,
      "stop": 34120,
      "text": "tcl\n"
    },
    {
      "start": 34120,
      "stop": 34840,
      "text": "p\n"
    },
    {
      "start": 34840,
      "stop": 35400,
      "text": "ax\n"
    },
    {
      "start": 35400,
      "stop": 37000,
      "text": "th\n"
    },
    {
      "start": 37000,
      "stop": 38600,
      "text": "eh\n"
    },
    {
      "start": 38600,
      "stop": 39000,
      "text": "dx\n"
    },
    {
      "start": 39000,
      "stop": 40520,
      "text": "ix\n"
    },
    {
      "start": 40520,
      "stop": 41360,
      "text": "kcl\n"
    },
    {
      "start": 41360,
      "stop": 42234,
      "text": "k\n"
    },
    {
      "start": 42234,
      "stop": 42819,
      "text": "ix\n"
    },
    {
      "start": 42819,
      "stop": 43560,
      "text": "n\n"
    },
    {
      "start": 43560,
      "stop": 45000,
      "text": "ix\n"
    },
    {
      "start": 45000,
      "stop": 46400,
      "text": "z\n"
    },
    {
      "start": 46400,
      "stop": 47194,
      "text": "q\n"
    },
    {
      "start": 47194,
      "stop": 48572,
      "text": "iy\n"
    },
    {
      "start": 48572,
      "stop": 49320,
      "text": "gcl\n"
    },
    {
      "start": 49320,
      "stop": 50120,
      "text": "axr\n"
    },
    {
      "start": 50120,
      "stop": 50840,
      "text": "n\n"
    },
    {
      "start": 50840,
      "stop": 51960,
      "text": "ax\n"
    },
    {
      "start": 51960,
      "stop": 53669,
      "text": "s\n"
    },
    {
      "start": 53669,
      "stop": 54120,
      "text": "tcl\n"
    },
    {
      "start": 54120,
      "stop": 54640,
      "text": "t\n"
    },
    {
      "start": 54640,
      "stop": 55160,
      "text": "ax-h\n"
    },
    {
      "start": 55160,
      "stop": 55880,
      "text": "bcl\n"
    },
    {
      "start": 55880,
      "stop": 56200,
      "text": "b\n"
    },
    {
      "start": 56200,
      "stop": 57320,
      "text": "iy\n"
    },
    {
      "start": 57320,
      "stop": 58556,
      "text": "l\n"
    },
    {
      "start": 58556,
      "stop": 61439,
      "text": "ay\n"
    },
    {
      "start": 61439,
      "stop": 62760,
      "text": "kcl\n"
    },
    {
      "start": 62760,
      "stop": 63480,
      "text": "t\n"
    },
    {
      "start": 63480,
      "stop": 65360,
      "text": "h#\n"
    }
  ]
}