{
  "algo": "consensus",
  "birth_date": "10/21/63",
  "comments": "",
  "dialect": "Northern",
  "education": "Bachelor's Degree (BS or BA)",
  "height": 1.8796000000000002,
  "noise_dataset": null,
  "phoneme_times": [
    {
      "start": 0,
      "stop": 2280,
      "text": "h#\n"
    },
    {
      "start": 2280,
      "stop": 2600,
      "text": "dh\n"
    },
    {
      "start": 2600,
      "stop": 3639,
      "text": "eh\n"
    },
    {
      "start": 3639,
      "stop": 4160,
      "text": "r\n"
    },
    {
      "start": 4160,
      "stop": 4887,
      "text": "w\n"
    },
    {
      "start": 4887,
      "stop": 5560,
      "text": "ax\n"
    },
    {
      "start": 5560,
      "stop": 6600,
      "text": "z\n"
    },
    {
      "start": 6600,
      "stop": 7640,
      "text": "ax\n"
    },
    {
      "start": 7640,
      "stop": 8680,
      "text": "dcl\n"
    },
    {
      "start": 8680,
      "stop": 9480,
      "text": "jh\n"
    },
    {
      "start": 9480,
      "stop": 11880,
      "text": "ay\n"
    },
    {
      "start": 11880,
      "stop": 13080,
      "text": "gcl\n"
    },
    {
      "start": 13080,
      "stop": 13720,
      "text": "g\n"
    },
    {
      "start": 13720,
      "stop": 16040,
      "text": "ae\n"
    },
    {
      "start": 16040,
      "stop": 16440,
      "text": "n\n"
    },
    {
      "start": 16440,
      "stop": 17160,
      "text": "tcl\n"
    },
    {
      "start": 17160,
      "stop": 17960,
      "text": "t\n"
    },
    {
      "start": 17960,
      "stop": 18600,
      "text": "ix\n"
    },
    {
      "start": 18600,
      "stop": 19320,
      "text": "kcl\n"
    },
    {
      "start": 19320,
      "stop": 20440,
      "text": "k\n"
    },
    {
      "start": 20440,
      "stop": 21800,
      "text": "w\n"
    },
    {
      "start": 21800,
      "stop": 25817,
      "text": "aa\n"
    },
    {
      "start": 25817,
      "stop": 27195,
      "text": "s\n"
    },
    {
      "start": 27195,
      "stop": 29625,
      "text": "pcl\n"
    },
    {
      "start": 29625,
      "stop": 30454,
      "text": "n\n"
    },
    {
      "start": 30454,
      "stop": 31800,
      "text": "eh\n"
    },
    {
      "start": 31800,
      "stop": 32439,
      "text": "kcl\n"
    },
    {
      "start": 32439,
      "stop": 32784,
      "text": "k\n"
    },
    {
      "start": 32784,
      "stop": 34046,
      "text": "s\n"
    },
    {
      "start": 34046,
      "stop": 34600,
      "text": "tcl\n"
    },
    {
      "start": 34600,
      "stop": 35240,
      "text": "t\n"
    },
    {
      "start": 35240,
      "stop": 35640,
      "text": "ix\n"
    },
    {
      "start": 35640,
      "stop": 37556,
      "text": "q\n"
    },
    {
      "start": 37556,
      "stop": 39895,
      "text": "er\n"
    },
    {
      "start": 39895,
      "stop": 40772,
      "text": "v\n"
    },
    {
      "start": 40772,
      "stop": 41817,
      "text": "ih\n"
    },
    {
      "start": 41817,
      "stop": 43238,
      "text": "ng\n"
    },
    {
      "start": 43238,
      "stop": 43440,
      "text": "g\n"
    },
    {
      "start": 43440,
      "stop": 44840,
      "text": "z\n"
    },
    {
      "start": 44840,
      "stop": 46440,
      "text": "bcl\n"
    },
    {
      "start": 46440,
      "stop": 46840,
      "text": "b\n"
    },
    {
      "start": 46840,
      "stop": 48280,
      "text": "ih\n"
    },
    {
      "start": 48280,
      "stop": 50920,
      "text": "gcl\n"
    },
    {
      "start": 50920,
      "stop": 52383,
      "text": "t\n"
    },
    {
      "start": 52383,
      "stop": 54440,
      "text": "aa\n"
    },
    {
      "start": 54440,
      "stop": 55680,
      "text": "pcl\n"
    },
    {
      "start": 55680,
      "stop": 56097,
      "text": "p\n"
    },
    {
      "start": 56097,
      "stop": 56933,
      "text": "hv\n"
    },
    {
      "start": 56933,
      "stop": 60360,
      "text": "ae\n"
    },
    {
      "start": 60360,
      "stop": 61340,
      "text": "tcl\n"
    },
    {
      "start": 61340,
      "stop": 62320,
      "text": "h#\n"
    }
  ],
  "phonetic_codes": [
    "/dh ae1 r/",
    "/w ax z/",
    "/ax/",
    "/jh ay g ae1 n t ih k/",
    "/w aa1 s p/",
    "/n eh1 k s t/",
    "/t uw1/",
    "/er1 v ix ng z/",
    "/b ih1 g/",
    "/t aa1 p/"
  ],
  "race": "White",
  "recording_date": "01/23/86",
  "sentence": "There was a gigantic wasp next to Irving's big top hat.",
  "sentence_id": "SX406",
  "sentence_time": {
    "start": 0,
    "stop": 62363,
    "text": "There was a gigantic wasp next to Irving's big top hat.\n"
  },
  "sex": "M",
  "speaker_id": "MAG0",
  "speech": "SX406MAG0",
  "speech_dataset": "timit",
  "use": "System training speaker",
  "word_times": [
    {
      "start": 0,
      "stop": 2280,
      "text": "h#\n"
    },
    {
      "start": 2280,
      "stop": 2600,
      "text": "dh\n"
    },
    {
      "start": 2600,
      "stop": 3639,
      "text": "eh\n"
    },
    {
      "start": 3639,
      "stop": 4160,
      "text": "r\n"
    },
    {
      "start": 4160,
      "stop": 4887,
      "text": "w\n"
    },
    {
      "start": 4887,
      "stop": 5560,
      "text": "ax\n"
    },
    {
      "start": 5560,
      "stop": 6600,
      "text": "z\n"
    },
    {
      "start": 6600,
      "stop": 7640,
      "text": "ax\n"
    },
    {
      "start": 7640,
      "stop": 8680,
      "text": "dcl\n"
    },
    {
      "start": 8680,
      "stop": 9480,
      "text": "jh\n"
    },
    {
      "start": 9480,
      "stop": 11880,
      "text": "ay\n"
    },
    {
      "start": 11880,
      "stop": 13080,
      "text": "gcl\n"
    },
    {
      "start": 13080,
      "stop": 13720,
      "text": "g\n"
    },
    {
      "start": 13720,
      "stop": 16040,
      "text": "ae\n"
    },
    {
      "start": 16040,
      "stop": 16440,
      "text": "n\n"
    },
    {
      "start": 16440,
      "stop": 17160,
      "text": "tcl\n"
    },
    {
      "start": 17160,
      "stop": 17960,
      "text": "t\n"
    },
    {
      "start": 17960,
      "stop": 18600,
      "text": "ix\n"
    },
    {
      "start": 18600,
      "stop": 19320,
      "text": "kcl\n"
    },
    {
      "start": 19320,
      "stop": 20440,
      "text": "k\n"
    },
    {
      "start": 20440,
      "stop": 21800,
      "text": "w\n"
    },
    {
      "start": 21800,
      "stop": 25817,
      "text": "aa\n"
    },
    {
      "start": 25817,
      "stop": 27195,
      "text": "s\n"
    },
    {
      "start": 27195,
      "stop": 29625,
      "text": "pcl\n"
    },
    {
      "start": 29625,
      "stop": 30454,
      "text": "n\n"
    },
    {
      "start": 30454,
      "stop": 31800,
      "text": "eh\n"
    },
    {
      "start": 31800,
      "stop": 32439,
      "text": "kcl\n"
    },
    {
      "start": 32439,
      "stop": 32784,
      "text": "k\n"
    },
    {
      "start": 32784,
      "stop": 34046,
      "text": "s\n"
    },
    {
      "start": 34046,
      "stop": 34600,
      "text": "tcl\n"
    },
    {
      "start": 34600,
      "stop": 35240,
      "text": "t\n"
    },
    {
      "start": 35240,
      "stop": 35640,
      "text": "ix\n"
    },
    {
      "start": 35640,
      "stop": 37556,
      "text": "q\n"
    },
    {
      "start": 37556,
      "stop": 39895,
      "text": "er\n"
    },
    {
      "start": 39895,
      "stop": 40772,
      "text": "v\n"
    },
    {
      "start": 40772,
      "stop": 41817,
      "text": "ih\n"
    },
    {
      "start": 41817,
      "stop": 43238,
      "text": "ng\n"
    },
    {
      "start": 43238,
      "stop": 43440,
      "text": "g\n"
    },
    {
      "start": 43440,
      "stop": 44840,
      "text": "z\n"
    },
    {
      "start": 44840,
      "stop": 46440,
      "text": "bcl\n"
    },
    {
      "start": 46440,
      "stop": 46840,
      "text": "b\n"
    },
    {
      "start": 46840,
      "stop": 48280,
      "text": "ih\n"
    },
    {
      "start": 48280,
      "stop": 50920,
      "text": "gcl\n"
    },
    {
      "start": 50920,
      "stop": 52383,
      "text": "t\n"
    },
    {
      "start": 52383,
      "stop": 54440,
      "text": "aa\n"
    },
    {
      "start": 54440,
      "stop": 55680,
      "text": "pcl\n"
    },
    {
      "start": 55680,
      "stop": 56097,
      "text": "p\n"
    },
    {
      "start": 56097,
      "stop": 56933,
      "text": "hv\n"
    },
    {
      "start": 56933,
      "stop": 60360,
      "text": "ae\n"
    },
    {
      "start": 60360,
      "stop": 61340,
      "text": "tcl\n"
    },
    {
      "start": 61340,
      "stop": 62320,
      "text": "h#\n"
    }
  ]
}