{
  "algo": "consensus",
  "birth_date": "10/26/58",
  "comments": "",
  "dialect": "Northern",
  "education": "Bachelor's Degree (BS or BA)",
  "height": 1.6764000000000001,
  "noise_dataset": null,
  "phoneme_times": [
    {
      "start": 0,
      "stop": 2360,
      "text": "h#\n"
    },
    {
      "start": 2360,
      "stop": 4920,
      "text": "sh\n"
    },
    {
      "start": 4920,
      "stop": 6200,
      "text": "iy\n"
    },
    {
      "start": 6200,
      "stop": 6840,
      "text": "kcl\n"
    },
    {
      "start": 6840,
      "stop": 7880,
      "text": "k\n"
    },
    {
      "start": 7880,
      "stop": 9065,
      "text": "ih\n"
    },
    {
      "start": 9065,
      "stop": 9483,
      "text": "n\n"
    },
    {
      "start": 9483,
      "stop": 10276,
      "text": "r\n"
    },
    {
      "start": 10276,
      "stop": 11800,
      "text": "iy\n"
    },
    {
      "start": 11800,
      "stop": 13000,
      "text": "m\n"
    },
    {
      "start": 13000,
      "stop": 16960,
      "text": "uw\n"
    },
    {
      "start": 16960,
      "stop": 17629,
      "text": "v\n"
    },
    {
      "start": 17629,
      "stop": 20280,
      "text": "q\n"
    },
    {
      "start": 20280,
      "stop": 22306,
      "text": "ao\n"
    },
    {
      "start": 22306,
      "stop": 23320,
      "text": "l\n"
    },
    {
      "start": 23320,
      "stop": 24313,
      "text": "n\n"
    },
    {
      "start": 24313,
      "stop": 26040,
      "text": "ih\n"
    },
    {
      "start": 26040,
      "stop": 26520,
      "text": "kcl\n"
    },
    {
      "start": 26520,
      "stop": 27160,
      "text": "n\n"
    },
    {
      "start": 27160,
      "stop": 30200,
      "text": "ae\n"
    },
    {
      "start": 30200,
      "stop": 30997,
      "text": "kcl\n"
    },
    {
      "start": 30997,
      "stop": 33080,
      "text": "s\n"
    },
    {
      "start": 33080,
      "stop": 35400,
      "text": "pau\n"
    },
    {
      "start": 35400,
      "stop": 36177,
      "text": "w\n"
    },
    {
      "start": 36177,
      "stop": 36760,
      "text": "ix\n"
    },
    {
      "start": 36760,
      "stop": 38280,
      "text": "th\n"
    },
    {
      "start": 38280,
      "stop": 39800,
      "text": "ih\n"
    },
    {
      "start": 39800,
      "stop": 40939,
      "text": "n\n"
    },
    {
      "start": 40939,
      "stop": 43070,
      "text": "r\n"
    },
    {
      "start": 43070,
      "stop": 45400,
      "text": "iy\n"
    },
    {
      "start": 45400,
      "stop": 47080,
      "text": "tcl\n"
    },
    {
      "start": 47080,
      "stop": 49800,
      "text": "ch\n"
    },
    {
      "start": 49800,
      "stop": 57200,
      "text": "h#\n"
    }
  ],
  "phonetic_codes": [
    "/sh iy1/",
    "/k ae1 n/",
    "/r ih m uw1 v/",
    "/ao1 l/",
    "/n ih1 k n ae2 k s/",
    "/w ih2 dh ih1 n/"
  ],
  "race": "White",
  "recording_date": "01/31/86",
  "sentence": "She can remove all knick-knacks within reach.",
  "sentence_id": "SI578",
  "sentence_time": {
    "start": 0,
    "stop": 57242,
    "text": "She can remove all knick-knacks within reach.\n"
  },
  "sex": "F",
  "speaker_id": "KAA0",
  "speech": "SI578KAA0",
  "speech_dataset": "timit",
  "use": "System training speaker",
  "word_times": [
    {
      "start": 0,
      "stop": 2360,
      "text": "h#\n"
    },
    {
      "start": 2360,
      "stop": 4920,
      "text": "sh\n"
    },
    {
      "start": 4920,
      "stop": 6200,
      "text": "iy\n"
    },
    {
      "start": 6200,
      "stop": 6840,
      "text": "kcl\n"
    },
    {
      "start": 6840,
      "stop": 7880,
      "text": "k\n"
    },
    {
      "start": 7880,
      "stop": 9065,
      "text": "ih\n"
    },
    {
      "start": 9065,
      "stop": 9483,
      "text": "n\n"
    },
    {
      "start": 9483,
      "stop": 10276,
      "text": "r\n"
    },
    {
      "start": 10276,
      "stop": 11800,
      "text": "iy\n"
    },
    {
      "start": 11800,
      "stop": 13000,
      "text": "m\n"
    },
    {
      "start": 13000,
      "stop": 16960,
      "text": "uw\n"
    },
    {
      "start": 16960,
      "stop": 17629,
      "text": "v\n"
    },
    {
      "start": 17629,
      "stop": 20280,
      "text": "q\n"
    },
    {
      "start": 20280,
      "stop": 22306,
      "text": "ao\n"
    },
    {
      "start": 22306,
      "stop": 23320,
      "text": "l\n"
    },
    {
      "start": 23320,
      "stop": 24313,
      "text": "n\n"
    },
    {
      "start": 24313,
      "stop": 26040,
      "text": "ih\n"
    },
    {
      "start": 26040,
      "stop": 26520,
      "text": "kcl\n"
    },
    {
      "start": 26520,
      "stop": 27160,
      "text": "n\n"
    },
    {
      "start": 27160,
      "stop": 30200,
      "text": "ae\n"
    },
    {
      "start": 30200,
      "stop": 30997,
      "text": "kcl\n"
    },
    {
      "start": 30997,
      "stop": 33080,
      "text": "s\n"
    },
    {
      "start": 33080,
      "stop": 35400,
      "text": "pau\n"
    },
    {
      "start": 35400,
      "stop": 36177,
      "text": "w\n"
    },
    {
      "start": 36177,
      "stop": 36760,
      "text": "ix\n"
    },
    {
      "start": 36760,
      "stop": 38280,
      "text": "th\n"
    },
    {
      "start": 38280,
      "stop": 39800,
      "text": "ih\n"
    },
    {
      "start": 39800,
      "stop": 40939,
      "text": "n\n"
    },
    {
      "start": 40939,
      "stop": 43070,
      "text": "r\n"
    },
    {
      "start": 43070,
      "stop": 45400,
      "text": "iy\n"
    },
    {
      "start": 45400,
      "stop": 47080,
      "text": "tcl\n"
    },
    {
      "start": 47080,
      "stop": 49800,
      "text": "ch\n"
    },
    {
      "start": 49800,
      "stop": 57200,
      "text": "h#\n"
    }
  ]
}