{
  "algo": "consensus",
  "birth_date": "03/18/60",
  "comments": "",
  "dialect": "South Midland",
  "education": "Bachelor's Degree (BS or BA)",
  "height": 1.7272,
  "noise_dataset": null,
  "phoneme_times": [
    {
      "start": 0,
      "stop": 2422,
      "text": "h#\n"
    },
    {
      "start": 2422,
      "stop": 3640,
      "text": "ae\n"
    },
    {
      "start": 3640,
      "stop": 4200,
      "text": "m\n"
    },
    {
      "start": 4200,
      "stop": 4833,
      "text": "bcl\n"
    },
    {
      "start": 4833,
      "stop": 4983,
      "text": "b\n"
    },
    {
      "start": 4983,
      "stop": 5389,
      "text": "ix\n"
    },
    {
      "start": 5389,
      "stop": 6200,
      "text": "dcl\n"
    },
    {
      "start": 6200,
      "stop": 6480,
      "text": "d\n"
    },
    {
      "start": 6480,
      "stop": 7800,
      "text": "eh\n"
    },
    {
      "start": 7800,
      "stop": 8594,
      "text": "kcl\n"
    },
    {
      "start": 8594,
      "stop": 8874,
      "text": "k\n"
    },
    {
      "start": 8874,
      "stop": 10778,
      "text": "s\n"
    },
    {
      "start": 10778,
      "stop": 11362,
      "text": "r\n"
    },
    {
      "start": 11362,
      "stop": 12360,
      "text": "ih\n"
    },
    {
      "start": 12360,
      "stop": 13960,
      "text": "s\n"
    },
    {
      "start": 13960,
      "stop": 14760,
      "text": "pcl\n"
    },
    {
      "start": 14760,
      "stop": 15320,
      "text": "p\n"
    },
    {
      "start": 15320,
      "stop": 16280,
      "text": "ih\n"
    },
    {
      "start": 16280,
      "stop": 17640,
      "text": "kcl\n"
    },
    {
      "start": 17640,
      "stop": 18255,
      "text": "p\n"
    },
    {
      "start": 18255,
      "stop": 20200,
      "text": "aa\n"
    },
    {
      "start": 20200,
      "stop": 21080,
      "text": "kcl\n"
    },
    {
      "start": 21080,
      "stop": 21720,
      "text": "k\n"
    },
    {
      "start": 21720,
      "stop": 22200,
      "text": "ix\n"
    },
    {
      "start": 22200,
      "stop": 22839,
      "text": "tcl\n"
    },
    {
      "start": 22839,
      "stop": 23640,
      "text": "s\n"
    },
    {
      "start": 23640,
      "stop": 24280,
      "text": "ax\n"
    },
    {
      "start": 24280,
      "stop": 24840,
      "text": "kcl\n"
    },
    {
      "start": 24840,
      "stop": 25524,
      "text": "k\n"
    },
    {
      "start": 25524,
      "stop": 27070,
      "text": "aa\n"
    },
    {
      "start": 27070,
      "stop": 27342,
      "text": "m\n"
    },
    {
      "start": 27342,
      "stop": 27960,
      "text": "pcl\n"
    },
    {
      "start": 27960,
      "stop": 28449,
      "text": "p\n"
    },
    {
      "start": 28449,
      "stop": 28717,
      "text": "l\n"
    },
    {
      "start": 28717,
      "stop": 29240,
      "text": "ih\n"
    },
    {
      "start": 29240,
      "stop": 30320,
      "text": "sh\n"
    },
    {
      "start": 30320,
      "stop": 30920,
      "text": "epi\n"
    },
    {
      "start": 30920,
      "stop": 31498,
      "text": "m\n"
    },
    {
      "start": 31498,
      "stop": 33629,
      "text": "ao\n"
    },
    {
      "start": 33629,
      "stop": 35133,
      "text": "r\n"
    },
    {
      "start": 35133,
      "stop": 37200,
      "text": "h#\n"
    }
  ],
  "phonetic_codes": [
    "/ae2 m b ih d eh1 k s t r ix s/",
    "/p ih1 k p aa2 k ix t s/",
    "/ax k aa1 m p l ih sh/"
  ],
  "race": "White",
  "recording_date": "02/03/86",
  "sentence": "Ambidextrous pickpockets accomplish more.",
  "sentence_id": "SX51",
  "sentence_time": {
    "start": 0,
    "stop": 37274,
    "text": "Ambidextrous pickpockets accomplish more.\n"
  },
  "sex": "M",
  "speaker_id": "SRG0",
  "speech": "SX51SRG0",
  "speech_dataset": "timit",
  "use": "System training speaker",
  "word_times": [
    {
      "start": 0,
      "stop": 2422,
      "text": "h#\n"
    },
    {
      "start": 2422,
      "stop": 3640,
      "text": "ae\n"
    },
    {
      "start": 3640,
      "stop": 4200,
      "text": "m\n"
    },
    {
      "start": 4200,
      "stop": 4833,
      "text": "bcl\n"
    },
    {
      "start": 4833,
      "stop": 4983,
      "text": "b\n"
    },
    {
      "start": 4983,
      "stop": 5389,
      "text": "ix\n"
    },
    {
      "start": 5389,
      "stop": 6200,
      "text": "dcl\n"
    },
    {
      "start": 6200,
      "stop": 6480,
      "text": "d\n"
    },
    {
      "start": 6480,
      "stop": 7800,
      "text": "eh\n"
    },
    {
      "start": 7800,
      "stop": 8594,
      "text": "kcl\n"
    },
    {
      "start": 8594,
      "stop": 8874,
      "text": "k\n"
    },
    {
      "start": 8874,
      "stop": 10778,
      "text": "s\n"
    },
    {
      "start": 10778,
      "stop": 11362,
      "text": "r\n"
    },
    {
      "start": 11362,
      "stop": 12360,
      "text": "ih\n"
    },
    {
      "start": 12360,
      "stop": 13960,
      "text": "s\n"
    },
    {
      "start": 13960,
      "stop": 14760,
      "text": "pcl\n"
    },
    {
      "start": 14760,
      "stop": 15320,
      "text": "p\n"
    },
    {
      "start": 15320,
      "stop": 16280,
      "text": "ih\n"
    },
    {
      "start": 16280,
      "stop": 17640,
      "text": "kcl\n"
    },
    {
      "start": 17640,
      "stop": 18255,
      "text": "p\n"
    },
    {
      "start": 18255,
      "stop": 20200,
      "text": "aa\n"
    },
    {
      "start": 20200,
      "stop": 21080,
      "text": "kcl\n"
    },
    {
      "start": 21080,
      "stop": 21720,
      "text": "k\n"
    },
    {
      "start": 21720,
      "stop": 22200,
      "text": "ix\n"
    },
    {
      "start": 22200,
      "stop": 22839,
      "text": "tcl\n"
    },
    {
      "start": 22839,
      "stop": 23640,
      "text": "s\n"
    },
    {
      "start": 23640,
      "stop": 24280,
      "text": "ax\n"
    },
    {
      "start": 24280,
      "stop": 24840,
      "text": "kcl\n"
    },
    {
      "start": 24840,
      "stop": 25524,
      "text": "k\n"
    },
    {
      "start": 25524,
      "stop": 27070,
      "text": "aa\n"
    },
    {
      "start": 27070,
      "stop": 27342,
      "text": "m\n"
    },
    {
      "start": 27342,
      "stop": 27960,
      "text": "pcl\n"
    },
    {
      "start": 27960,
      "stop": 28449,
      "text": "p\n"
    },
    {
      "start": 28449,
      "stop": 28717,
      "text": "l\n"
    },
    {
      "start": 28717,
      "stop": 29240,
      "text": "ih\n"
    },
    {
      "start": 29240,
      "stop": 30320,
      "text": "sh\n"
    },
    {
      "start": 30320,
      "stop": 30920,
      "text": "epi\n"
    },
    {
      "start": 30920,
      "stop": 31498,
      "text": "m\n"
    },
    {
      "start": 31498,
      "stop": 33629,
      "text": "ao\n"
    },
    {
      "start": 33629,
      "stop": 35133,
      "text": "r\n"
    },
    {
      "start": 35133,
      "stop": 37200,
      "text": "h#\n"
    }
  ]
}