{
  "algo": "consensus",
  "birth_date": "03/19/63",
  "comments": "",
  "dialect": "New England",
  "education": "Bachelor's Degree (BS or BA)",
  "height": 1.6764000000000001,
  "noise_dataset": null,
  "phoneme_times": [
    {
      "start": 0,
      "stop": 2185,
      "text": "h#\n"
    },
    {
      "start": 2185,
      "stop": 2548,
      "text": "n\n"
    },
    {
      "start": 2548,
      "stop": 4428,
      "text": "aw\n"
    },
    {
      "start": 4428,
      "stop": 6040,
      "text": "f\n"
    },
    {
      "start": 6040,
      "stop": 6920,
      "text": "ix\n"
    },
    {
      "start": 6920,
      "stop": 7560,
      "text": "gcl\n"
    },
    {
      "start": 7560,
      "stop": 10109,
      "text": "eh\n"
    },
    {
      "start": 10109,
      "stop": 11853,
      "text": "q\n"
    },
    {
      "start": 11853,
      "stop": 13391,
      "text": "ao\n"
    },
    {
      "start": 13391,
      "stop": 14161,
      "text": "l\n"
    },
    {
      "start": 14161,
      "stop": 14830,
      "text": "dh\n"
    },
    {
      "start": 14830,
      "stop": 15880,
      "text": "ih\n"
    },
    {
      "start": 15880,
      "stop": 17480,
      "text": "s\n"
    },
    {
      "start": 17480,
      "stop": 18798,
      "text": "q\n"
    },
    {
      "start": 18798,
      "stop": 20344,
      "text": "ah\n"
    },
    {
      "start": 20344,
      "stop": 21054,
      "text": "dh\n"
    },
    {
      "start": 21054,
      "stop": 23268,
      "text": "er\n"
    },
    {
      "start": 23268,
      "stop": 25600,
      "text": "h#\n"
    }
  ],
  "phonetic_codes": [
    "/n aw1/",
    "/f ao r g eh1 t/",
    "/ao1 l/",
    "/dh ih1 s/"
  ],
  "race": "White",
  "recording_date": "01/24/86",
  "sentence": "Now forget all this other.",
  "sentence_id": "SI2075",
  "sentence_time": {
    "start": 0,
    "stop": 25601,
    "text": "Now forget all this other.\n"
  },
  "sex": "F",
  "speaker_id": "DML0",
  "speech": "SI2075DML0",
  "speech_dataset": "timit",
  "use": "System training speaker",
  "word_times": [
    {
      "start": 0,
      "stop": 2185,
      "text": "h#\n"
    },
    {
      "start": 2185,
      "stop": 2548,
      "text": "n\n"
    },
    {
      "start": 2548,
      "stop": 4428,
      "text": "aw\n"
    },
    {
      "start": 4428,
      "stop": 6040,
      "text": "f\n"
    },
    {
      "start": 6040,
      "stop": 6920,
      "text": "ix\n"
    },
    {
      "start": 6920,
      "stop": 7560,
      "text": "gcl\n"
    },
    {
      "start": 7560,
      "stop": 10109,
      "text": "eh\n"
    },
    {
      "start": 10109,
      "stop": 11853,
      "text": "q\n"
    },
    {
      "start": 11853,
      "stop": 13391,
      "text": "ao\n"
    },
    {
      "start": 13391,
      "stop": 14161,
      "text": "l\n"
    },
    {
      "start": 14161,
      "stop": 14830,
      "text": "dh\n"
    },
    {
      "start": 14830,
      "stop": 15880,
      "text": "ih\n"
    },
    {
      "start": 15880,
      "stop": 17480,
      "text": "s\n"
    },
    {
      "start": 17480,
      "stop": 18798,
      "text": "q\n"
    },
    {
      "start": 18798,
      "stop": 20344,
      "text": "ah\n"
    },
    {
      "start": 20344,
      "stop": 21054,
      "text": "dh\n"
    },
    {
      "start": 21054,
      "stop": 23268,
      "text": "er\n"
    },
    {
      "start": 23268,
      "stop": 25600,
      "text": "h#\n"
    }
  ]
}