{
  "algo": "consensus",
  "birth_date": "07/05/60",
  "comments": "",
  "dialect": "Western",
  "education": "Bachelor's Degree (BS or BA)",
  "height": 1.8288000000000002,
  "noise_dataset": null,
  "phoneme_times": [
    {
      "start": 0,
      "stop": 2170,
      "text": "h#\n"
    },
    {
      "start": 2170,
      "stop": 2650,
      "text": "b\n"
    },
    {
      "start": 2650,
      "stop": 3680,
      "text": "ah\n"
    },
    {
      "start": 3680,
      "stop": 4040,
      "text": "dx\n"
    },
    {
      "start": 4040,
      "stop": 5078,
      "text": "axr\n"
    },
    {
      "start": 5078,
      "stop": 6169,
      "text": "s\n"
    },
    {
      "start": 6169,
      "stop": 6970,
      "text": "kcl\n"
    },
    {
      "start": 6970,
      "stop": 7280,
      "text": "k\n"
    },
    {
      "start": 7280,
      "stop": 8640,
      "text": "aa\n"
    },
    {
      "start": 8640,
      "stop": 9190,
      "text": "tcl\n"
    },
    {
      "start": 9190,
      "stop": 10318,
      "text": "ch\n"
    },
    {
      "start": 10318,
      "stop": 11640,
      "text": "f\n"
    },
    {
      "start": 11640,
      "stop": 13680,
      "text": "ah\n"
    },
    {
      "start": 13680,
      "stop": 14160,
      "text": "dcl\n"
    },
    {
      "start": 14160,
      "stop": 15248,
      "text": "jh\n"
    },
    {
      "start": 15248,
      "stop": 16330,
      "text": "gcl\n"
    },
    {
      "start": 16330,
      "stop": 16770,
      "text": "g\n"
    },
    {
      "start": 16770,
      "stop": 18673,
      "text": "ow\n"
    },
    {
      "start": 18673,
      "stop": 19620,
      "text": "z\n"
    },
    {
      "start": 19620,
      "stop": 20251,
      "text": "epi\n"
    },
    {
      "start": 20251,
      "stop": 21472,
      "text": "w\n"
    },
    {
      "start": 21472,
      "stop": 23227,
      "text": "eh\n"
    },
    {
      "start": 23227,
      "stop": 24104,
      "text": "l\n"
    },
    {
      "start": 24104,
      "stop": 25357,
      "text": "w\n"
    },
    {
      "start": 25357,
      "stop": 26060,
      "text": "ax\n"
    },
    {
      "start": 26060,
      "stop": 27446,
      "text": "th\n"
    },
    {
      "start": 27446,
      "stop": 28460,
      "text": "f\n"
    },
    {
      "start": 28460,
      "stop": 28834,
      "text": "ax\n"
    },
    {
      "start": 28834,
      "stop": 29925,
      "text": "n\n"
    },
    {
      "start": 29925,
      "stop": 31498,
      "text": "eh\n"
    },
    {
      "start": 31498,
      "stop": 32543,
      "text": "l\n"
    },
    {
      "start": 32543,
      "stop": 33176,
      "text": "ax\n"
    },
    {
      "start": 33176,
      "stop": 34689,
      "text": "q\n"
    },
    {
      "start": 34689,
      "stop": 36370,
      "text": "ay\n"
    },
    {
      "start": 36370,
      "stop": 37409,
      "text": "s\n"
    },
    {
      "start": 37409,
      "stop": 38180,
      "text": "kcl\n"
    },
    {
      "start": 38180,
      "stop": 39030,
      "text": "k\n"
    },
    {
      "start": 39030,
      "stop": 39428,
      "text": "r\n"
    },
    {
      "start": 39428,
      "stop": 40448,
      "text": "ix\n"
    },
    {
      "start": 40448,
      "stop": 41115,
      "text": "m\n"
    },
    {
      "start": 41115,
      "stop": 43920,
      "text": "h#\n"
    }
  ],
  "phonetic_codes": [
    "/b ah1 t axr s k aa2 ch/",
    "/f ah1 jh/",
    "/g ow1 z/",
    "/w eh1 l/",
    "/w ih1 dh/",
    "/v ax n ih1 l ax/",
    "/ay1 s/"
  ],
  "race": "White",
  "recording_date": "04/23/86",
  "sentence": "Butterscotch fudge goes well with vanilla ice cream.",
  "sentence_id": "SX411",
  "sentence_time": {
    "start": 0,
    "stop": 44032,
    "text": "Butterscotch fudge goes well with vanilla ice cream.\n"
  },
  "sex": "M",
  "speaker_id": "RLJ1",
  "speech": "SX411RLJ1",
  "speech_dataset": "timit",
  "use": "System training speaker",
  "word_times": [
    {
      "start": 0,
      "stop": 2170,
      "text": "h#\n"
    },
    {
      "start": 2170,
      "stop": 2650,
      "text": "b\n"
    },
    {
      "start": 2650,
      "stop": 3680,
      "text": "ah\n"
    },
    {
      "start": 3680,
      "stop": 4040,
      "text": "dx\n"
    },
    {
      "start": 4040,
      "stop": 5078,
      "text": "axr\n"
    },
    {
      "start": 5078,
      "stop": 6169,
      "text": "s\n"
    },
    {
      "start": 6169,
      "stop": 6970,
      "text": "kcl\n"
    },
    {
      "start": 6970,
      "stop": 7280,
      "text": "k\n"
    },
    {
      "start": 7280,
      "stop": 8640,
      "text": "aa\n"
    },
    {
      "start": 8640,
      "stop": 9190,
      "text": "tcl\n"
    },
    {
      "start": 9190,
      "stop": 10318,
      "text": "ch\n"
    },
    {
      "start": 10318,
      "stop": 11640,
      "text": "f\n"
    },
    {
      "start": 11640,
      "stop": 13680,
      "text": "ah\n"
    },
    {
      "start": 13680,
      "stop": 14160,
      "text": "dcl\n"
    },
    {
      "start": 14160,
      "stop": 15248,
      "text": "jh\n"
    },
    {
      "start": 15248,
      "stop": 16330,
      "text": "gcl\n"
    },
    {
      "start": 16330,
      "stop": 16770,
      "text": "g\n"
    },
    {
      "start": 16770,
      "stop": 18673,
      "text": "ow\n"
    },
    {
      "start": 18673,
      "stop": 19620,
      "text": "z\n"
    },
    {
      "start": 19620,
      "stop": 20251,
      "text": "epi\n"
    },
    {
      "start": 20251,
      "stop": 21472,
      "text": "w\n"
    },
    {
      "start": 21472,
      "stop": 23227,
      "text": "eh\n"
    },
    {
      "start": 23227,
      "stop": 24104,
      "text": "l\n"
    },
    {
      "start": 24104,
      "stop": 25357,
      "text": "w\n"
    },
    {
      "start": 25357,
      "stop": 26060,
      "text": "ax\n"
    },
    {
      "start": 26060,
      "stop": 27446,
      "text": "th\n"
    },
    {
      "start": 27446,
      "stop": 28460,
      "text": "f\n"
    },
    {
      "start": 28460,
      "stop": 28834,
      "text": "ax\n"
    },
    {
      "start": 28834,
      "stop": 29925,
      "text": "n\n"
    },
    {
      "start": 29925,
      "stop": 31498,
      "text": "eh\n"
    },
    {
      "start": 31498,
      "stop": 32543,
      "text": "l\n"
    },
    {
      "start": 32543,
      "stop": 33176,
      "text": "ax\n"
    },
    {
      "start": 33176,
      "stop": 34689,
      "text": "q\n"
    },
    {
      "start": 34689,
      "stop": 36370,
      "text": "ay\n"
    },
    {
      "start": 36370,
      "stop": 37409,
      "text": "s\n"
    },
    {
      "start": 37409,
      "stop": 38180,
      "text": "kcl\n"
    },
    {
      "start": 38180,
      "stop": 39030,
      "text": "k\n"
    },
    {
      "start": 39030,
      "stop": 39428,
      "text": "r\n"
    },
    {
      "start": 39428,
      "stop": 40448,
      "text": "ix\n"
    },
    {
      "start": 40448,
      "stop": 41115,
      "text": "m\n"
    },
    {
      "start": 41115,
      "stop": 43920,
      "text": "h#\n"
    }
  ]
}