{
  "algo": "consensus",
  "birth_date": "02/05/53",
  "comments": "",
  "dialect": "South Midland",
  "education": "Doctorate Degree (PhD, JD, or MD)",
  "height": 1.7272,
  "noise_dataset": null,
  "phoneme_times": [
    {
      "start": 0,
      "stop": 3380,
      "text": "h#\n"
    },
    {
      "start": 3380,
      "stop": 5480,
      "text": "t\n"
    },
    {
      "start": 5480,
      "stop": 6120,
      "text": "r\n"
    },
    {
      "start": 6120,
      "stop": 7400,
      "text": "ay\n"
    },
    {
      "start": 7400,
      "stop": 7800,
      "text": "dx\n"
    },
    {
      "start": 7800,
      "stop": 8731,
      "text": "axr\n"
    },
    {
      "start": 8731,
      "stop": 10493,
      "text": "r\n"
    },
    {
      "start": 10493,
      "stop": 11720,
      "text": "iy\n"
    },
    {
      "start": 11720,
      "stop": 12890,
      "text": "kcl\n"
    },
    {
      "start": 12890,
      "stop": 13990,
      "text": "k\n"
    },
    {
      "start": 13990,
      "stop": 15586,
      "text": "ao\n"
    },
    {
      "start": 15586,
      "stop": 16520,
      "text": "l\n"
    },
    {
      "start": 16520,
      "stop": 17350,
      "text": "dh\n"
    },
    {
      "start": 17350,
      "stop": 18715,
      "text": "iy\n"
    },
    {
      "start": 18715,
      "stop": 19840,
      "text": "ix\n"
    },
    {
      "start": 19840,
      "stop": 21520,
      "text": "v\n"
    },
    {
      "start": 21520,
      "stop": 23680,
      "text": "eh\n"
    },
    {
      "start": 23680,
      "stop": 24000,
      "text": "n\n"
    },
    {
      "start": 24000,
      "stop": 24755,
      "text": "tcl\n"
    },
    {
      "start": 24755,
      "stop": 25063,
      "text": "t\n"
    },
    {
      "start": 25063,
      "stop": 25830,
      "text": "s\n"
    },
    {
      "start": 25830,
      "stop": 26518,
      "text": "epi\n"
    },
    {
      "start": 26518,
      "stop": 27640,
      "text": "en\n"
    },
    {
      "start": 27640,
      "stop": 28650,
      "text": "kcl\n"
    },
    {
      "start": 28650,
      "stop": 29750,
      "text": "k\n"
    },
    {
      "start": 29750,
      "stop": 30132,
      "text": "r\n"
    },
    {
      "start": 30132,
      "stop": 31240,
      "text": "aa\n"
    },
    {
      "start": 31240,
      "stop": 31720,
      "text": "nx\n"
    },
    {
      "start": 31720,
      "stop": 32893,
      "text": "el\n"
    },
    {
      "start": 32893,
      "stop": 33671,
      "text": "l\n"
    },
    {
      "start": 33671,
      "stop": 35640,
      "text": "aa\n"
    },
    {
      "start": 35640,
      "stop": 36432,
      "text": "dcl\n"
    },
    {
      "start": 36432,
      "stop": 37016,
      "text": "jh\n"
    },
    {
      "start": 37016,
      "stop": 37555,
      "text": "ax-h\n"
    },
    {
      "start": 37555,
      "stop": 38300,
      "text": "kcl\n"
    },
    {
      "start": 38300,
      "stop": 39030,
      "text": "k\n"
    },
    {
      "start": 39030,
      "stop": 40589,
      "text": "el\n"
    },
    {
      "start": 40589,
      "stop": 41640,
      "text": "q\n"
    },
    {
      "start": 41640,
      "stop": 43026,
      "text": "ao\n"
    },
    {
      "start": 43026,
      "stop": 43720,
      "text": "r\n"
    },
    {
      "start": 43720,
      "stop": 44240,
      "text": "dx\n"
    },
    {
      "start": 44240,
      "stop": 46040,
      "text": "axr\n"
    },
    {
      "start": 46040,
      "stop": 48240,
      "text": "h#\n"
    }
  ],
  "phonetic_codes": [
    "/t r ay1/",
    "/t uw1/",
    "/r ih k ao1 l/",
    "/dh ax/",
    "/ax v eh1 n t s/",
    "/ih1 n/",
    "/k r aa2 n ax l aa1 jh ih k el/"
  ],
  "race": "White",
  "recording_date": "03/13/86",
  "sentence": "Try to recall the events in chronological order.",
  "sentence_id": "SX218",
  "sentence_time": {
    "start": 0,
    "stop": 48333,
    "text": "Try to recall the events in chronological order.\n"
  },
  "sex": "M",
  "speaker_id": "RAB1",
  "speech": "SX218RAB1",
  "speech_dataset": "timit",
  "use": "System training speaker",
  "word_times": [
    {
      "start": 0,
      "stop": 3380,
      "text": "h#\n"
    },
    {
      "start": 3380,
      "stop": 5480,
      "text": "t\n"
    },
    {
      "start": 5480,
      "stop": 6120,
      "text": "r\n"
    },
    {
      "start": 6120,
      "stop": 7400,
      "text": "ay\n"
    },
    {
      "start": 7400,
      "stop": 7800,
      "text": "dx\n"
    },
    {
      "start": 7800,
      "stop": 8731,
      "text": "axr\n"
    },
    {
      "start": 8731,
      "stop": 10493,
      "text": "r\n"
    },
    {
      "start": 10493,
      "stop": 11720,
      "text": "iy\n"
    },
    {
      "start": 11720,
      "stop": 12890,
      "text": "kcl\n"
    },
    {
      "start": 12890,
      "stop": 13990,
      "text": "k\n"
    },
    {
      "start": 13990,
      "stop": 15586,
      "text": "ao\n"
    },
    {
      "start": 15586,
      "stop": 16520,
      "text": "l\n"
    },
    {
      "start": 16520,
      "stop": 17350,
      "text": "dh\n"
    },
    {
      "start": 17350,
      "stop": 18715,
      "text": "iy\n"
    },
    {
      "start": 18715,
      "stop": 19840,
      "text": "ix\n"
    },
    {
      "start": 19840,
      "stop": 21520,
      "text": "v\n"
    },
    {
      "start": 21520,
      "stop": 23680,
      "text": "eh\n"
    },
    {
      "start": 23680,
      "stop": 24000,
      "text": "n\n"
    },
    {
      "start": 24000,
      "stop": 24755,
      "text": "tcl\n"
    },
    {
      "start": 24755,
      "stop": 25063,
      "text": "t\n"
    },
    {
      "start": 25063,
      "stop": 25830,
      "text": "s\n"
    },
    {
      "start": 25830,
      "stop": 26518,
      "text": "epi\n"
    },
    {
      "start": 26518,
      "stop": 27640,
      "text": "en\n"
    },
    {
      "start": 27640,
      "stop": 28650,
      "text": "kcl\n"
    },
    {
      "start": 28650,
      "stop": 29750,
      "text": "k\n"
    },
    {
      "start": 29750,
      "stop": 30132,
      "text": "r\n"
    },
    {
      "start": 30132,
      "stop": 31240,
      "text": "aa\n"
    },
    {
      "start": 31240,
      "stop": 31720,
      "text": "nx\n"
    },
    {
      "start": 31720,
      "stop": 32893,
      "text": "el\n"
    },
    {
      "start": 32893,
      "stop": 33671,
      "text": "l\n"
    },
    {
      "start": 33671,
      "stop": 35640,
      "text": "aa\n"
    },
    {
      "start": 35640,
      "stop": 36432,
      "text": "dcl\n"
    },
    {
      "start": 36432,
      "stop": 37016,
      "text": "jh\n"
    },
    {
      "start": 37016,
      "stop": 37555,
      "text": "ax-h\n"
    },
    {
      "start": 37555,
      "stop": 38300,
      "text": "kcl\n"
    },
    {
      "start": 38300,
      "stop": 39030,
      "text": "k\n"
    },
    {
      "start": 39030,
      "stop": 40589,
      "text": "el\n"
    },
    {
      "start": 40589,
      "stop": 41640,
      "text": "q\n"
    },
    {
      "start": 41640,
      "stop": 43026,
      "text": "ao\n"
    },
    {
      "start": 43026,
      "stop": 43720,
      "text": "r\n"
    },
    {
      "start": 43720,
      "stop": 44240,
      "text": "dx\n"
    },
    {
      "start": 44240,
      "stop": 46040,
      "text": "axr\n"
    },
    {
      "start": 46040,
      "stop": 48240,
      "text": "h#\n"
    }
  ]
}