{
  "algo": "consensus",
  "birth_date": "02/07/41",
  "comments": "",
  "dialect": "South Midland",
  "education": "High School",
  "height": 1.9050000000000002,
  "noise_dataset": null,
  "phoneme_times": [
    {
      "start": 0,
      "stop": 2200,
      "text": "h#\n"
    },
    {
      "start": 2200,
      "stop": 3430,
      "text": "t\n"
    },
    {
      "start": 3430,
      "stop": 3818,
      "text": "r\n"
    },
    {
      "start": 3818,
      "stop": 4595,
      "text": "ix\n"
    },
    {
      "start": 4595,
      "stop": 5556,
      "text": "m\n"
    },
    {
      "start": 5556,
      "stop": 6308,
      "text": "ax\n"
    },
    {
      "start": 6308,
      "stop": 7373,
      "text": "w\n"
    },
    {
      "start": 7373,
      "stop": 9880,
      "text": "ey\n"
    },
    {
      "start": 9880,
      "stop": 11488,
      "text": "eh\n"
    },
    {
      "start": 11488,
      "stop": 12281,
      "text": "kcl\n"
    },
    {
      "start": 12281,
      "stop": 12657,
      "text": "k\n"
    },
    {
      "start": 12657,
      "stop": 14300,
      "text": "s\n"
    },
    {
      "start": 14300,
      "stop": 16840,
      "text": "eh\n"
    },
    {
      "start": 16840,
      "stop": 18200,
      "text": "s\n"
    },
    {
      "start": 18200,
      "stop": 19210,
      "text": "kcl\n"
    },
    {
      "start": 19210,
      "stop": 20050,
      "text": "k\n"
    },
    {
      "start": 20050,
      "stop": 20762,
      "text": "l\n"
    },
    {
      "start": 20762,
      "stop": 24520,
      "text": "ey\n"
    },
    {
      "start": 24520,
      "stop": 26610,
      "text": "r\n"
    },
    {
      "start": 26610,
      "stop": 28123,
      "text": "iy\n"
    },
    {
      "start": 28123,
      "stop": 28880,
      "text": "ix\n"
    },
    {
      "start": 28880,
      "stop": 29409,
      "text": "n\n"
    },
    {
      "start": 29409,
      "stop": 31590,
      "text": "f\n"
    },
    {
      "start": 31590,
      "stop": 33239,
      "text": "ao\n"
    },
    {
      "start": 33239,
      "stop": 34230,
      "text": "r\n"
    },
    {
      "start": 34230,
      "stop": 36800,
      "text": "s\n"
    },
    {
      "start": 36800,
      "stop": 39920,
      "text": "iy\n"
    },
    {
      "start": 39920,
      "stop": 41483,
      "text": "m\n"
    },
    {
      "start": 41483,
      "stop": 41986,
      "text": "w\n"
    },
    {
      "start": 41986,
      "stop": 42760,
      "text": "ih\n"
    },
    {
      "start": 42760,
      "stop": 43440,
      "text": "dh\n"
    },
    {
      "start": 43440,
      "stop": 44120,
      "text": "ax\n"
    },
    {
      "start": 44120,
      "stop": 45310,
      "text": "kcl\n"
    },
    {
      "start": 45310,
      "stop": 46060,
      "text": "k\n"
    },
    {
      "start": 46060,
      "stop": 48244,
      "text": "ow\n"
    },
    {
      "start": 48244,
      "stop": 49665,
      "text": "ax\n"
    },
    {
      "start": 49665,
      "stop": 50333,
      "text": "l\n"
    },
    {
      "start": 50333,
      "stop": 51160,
      "text": "ax\n"
    },
    {
      "start": 51160,
      "stop": 52200,
      "text": "v\n"
    },
    {
      "start": 52200,
      "stop": 53150,
      "text": "kcl\n"
    },
    {
      "start": 53150,
      "stop": 54140,
      "text": "k\n"
    },
    {
      "start": 54140,
      "stop": 55360,
      "text": "l\n"
    },
    {
      "start": 55360,
      "stop": 57800,
      "text": "ey\n"
    },
    {
      "start": 57800,
      "stop": 62640,
      "text": "h#\n"
    }
  ],
  "phonetic_codes": [
    "/t r ih1 m/",
    "/ax w ey1/",
    "/eh1 k s eh2 s/",
    "/r iy2 ix n f ao1 r s/",
    "/s iy1 m/",
    "/w ih1 dh/",
    "/ax/",
    "/k oy1 l/",
    "/ax v/"
  ],
  "race": "White",
  "recording_date": "02/27/86",
  "sentence": "Trim away excess clay; reinforce seam with a coil of clay.",
  "sentence_id": "SI767",
  "sentence_time": {
    "start": 0,
    "stop": 62669,
    "text": "Trim away excess clay; reinforce seam with a coil of clay.\n"
  },
  "sex": "M",
  "speaker_id": "RKO0",
  "speech": "SI767RKO0",
  "speech_dataset": "timit",
  "use": "System test speaker",
  "word_times": [
    {
      "start": 0,
      "stop": 2200,
      "text": "h#\n"
    },
    {
      "start": 2200,
      "stop": 3430,
      "text": "t\n"
    },
    {
      "start": 3430,
      "stop": 3818,
      "text": "r\n"
    },
    {
      "start": 3818,
      "stop": 4595,
      "text": "ix\n"
    },
    {
      "start": 4595,
      "stop": 5556,
      "text": "m\n"
    },
    {
      "start": 5556,
      "stop": 6308,
      "text": "ax\n"
    },
    {
      "start": 6308,
      "stop": 7373,
      "text": "w\n"
    },
    {
      "start": 7373,
      "stop": 9880,
      "text": "ey\n"
    },
    {
      "start": 9880,
      "stop": 11488,
      "text": "eh\n"
    },
    {
      "start": 11488,
      "stop": 12281,
      "text": "kcl\n"
    },
    {
      "start": 12281,
      "stop": 12657,
      "text": "k\n"
    },
    {
      "start": 12657,
      "stop": 14300,
      "text": "s\n"
    },
    {
      "start": 14300,
      "stop": 16840,
      "text": "eh\n"
    },
    {
      "start": 16840,
      "stop": 18200,
      "text": "s\n"
    },
    {
      "start": 18200,
      "stop": 19210,
      "text": "kcl\n"
    },
    {
      "start": 19210,
      "stop": 20050,
      "text": "k\n"
    },
    {
      "start": 20050,
      "stop": 20762,
      "text": "l\n"
    },
    {
      "start": 20762,
      "stop": 24520,
      "text": "ey\n"
    },
    {
      "start": 24520,
      "stop": 26610,
      "text": "r\n"
    },
    {
      "start": 26610,
      "stop": 28123,
      "text": "iy\n"
    },
    {
      "start": 28123,
      "stop": 28880,
      "text": "ix\n"
    },
    {
      "start": 28880,
      "stop": 29409,
      "text": "n\n"
    },
    {
      "start": 29409,
      "stop": 31590,
      "text": "f\n"
    },
    {
      "start": 31590,
      "stop": 33239,
      "text": "ao\n"
    },
    {
      "start": 33239,
      "stop": 34230,
      "text": "r\n"
    },
    {
      "start": 34230,
      "stop": 36800,
      "text": "s\n"
    },
    {
      "start": 36800,
      "stop": 39920,
      "text": "iy\n"
    },
    {
      "start": 39920,
      "stop": 41483,
      "text": "m\n"
    },
    {
      "start": 41483,
      "stop": 41986,
      "text": "w\n"
    },
    {
      "start": 41986,
      "stop": 42760,
      "text": "ih\n"
    },
    {
      "start": 42760,
      "stop": 43440,
      "text": "dh\n"
    },
    {
      "start": 43440,
      "stop": 44120,
      "text": "ax\n"
    },
    {
      "start": 44120,
      "stop": 45310,
      "text": "kcl\n"
    },
    {
      "start": 45310,
      "stop": 46060,
      "text": "k\n"
    },
    {
      "start": 46060,
      "stop": 48244,
      "text": "ow\n"
    },
    {
      "start": 48244,
      "stop": 49665,
      "text": "ax\n"
    },
    {
      "start": 49665,
      "stop": 50333,
      "text": "l\n"
    },
    {
      "start": 50333,
      "stop": 51160,
      "text": "ax\n"
    },
    {
      "start": 51160,
      "stop": 52200,
      "text": "v\n"
    },
    {
      "start": 52200,
      "stop": 53150,
      "text": "kcl\n"
    },
    {
      "start": 53150,
      "stop": 54140,
      "text": "k\n"
    },
    {
      "start": 54140,
      "stop": 55360,
      "text": "l\n"
    },
    {
      "start": 55360,
      "stop": 57800,
      "text": "ey\n"
    },
    {
      "start": 57800,
      "stop": 62640,
      "text": "h#\n"
    }
  ]
}