{
  "algo": "consensus",
  "birth_date": "04/07/55",
  "comments": "",
  "dialect": "North Midland",
  "education": "Bachelor's Degree (BS or BA)",
  "height": 1.8034,
  "noise_dataset": null,
  "phoneme_times": [
    {
      "start": 0,
      "stop": 2120,
      "text": "h#\n"
    },
    {
      "start": 2120,
      "stop": 2478,
      "text": "q\n"
    },
    {
      "start": 2478,
      "stop": 3383,
      "text": "ih\n"
    },
    {
      "start": 3383,
      "stop": 4124,
      "text": "tcl\n"
    },
    {
      "start": 4124,
      "stop": 5280,
      "text": "m\n"
    },
    {
      "start": 5280,
      "stop": 7480,
      "text": "ow\n"
    },
    {
      "start": 7480,
      "stop": 7880,
      "text": "dx\n"
    },
    {
      "start": 7880,
      "stop": 8898,
      "text": "ax\n"
    },
    {
      "start": 8898,
      "stop": 10067,
      "text": "v\n"
    },
    {
      "start": 10067,
      "stop": 12640,
      "text": "ey\n"
    },
    {
      "start": 12640,
      "stop": 13130,
      "text": "tcl\n"
    },
    {
      "start": 13130,
      "stop": 15373,
      "text": "s\n"
    },
    {
      "start": 15373,
      "stop": 16041,
      "text": "hh\n"
    },
    {
      "start": 16041,
      "stop": 17160,
      "text": "ih\n"
    },
    {
      "start": 17160,
      "stop": 18410,
      "text": "z\n"
    },
    {
      "start": 18410,
      "stop": 19520,
      "text": "bcl\n"
    },
    {
      "start": 19520,
      "stop": 19920,
      "text": "b\n"
    },
    {
      "start": 19920,
      "stop": 21160,
      "text": "iy\n"
    },
    {
      "start": 21160,
      "stop": 22200,
      "text": "hv\n"
    },
    {
      "start": 22200,
      "stop": 24731,
      "text": "ey\n"
    },
    {
      "start": 24731,
      "stop": 26026,
      "text": "v\n"
    },
    {
      "start": 26026,
      "stop": 27070,
      "text": "y\n"
    },
    {
      "start": 27070,
      "stop": 28200,
      "text": "axr\n"
    },
    {
      "start": 28200,
      "stop": 32080,
      "text": "h#\n"
    }
  ],
  "phonetic_codes": [
    "/ih1 t/",
    "/m ow1 t ix v ey2 t s/",
    "/hh ih1 z/"
  ],
  "race": "White",
  "recording_date": "02/20/86",
  "sentence": "It motivates his behavior.",
  "sentence_id": "SI574",
  "sentence_time": {
    "start": 0,
    "stop": 32154,
    "text": "It motivates his behavior.\n"
  },
  "sex": "M",
  "speaker_id": "DLH0",
  "speech": "SI574DLH0",
  "speech_dataset": "timit",
  "use": "System training speaker",
  "word_times": [
    {
      "start": 0,
      "stop": 2120,
      "text": "h#\n"
    },
    {
      "start": 2120,
      "stop": 2478,
      "text": "q\n"
    },
    {
      "start": 2478,
      "stop": 3383,
      "text": "ih\n"
    },
    {
      "start": 3383,
      "stop": 4124,
      "text": "tcl\n"
    },
    {
      "start": 4124,
      "stop": 5280,
      "text": "m\n"
    },
    {
      "start": 5280,
      "stop": 7480,
      "text": "ow\n"
    },
    {
      "start": 7480,
      "stop": 7880,
      "text": "dx\n"
    },
    {
      "start": 7880,
      "stop": 8898,
      "text": "ax\n"
    },
    {
      "start": 8898,
      "stop": 10067,
      "text": "v\n"
    },
    {
      "start": 10067,
      "stop": 12640,
      "text": "ey\n"
    },
    {
      "start": 12640,
      "stop": 13130,
      "text": "tcl\n"
    },
    {
      "start": 13130,
      "stop": 15373,
      "text": "s\n"
    },
    {
      "start": 15373,
      "stop": 16041,
      "text": "hh\n"
    },
    {
      "start": 16041,
      "stop": 17160,
      "text": "ih\n"
    },
    {
      "start": 17160,
      "stop": 18410,
      "text": "z\n"
    },
    {
      "start": 18410,
      "stop": 19520,
      "text": "bcl\n"
    },
    {
      "start": 19520,
      "stop": 19920,
      "text": "b\n"
    },
    {
      "start": 19920,
      "stop": 21160,
      "text": "iy\n"
    },
    {
      "start": 21160,
      "stop": 22200,
      "text": "hv\n"
    },
    {
      "start": 22200,
      "stop": 24731,
      "text": "ey\n"
    },
    {
      "start": 24731,
      "stop": 26026,
      "text": "v\n"
    },
    {
      "start": 26026,
      "stop": 27070,
      "text": "y\n"
    },
    {
      "start": 27070,
      "stop": 28200,
      "text": "axr\n"
    },
    {
      "start": 28200,
      "stop": 32080,
      "text": "h#\n"
    }
  ]
}