{
  "algo": "consensus",
  "birth_date": "08/12/58",
  "comments": "",
  "dialect": "South Midland",
  "education": "Master's Degree (MS or MA)",
  "height": 1.9304000000000001,
  "noise_dataset": null,
  "phoneme_times": [
    {
      "start": 0,
      "stop": 3240,
      "text": "h#\n"
    },
    {
      "start": 3240,
      "stop": 3800,
      "text": "dh\n"
    },
    {
      "start": 3800,
      "stop": 4440,
      "text": "ix\n"
    },
    {
      "start": 4440,
      "stop": 5480,
      "text": "pcl\n"
    },
    {
      "start": 5480,
      "stop": 7000,
      "text": "p\n"
    },
    {
      "start": 7000,
      "stop": 7893,
      "text": "r\n"
    },
    {
      "start": 7893,
      "stop": 9680,
      "text": "aw\n"
    },
    {
      "start": 9680,
      "stop": 10485,
      "text": "l\n"
    },
    {
      "start": 10485,
      "stop": 12114,
      "text": "axr\n"
    },
    {
      "start": 12114,
      "stop": 14600,
      "text": "w\n"
    },
    {
      "start": 14600,
      "stop": 15749,
      "text": "ao\n"
    },
    {
      "start": 15749,
      "stop": 17169,
      "text": "r\n"
    },
    {
      "start": 17169,
      "stop": 17880,
      "text": "ix\n"
    },
    {
      "start": 17880,
      "stop": 19926,
      "text": "s\n"
    },
    {
      "start": 19926,
      "stop": 20600,
      "text": "kcl\n"
    },
    {
      "start": 20600,
      "stop": 21096,
      "text": "k\n"
    },
    {
      "start": 21096,
      "stop": 22684,
      "text": "iy\n"
    },
    {
      "start": 22684,
      "stop": 24104,
      "text": "m\n"
    },
    {
      "start": 24104,
      "stop": 27112,
      "text": "ae\n"
    },
    {
      "start": 27112,
      "stop": 28449,
      "text": "s\n"
    },
    {
      "start": 28449,
      "stop": 28950,
      "text": "kcl\n"
    },
    {
      "start": 28950,
      "stop": 31192,
      "text": "f\n"
    },
    {
      "start": 31192,
      "stop": 32459,
      "text": "axr\n"
    },
    {
      "start": 32459,
      "stop": 32960,
      "text": "dx\n"
    },
    {
      "start": 32960,
      "stop": 33587,
      "text": "ix\n"
    },
    {
      "start": 33587,
      "stop": 35133,
      "text": "s\n"
    },
    {
      "start": 35133,
      "stop": 35759,
      "text": "gcl\n"
    },
    {
      "start": 35759,
      "stop": 36135,
      "text": "g\n"
    },
    {
      "start": 36135,
      "stop": 40200,
      "text": "ay\n"
    },
    {
      "start": 40200,
      "stop": 43000,
      "text": "z\n"
    },
    {
      "start": 43000,
      "stop": 44800,
      "text": "h#\n"
    }
  ],
  "phonetic_codes": [
    "/dh ax/",
    "/p r aw1 l axr/",
    "/w ao1 r/",
    "/ax/",
    "/s k iy1/",
    "/m ae1 s k/",
    "/f ao1 r/"
  ],
  "race": "White",
  "recording_date": "02/04/86",
  "sentence": "The prowler wore a ski mask for disguise.",
  "sentence_id": "SX57",
  "sentence_time": {
    "start": 0,
    "stop": 44852,
    "text": "The prowler wore a ski mask for disguise.\n"
  },
  "sex": "M",
  "speaker_id": "TRT0",
  "speech": "SX57TRT0",
  "speech_dataset": "timit",
  "use": "System training speaker",
  "word_times": [
    {
      "start": 0,
      "stop": 3240,
      "text": "h#\n"
    },
    {
      "start": 3240,
      "stop": 3800,
      "text": "dh\n"
    },
    {
      "start": 3800,
      "stop": 4440,
      "text": "ix\n"
    },
    {
      "start": 4440,
      "stop": 5480,
      "text": "pcl\n"
    },
    {
      "start": 5480,
      "stop": 7000,
      "text": "p\n"
    },
    {
      "start": 7000,
      "stop": 7893,
      "text": "r\n"
    },
    {
      "start": 7893,
      "stop": 9680,
      "text": "aw\n"
    },
    {
      "start": 9680,
      "stop": 10485,
      "text": "l\n"
    },
    {
      "start": 10485,
      "stop": 12114,
      "text": "axr\n"
    },
    {
      "start": 12114,
      "stop": 14600,
      "text": "w\n"
    },
    {
      "start": 14600,
      "stop": 15749,
      "text": "ao\n"
    },
    {
      "start": 15749,
      "stop": 17169,
      "text": "r\n"
    },
    {
      "start": 17169,
      "stop": 17880,
      "text": "ix\n"
    },
    {
      "start": 17880,
      "stop": 19926,
      "text": "s\n"
    },
    {
      "start": 19926,
      "stop": 20600,
      "text": "kcl\n"
    },
    {
      "start": 20600,
      "stop": 21096,
      "text": "k\n"
    },
    {
      "start": 21096,
      "stop": 22684,
      "text": "iy\n"
    },
    {
      "start": 22684,
      "stop": 24104,
      "text": "m\n"
    },
    {
      "start": 24104,
      "stop": 27112,
      "text": "ae\n"
    },
    {
      "start": 27112,
      "stop": 28449,
      "text": "s\n"
    },
    {
      "start": 28449,
      "stop": 28950,
      "text": "kcl\n"
    },
    {
      "start": 28950,
      "stop": 31192,
      "text": "f\n"
    },
    {
      "start": 31192,
      "stop": 32459,
      "text": "axr\n"
    },
    {
      "start": 32459,
      "stop": 32960,
      "text": "dx\n"
    },
    {
      "start": 32960,
      "stop": 33587,
      "text": "ix\n"
    },
    {
      "start": 33587,
      "stop": 35133,
      "text": "s\n"
    },
    {
      "start": 35133,
      "stop": 35759,
      "text": "gcl\n"
    },
    {
      "start": 35759,
      "stop": 36135,
      "text": "g\n"
    },
    {
      "start": 36135,
      "stop": 40200,
      "text": "ay\n"
    },
    {
      "start": 40200,
      "stop": 43000,
      "text": "z\n"
    },
    {
      "start": 43000,
      "stop": 44800,
      "text": "h#\n"
    }
  ]
}