{
  "algo": "consensus",
  "birth_date": "02/19/51",
  "comments": "",
  "dialect": "Southern",
  "education": "Master's Degree (MS or MA)",
  "height": 1.8542000000000003,
  "noise_dataset": null,
  "phoneme_times": [
    {
      "start": 0,
      "stop": 2190,
      "text": "h#\n"
    },
    {
      "start": 2190,
      "stop": 4295,
      "text": "sh\n"
    },
    {
      "start": 4295,
      "stop": 5160,
      "text": "iy\n"
    },
    {
      "start": 5160,
      "stop": 6439,
      "text": "hv\n"
    },
    {
      "start": 6439,
      "stop": 9232,
      "text": "ae\n"
    },
    {
      "start": 9232,
      "stop": 10080,
      "text": "dcl\n"
    },
    {
      "start": 10080,
      "stop": 11070,
      "text": "y\n"
    },
    {
      "start": 11070,
      "stop": 12073,
      "text": "uh\n"
    },
    {
      "start": 12073,
      "stop": 13480,
      "text": "r\n"
    },
    {
      "start": 13480,
      "stop": 14790,
      "text": "dcl\n"
    },
    {
      "start": 14790,
      "stop": 15030,
      "text": "d\n"
    },
    {
      "start": 15030,
      "stop": 17587,
      "text": "aa\n"
    },
    {
      "start": 17587,
      "stop": 18730,
      "text": "r\n"
    },
    {
      "start": 18730,
      "stop": 19188,
      "text": "k\n"
    },
    {
      "start": 19188,
      "stop": 21260,
      "text": "s\n"
    },
    {
      "start": 21260,
      "stop": 24035,
      "text": "ux\n"
    },
    {
      "start": 24035,
      "stop": 24898,
      "text": "q\n"
    },
    {
      "start": 24898,
      "stop": 26331,
      "text": "en\n"
    },
    {
      "start": 26331,
      "stop": 26643,
      "text": "gcl\n"
    },
    {
      "start": 26643,
      "stop": 27044,
      "text": "g\n"
    },
    {
      "start": 27044,
      "stop": 28500,
      "text": "r\n"
    },
    {
      "start": 28500,
      "stop": 29890,
      "text": "iy\n"
    },
    {
      "start": 29890,
      "stop": 31690,
      "text": "s\n"
    },
    {
      "start": 31690,
      "stop": 32595,
      "text": "iy\n"
    },
    {
      "start": 32595,
      "stop": 34631,
      "text": "w\n"
    },
    {
      "start": 34631,
      "stop": 36824,
      "text": "aa\n"
    },
    {
      "start": 36824,
      "stop": 38670,
      "text": "sh\n"
    },
    {
      "start": 38670,
      "stop": 39148,
      "text": "epi\n"
    },
    {
      "start": 39148,
      "stop": 40522,
      "text": "w\n"
    },
    {
      "start": 40522,
      "stop": 41691,
      "text": "ah\n"
    },
    {
      "start": 41691,
      "stop": 42067,
      "text": "dx\n"
    },
    {
      "start": 42067,
      "stop": 43560,
      "text": "axr\n"
    },
    {
      "start": 43560,
      "stop": 45051,
      "text": "q\n"
    },
    {
      "start": 45051,
      "stop": 47968,
      "text": "ao\n"
    },
    {
      "start": 47968,
      "stop": 49082,
      "text": "l\n"
    },
    {
      "start": 49082,
      "stop": 50433,
      "text": "y\n"
    },
    {
      "start": 50433,
      "stop": 52174,
      "text": "ih\n"
    },
    {
      "start": 52174,
      "stop": 54200,
      "text": "axr\n"
    },
    {
      "start": 54200,
      "stop": 56560,
      "text": "h#\n"
    }
  ],
  "phonetic_codes": [
    "/sh iy1/",
    "/hh ae1 d/",
    "/y uh1 r/",
    "/d aa1 r k/",
    "/s uw1 t/",
    "/ih1 n/",
    "/g r iy1 s iy/",
    "/w ao1 sh/",
    "/w ao1 t axr/",
    "/ao1 l/"
  ],
  "race": "White",
  "recording_date": "02/21/86",
  "sentence": "She had your dark suit in greasy wash water all year.",
  "sentence_id": "SA1",
  "sentence_time": {
    "start": 0,
    "stop": 56628,
    "text": "She had your dark suit in greasy wash water all year.\n"
  },
  "sex": "M",
  "speaker_id": "JDM0",
  "speech": "SA1JDM0",
  "speech_dataset": "timit",
  "use": "System training speaker",
  "word_times": [
    {
      "start": 0,
      "stop": 2190,
      "text": "h#\n"
    },
    {
      "start": 2190,
      "stop": 4295,
      "text": "sh\n"
    },
    {
      "start": 4295,
      "stop": 5160,
      "text": "iy\n"
    },
    {
      "start": 5160,
      "stop": 6439,
      "text": "hv\n"
    },
    {
      "start": 6439,
      "stop": 9232,
      "text": "ae\n"
    },
    {
      "start": 9232,
      "stop": 10080,
      "text": "dcl\n"
    },
    {
      "start": 10080,
      "stop": 11070,
      "text": "y\n"
    },
    {
      "start": 11070,
      "stop": 12073,
      "text": "uh\n"
    },
    {
      "start": 12073,
      "stop": 13480,
      "text": "r\n"
    },
    {
      "start": 13480,
      "stop": 14790,
      "text": "dcl\n"
    },
    {
      "start": 14790,
      "stop": 15030,
      "text": "d\n"
    },
    {
      "start": 15030,
      "stop": 17587,
      "text": "aa\n"
    },
    {
      "start": 17587,
      "stop": 18730,
      "text": "r\n"
    },
    {
      "start": 18730,
      "stop": 19188,
      "text": "k\n"
    },
    {
      "start": 19188,
      "stop": 21260,
      "text": "s\n"
    },
    {
      "start": 21260,
      "stop": 24035,
      "text": "ux\n"
    },
    {
      "start": 24035,
      "stop": 24898,
      "text": "q\n"
    },
    {
      "start": 24898,
      "stop": 26331,
      "text": "en\n"
    },
    {
      "start": 26331,
      "stop": 26643,
      "text": "gcl\n"
    },
    {
      "start": 26643,
      "stop": 27044,
      "text": "g\n"
    },
    {
      "start": 27044,
      "stop": 28500,
      "text": "r\n"
    },
    {
      "start": 28500,
      "stop": 29890,
      "text": "iy\n"
    },
    {
      "start": 29890,
      "stop": 31690,
      "text": "s\n"
    },
    {
      "start": 31690,
      "stop": 32595,
      "text": "iy\n"
    },
    {
      "start": 32595,
      "stop": 34631,
      "text": "w\n"
    },
    {
      "start": 34631,
      "stop": 36824,
      "text": "aa\n"
    },
    {
      "start": 36824,
      "stop": 38670,
      "text": "sh\n"
    },
    {
      "start": 38670,
      "stop": 39148,
      "text": "epi\n"
    },
    {
      "start": 39148,
      "stop": 40522,
      "text": "w\n"
    },
    {
      "start": 40522,
      "stop": 41691,
      "text": "ah\n"
    },
    {
      "start": 41691,
      "stop": 42067,
      "text": "dx\n"
    },
    {
      "start": 42067,
      "stop": 43560,
      "text": "axr\n"
    },
    {
      "start": 43560,
      "stop": 45051,
      "text": "q\n"
    },
    {
      "start": 45051,
      "stop": 47968,
      "text": "ao\n"
    },
    {
      "start": 47968,
      "stop": 49082,
      "text": "l\n"
    },
    {
      "start": 49082,
      "stop": 50433,
      "text": "y\n"
    },
    {
      "start": 50433,
      "stop": 52174,
      "text": "ih\n"
    },
    {
      "start": 52174,
      "stop": 54200,
      "text": "axr\n"
    },
    {
      "start": 54200,
      "stop": 56560,
      "text": "h#\n"
    }
  ]
}