{
  "algo": "consensus",
  "birth_date": "09/16/62",
  "comments": "",
  "dialect": "Southern",
  "education": "Bachelor's Degree (BS or BA)",
  "height": 1.8288000000000002,
  "noise_dataset": null,
  "phoneme_times": [
    {
      "start": 0,
      "stop": 2240,
      "text": "h#\n"
    },
    {
      "start": 2240,
      "stop": 3160,
      "text": "ah\n"
    },
    {
      "start": 3160,
      "stop": 4480,
      "text": "tcl\n"
    },
    {
      "start": 4480,
      "stop": 5070,
      "text": "t\n"
    },
    {
      "start": 5070,
      "stop": 6560,
      "text": "aa\n"
    },
    {
      "start": 6560,
      "stop": 7360,
      "text": "m\n"
    },
    {
      "start": 7360,
      "stop": 8480,
      "text": "ih\n"
    },
    {
      "start": 8480,
      "stop": 9559,
      "text": "kcl\n"
    },
    {
      "start": 9559,
      "stop": 10640,
      "text": "pau\n"
    },
    {
      "start": 10640,
      "stop": 11112,
      "text": "q\n"
    },
    {
      "start": 11112,
      "stop": 12365,
      "text": "ih\n"
    },
    {
      "start": 12365,
      "stop": 12760,
      "text": "nx\n"
    },
    {
      "start": 12760,
      "stop": 14200,
      "text": "axr\n"
    },
    {
      "start": 14200,
      "stop": 14910,
      "text": "dcl\n"
    },
    {
      "start": 14910,
      "stop": 15640,
      "text": "jh\n"
    },
    {
      "start": 15640,
      "stop": 17107,
      "text": "ix\n"
    },
    {
      "start": 17107,
      "stop": 18297,
      "text": "l\n"
    },
    {
      "start": 18297,
      "stop": 20280,
      "text": "eh\n"
    },
    {
      "start": 20280,
      "stop": 21080,
      "text": "v\n"
    },
    {
      "start": 21080,
      "stop": 23624,
      "text": "el\n"
    },
    {
      "start": 23624,
      "stop": 25700,
      "text": "z\n"
    },
    {
      "start": 25700,
      "stop": 28000,
      "text": "h#\n"
    }
  ],
  "phonetic_codes": [
    "/ax t aa1 m ih k/",
    "/eh1 n er jh iy/"
  ],
  "race": "Black",
  "recording_date": "03/20/86",
  "sentence": "Atomic energy levels.",
  "sentence_id": "SI1274",
  "sentence_time": {
    "start": 0,
    "stop": 28058,
    "text": "Atomic energy levels.\n"
  },
  "sex": "M",
  "speaker_id": "TDP0",
  "speech": "SI1274TDP0",
  "speech_dataset": "timit",
  "use": "System training speaker",
  "word_times": [
    {
      "start": 0,
      "stop": 2240,
      "text": "h#\n"
    },
    {
      "start": 2240,
      "stop": 3160,
      "text": "ah\n"
    },
    {
      "start": 3160,
      "stop": 4480,
      "text": "tcl\n"
    },
    {
      "start": 4480,
      "stop": 5070,
      "text": "t\n"
    },
    {
      "start": 5070,
      "stop": 6560,
      "text": "aa\n"
    },
    {
      "start": 6560,
      "stop": 7360,
      "text": "m\n"
    },
    {
      "start": 7360,
      "stop": 8480,
      "text": "ih\n"
    },
    {
      "start": 8480,
      "stop": 9559,
      "text": "kcl\n"
    },
    {
      "start": 9559,
      "stop": 10640,
      "text": "pau\n"
    },
    {
      "start": 10640,
      "stop": 11112,
      "text": "q\n"
    },
    {
      "start": 11112,
      "stop": 12365,
      "text": "ih\n"
    },
    {
      "start": 12365,
      "stop": 12760,
      "text": "nx\n"
    },
    {
      "start": 12760,
      "stop": 14200,
      "text": "axr\n"
    },
    {
      "start": 14200,
      "stop": 14910,
      "text": "dcl\n"
    },
    {
      "start": 14910,
      "stop": 15640,
      "text": "jh\n"
    },
    {
      "start": 15640,
      "stop": 17107,
      "text": "ix\n"
    },
    {
      "start": 17107,
      "stop": 18297,
      "text": "l\n"
    },
    {
      "start": 18297,
      "stop": 20280,
      "text": "eh\n"
    },
    {
      "start": 20280,
      "stop": 21080,
      "text": "v\n"
    },
    {
      "start": 21080,
      "stop": 23624,
      "text": "el\n"
    },
    {
      "start": 23624,
      "stop": 25700,
      "text": "z\n"
    },
    {
      "start": 25700,
      "stop": 28000,
      "text": "h#\n"
    }
  ]
}