{
  "algo": "consensus",
  "birth_date": "11/02/60",
  "comments": "",
  "dialect": "Western",
  "education": "Bachelor's Degree (BS or BA)",
  "height": 1.8796000000000002,
  "noise_dataset": null,
  "phoneme_times": [
    {
      "start": 0,
      "stop": 2686,
      "text": "h#\n"
    },
    {
      "start": 2686,
      "stop": 4399,
      "text": "s\n"
    },
    {
      "start": 4399,
      "stop": 5096,
      "text": "ax-h\n"
    },
    {
      "start": 5096,
      "stop": 5531,
      "text": "l\n"
    },
    {
      "start": 5531,
      "stop": 6840,
      "text": "eh\n"
    },
    {
      "start": 6840,
      "stop": 8040,
      "text": "kcl\n"
    },
    {
      "start": 8040,
      "stop": 8666,
      "text": "t\n"
    },
    {
      "start": 8666,
      "stop": 9240,
      "text": "ix\n"
    },
    {
      "start": 9240,
      "stop": 10680,
      "text": "dcl\n"
    },
    {
      "start": 10680,
      "stop": 11195,
      "text": "b\n"
    },
    {
      "start": 11195,
      "stop": 12280,
      "text": "ix\n"
    },
    {
      "start": 12280,
      "stop": 13080,
      "text": "bcl\n"
    },
    {
      "start": 13080,
      "stop": 13720,
      "text": "b\n"
    },
    {
      "start": 13720,
      "stop": 14287,
      "text": "l\n"
    },
    {
      "start": 14287,
      "stop": 16167,
      "text": "iy\n"
    },
    {
      "start": 16167,
      "stop": 18440,
      "text": "aa\n"
    },
    {
      "start": 18440,
      "stop": 19000,
      "text": "gcl\n"
    },
    {
      "start": 19000,
      "stop": 19397,
      "text": "g\n"
    },
    {
      "start": 19397,
      "stop": 20219,
      "text": "axr\n"
    },
    {
      "start": 20219,
      "stop": 22266,
      "text": "f\n"
    },
    {
      "start": 22266,
      "stop": 24040,
      "text": "iy\n"
    },
    {
      "start": 24040,
      "stop": 25433,
      "text": "z\n"
    },
    {
      "start": 25433,
      "stop": 26276,
      "text": "q\n"
    },
    {
      "start": 26276,
      "stop": 26840,
      "text": "ix\n"
    },
    {
      "start": 26840,
      "stop": 27761,
      "text": "n\n"
    },
    {
      "start": 27761,
      "stop": 28520,
      "text": "tcl\n"
    },
    {
      "start": 28520,
      "stop": 29493,
      "text": "t\n"
    },
    {
      "start": 29493,
      "stop": 31240,
      "text": "ey\n"
    },
    {
      "start": 31240,
      "stop": 32040,
      "text": "bcl\n"
    },
    {
      "start": 32040,
      "stop": 32645,
      "text": "b\n"
    },
    {
      "start": 32645,
      "stop": 34200,
      "text": "el\n"
    },
    {
      "start": 34200,
      "stop": 35800,
      "text": "z\n"
    },
    {
      "start": 35800,
      "stop": 36520,
      "text": "ax\n"
    },
    {
      "start": 36520,
      "stop": 37320,
      "text": "v\n"
    },
    {
      "start": 37320,
      "stop": 38554,
      "text": "ax\n"
    },
    {
      "start": 38554,
      "stop": 40040,
      "text": "v\n"
    },
    {
      "start": 40040,
      "stop": 41841,
      "text": "ey\n"
    },
    {
      "start": 41841,
      "stop": 43800,
      "text": "l\n"
    },
    {
      "start": 43800,
      "stop": 44520,
      "text": "bcl\n"
    },
    {
      "start": 44520,
      "stop": 45240,
      "text": "b\n"
    },
    {
      "start": 45240,
      "stop": 46499,
      "text": "el\n"
    },
    {
      "start": 46499,
      "stop": 47800,
      "text": "dcl\n"
    },
    {
      "start": 47800,
      "stop": 48280,
      "text": "d\n"
    },
    {
      "start": 48280,
      "stop": 50520,
      "text": "ey\n"
    },
    {
      "start": 50520,
      "stop": 51152,
      "text": "dx\n"
    },
    {
      "start": 51152,
      "stop": 52424,
      "text": "ax\n"
    },
    {
      "start": 52424,
      "stop": 54353,
      "text": "q\n"
    },
    {
      "start": 54353,
      "stop": 55640,
      "text": "axr\n"
    },
    {
      "start": 55640,
      "stop": 56360,
      "text": "n\n"
    },
    {
      "start": 56360,
      "stop": 59257,
      "text": "aw\n"
    },
    {
      "start": 59257,
      "stop": 59854,
      "text": "ax\n"
    },
    {
      "start": 59854,
      "stop": 60525,
      "text": "n\n"
    },
    {
      "start": 60525,
      "stop": 61400,
      "text": "pcl\n"
    },
    {
      "start": 61400,
      "stop": 62440,
      "text": "p\n"
    },
    {
      "start": 62440,
      "stop": 63480,
      "text": "axr\n"
    },
    {
      "start": 63480,
      "stop": 64838,
      "text": "pcl\n"
    },
    {
      "start": 64838,
      "stop": 65714,
      "text": "p\n"
    },
    {
      "start": 65714,
      "stop": 66776,
      "text": "axr\n"
    },
    {
      "start": 66776,
      "stop": 68238,
      "text": "ey\n"
    },
    {
      "start": 68238,
      "stop": 70280,
      "text": "sh\n"
    },
    {
      "start": 70280,
      "stop": 71761,
      "text": "en\n"
    },
    {
      "start": 71761,
      "stop": 73360,
      "text": "h#\n"
    }
  ],
  "phonetic_codes": [
    "/s ax l eh1 k t ix d/",
    "/b ih2 b l iy aa1 g r ax f iy z/",
    "/ae n d/",
    "/t ey1 b el z/",
    "/ax v/",
    "/ax v ey1 l ix b el/",
    "/d ey1 t ax/",
    "/aa1 r/",
    "/n aw1/",
    "/ih1 n/"
  ],
  "race": "White",
  "recording_date": "02/12/86",
  "sentence": "Selected bibliographies and tables of available data are now in preparation.",
  "sentence_id": "SI1273",
  "sentence_time": {
    "start": 0,
    "stop": 73421,
    "text": "Selected bibliographies and tables of available data are now in preparation.\n"
  },
  "sex": "M",
  "speaker_id": "KDR0",
  "speech": "SI1273KDR0",
  "speech_dataset": "timit",
  "use": "System test speaker",
  "word_times": [
    {
      "start": 0,
      "stop": 2686,
      "text": "h#\n"
    },
    {
      "start": 2686,
      "stop": 4399,
      "text": "s\n"
    },
    {
      "start": 4399,
      "stop": 5096,
      "text": "ax-h\n"
    },
    {
      "start": 5096,
      "stop": 5531,
      "text": "l\n"
    },
    {
      "start": 5531,
      "stop": 6840,
      "text": "eh\n"
    },
    {
      "start": 6840,
      "stop": 8040,
      "text": "kcl\n"
    },
    {
      "start": 8040,
      "stop": 8666,
      "text": "t\n"
    },
    {
      "start": 8666,
      "stop": 9240,
      "text": "ix\n"
    },
    {
      "start": 9240,
      "stop": 10680,
      "text": "dcl\n"
    },
    {
      "start": 10680,
      "stop": 11195,
      "text": "b\n"
    },
    {
      "start": 11195,
      "stop": 12280,
      "text": "ix\n"
    },
    {
      "start": 12280,
      "stop": 13080,
      "text": "bcl\n"
    },
    {
      "start": 13080,
      "stop": 13720,
      "text": "b\n"
    },
    {
      "start": 13720,
      "stop": 14287,
      "text": "l\n"
    },
    {
      "start": 14287,
      "stop": 16167,
      "text": "iy\n"
    },
    {
      "start": 16167,
      "stop": 18440,
      "text": "aa\n"
    },
    {
      "start": 18440,
      "stop": 19000,
      "text": "gcl\n"
    },
    {
      "start": 19000,
      "stop": 19397,
      "text": "g\n"
    },
    {
      "start": 19397,
      "stop": 20219,
      "text": "axr\n"
    },
    {
      "start": 20219,
      "stop": 22266,
      "text": "f\n"
    },
    {
      "start": 22266,
      "stop": 24040,
      "text": "iy\n"
    },
    {
      "start": 24040,
      "stop": 25433,
      "text": "z\n"
    },
    {
      "start": 25433,
      "stop": 26276,
      "text": "q\n"
    },
    {
      "start": 26276,
      "stop": 26840,
      "text": "ix\n"
    },
    {
      "start": 26840,
      "stop": 27761,
      "text": "n\n"
    },
    {
      "start": 27761,
      "stop": 28520,
      "text": "tcl\n"
    },
    {
      "start": 28520,
      "stop": 29493,
      "text": "t\n"
    },
    {
      "start": 29493,
      "stop": 31240,
      "text": "ey\n"
    },
    {
      "start": 31240,
      "stop": 32040,
      "text": "bcl\n"
    },
    {
      "start": 32040,
      "stop": 32645,
      "text": "b\n"
    },
    {
      "start": 32645,
      "stop": 34200,
      "text": "el\n"
    },
    {
      "start": 34200,
      "stop": 35800,
      "text": "z\n"
    },
    {
      "start": 35800,
      "stop": 36520,
      "text": "ax\n"
    },
    {
      "start": 36520,
      "stop": 37320,
      "text": "v\n"
    },
    {
      "start": 37320,
      "stop": 38554,
      "text": "ax\n"
    },
    {
      "start": 38554,
      "stop": 40040,
      "text": "v\n"
    },
    {
      "start": 40040,
      "stop": 41841,
      "text": "ey\n"
    },
    {
      "start": 41841,
      "stop": 43800,
      "text": "l\n"
    },
    {
      "start": 43800,
      "stop": 44520,
      "text": "bcl\n"
    },
    {
      "start": 44520,
      "stop": 45240,
      "text": "b\n"
    },
    {
      "start": 45240,
      "stop": 46499,
      "text": "el\n"
    },
    {
      "start": 46499,
      "stop": 47800,
      "text": "dcl\n"
    },
    {
      "start": 47800,
      "stop": 48280,
      "text": "d\n"
    },
    {
      "start": 48280,
      "stop": 50520,
      "text": "ey\n"
    },
    {
      "start": 50520,
      "stop": 51152,
      "text": "dx\n"
    },
    {
      "start": 51152,
      "stop": 52424,
      "text": "ax\n"
    },
    {
      "start": 52424,
      "stop": 54353,
      "text": "q\n"
    },
    {
      "start": 54353,
      "stop": 55640,
      "text": "axr\n"
    },
    {
      "start": 55640,
      "stop": 56360,
      "text": "n\n"
    },
    {
      "start": 56360,
      "stop": 59257,
      "text": "aw\n"
    },
    {
      "start": 59257,
      "stop": 59854,
      "text": "ax\n"
    },
    {
      "start": 59854,
      "stop": 60525,
      "text": "n\n"
    },
    {
      "start": 60525,
      "stop": 61400,
      "text": "pcl\n"
    },
    {
      "start": 61400,
      "stop": 62440,
      "text": "p\n"
    },
    {
      "start": 62440,
      "stop": 63480,
      "text": "axr\n"
    },
    {
      "start": 63480,
      "stop": 64838,
      "text": "pcl\n"
    },
    {
      "start": 64838,
      "stop": 65714,
      "text": "p\n"
    },
    {
      "start": 65714,
      "stop": 66776,
      "text": "axr\n"
    },
    {
      "start": 66776,
      "stop": 68238,
      "text": "ey\n"
    },
    {
      "start": 68238,
      "stop": 70280,
      "text": "sh\n"
    },
    {
      "start": 70280,
      "stop": 71761,
      "text": "en\n"
    },
    {
      "start": 71761,
      "stop": 73360,
      "text": "h#\n"
    }
  ]
}