{
  "algo": "consensus",
  "birth_date": "02/24/58",
  "comments": "",
  "dialect": "South Midland",
  "education": "High School",
  "height": 1.6256,
  "noise_dataset": null,
  "phoneme_times": [
    {
      "start": 0,
      "stop": 1020,
      "text": "h#\n"
    },
    {
      "start": 1020,
      "stop": 2040,
      "text": "dcl\n"
    },
    {
      "start": 2040,
      "stop": 2520,
      "text": "d\n"
    },
    {
      "start": 2520,
      "stop": 4093,
      "text": "ow\n"
    },
    {
      "start": 4093,
      "stop": 4678,
      "text": "n\n"
    },
    {
      "start": 4678,
      "stop": 5514,
      "text": "q\n"
    },
    {
      "start": 5514,
      "stop": 7720,
      "text": "ae\n"
    },
    {
      "start": 7720,
      "stop": 8440,
      "text": "kcl\n"
    },
    {
      "start": 8440,
      "stop": 9775,
      "text": "s\n"
    },
    {
      "start": 9775,
      "stop": 10280,
      "text": "epi\n"
    },
    {
      "start": 10280,
      "stop": 10945,
      "text": "m\n"
    },
    {
      "start": 10945,
      "stop": 13160,
      "text": "iy\n"
    },
    {
      "start": 13160,
      "stop": 13560,
      "text": "tcl\n"
    },
    {
      "start": 13560,
      "stop": 14440,
      "text": "t\n"
    },
    {
      "start": 14440,
      "stop": 15000,
      "text": "ix\n"
    },
    {
      "start": 15000,
      "stop": 15874,
      "text": "kcl\n"
    },
    {
      "start": 15874,
      "stop": 17000,
      "text": "k\n"
    },
    {
      "start": 17000,
      "stop": 18631,
      "text": "eh\n"
    },
    {
      "start": 18631,
      "stop": 20302,
      "text": "r\n"
    },
    {
      "start": 20302,
      "stop": 22760,
      "text": "iy\n"
    },
    {
      "start": 22760,
      "stop": 24313,
      "text": "pau\n"
    },
    {
      "start": 24313,
      "stop": 24920,
      "text": "ix\n"
    },
    {
      "start": 24920,
      "stop": 25483,
      "text": "n\n"
    },
    {
      "start": 25483,
      "stop": 26443,
      "text": "q\n"
    },
    {
      "start": 26443,
      "stop": 28699,
      "text": "ao\n"
    },
    {
      "start": 28699,
      "stop": 29618,
      "text": "l\n"
    },
    {
      "start": 29618,
      "stop": 30913,
      "text": "iy\n"
    },
    {
      "start": 30913,
      "stop": 32751,
      "text": "r\n"
    },
    {
      "start": 32751,
      "stop": 35960,
      "text": "ae\n"
    },
    {
      "start": 35960,
      "stop": 37000,
      "text": "gcl\n"
    },
    {
      "start": 37000,
      "stop": 37560,
      "text": "g\n"
    },
    {
      "start": 37560,
      "stop": 37973,
      "text": "l\n"
    },
    {
      "start": 37973,
      "stop": 39320,
      "text": "ay\n"
    },
    {
      "start": 39320,
      "stop": 41800,
      "text": "kcl\n"
    },
    {
      "start": 41800,
      "stop": 42200,
      "text": "dh\n"
    },
    {
      "start": 42200,
      "stop": 44600,
      "text": "ae\n"
    },
    {
      "start": 44600,
      "stop": 46280,
      "text": "tcl\n"
    },
    {
      "start": 46280,
      "stop": 46840,
      "text": "t\n"
    },
    {
      "start": 46840,
      "stop": 48880,
      "text": "h#\n"
    }
  ],
  "phonetic_codes": [
    "/d ow1 n t/",
    "/ae1 s k/",
    "/m iy1/",
    "/t uw1/",
    "/k ae1 r iy/",
    "/ae n/",
    "/oy1 l iy/",
    "/r ae1 g/",
    "/l ay1 k/"
  ],
  "race": "Black",
  "recording_date": "01/17/86",
  "sentence": "Don't ask me to carry an oily rag like that.",
  "sentence_id": "SA2",
  "sentence_time": {
    "start": 0,
    "stop": 48948,
    "text": "Don't ask me to carry an oily rag like that.\n"
  },
  "sex": "F",
  "speaker_id": "CRH0",
  "speech": "SA2CRH0",
  "speech_dataset": "timit",
  "use": "System test speaker",
  "word_times": [
    {
      "start": 0,
      "stop": 1020,
      "text": "h#\n"
    },
    {
      "start": 1020,
      "stop": 2040,
      "text": "dcl\n"
    },
    {
      "start": 2040,
      "stop": 2520,
      "text": "d\n"
    },
    {
      "start": 2520,
      "stop": 4093,
      "text": "ow\n"
    },
    {
      "start": 4093,
      "stop": 4678,
      "text": "n\n"
    },
    {
      "start": 4678,
      "stop": 5514,
      "text": "q\n"
    },
    {
      "start": 5514,
      "stop": 7720,
      "text": "ae\n"
    },
    {
      "start": 7720,
      "stop": 8440,
      "text": "kcl\n"
    },
    {
      "start": 8440,
      "stop": 9775,
      "text": "s\n"
    },
    {
      "start": 9775,
      "stop": 10280,
      "text": "epi\n"
    },
    {
      "start": 10280,
      "stop": 10945,
      "text": "m\n"
    },
    {
      "start": 10945,
      "stop": 13160,
      "text": "iy\n"
    },
    {
      "start": 13160,
      "stop": 13560,
      "text": "tcl\n"
    },
    {
      "start": 13560,
      "stop": 14440,
      "text": "t\n"
    },
    {
      "start": 14440,
      "stop": 15000,
      "text": "ix\n"
    },
    {
      "start": 15000,
      "stop": 15874,
      "text": "kcl\n"
    },
    {
      "start": 15874,
      "stop": 17000,
      "text": "k\n"
    },
    {
      "start": 17000,
      "stop": 18631,
      "text": "eh\n"
    },
    {
      "start": 18631,
      "stop": 20302,
      "text": "r\n"
    },
    {
      "start": 20302,
      "stop": 22760,
      "text": "iy\n"
    },
    {
      "start": 22760,
      "stop": 24313,
      "text": "pau\n"
    },
    {
      "start": 24313,
      "stop": 24920,
      "text": "ix\n"
    },
    {
      "start": 24920,
      "stop": 25483,
      "text": "n\n"
    },
    {
      "start": 25483,
      "stop": 26443,
      "text": "q\n"
    },
    {
      "start": 26443,
      "stop": 28699,
      "text": "ao\n"
    },
    {
      "start": 28699,
      "stop": 29618,
      "text": "l\n"
    },
    {
      "start": 29618,
      "stop": 30913,
      "text": "iy\n"
    },
    {
      "start": 30913,
      "stop": 32751,
      "text": "r\n"
    },
    {
      "start": 32751,
      "stop": 35960,
      "text": "ae\n"
    },
    {
      "start": 35960,
      "stop": 37000,
      "text": "gcl\n"
    },
    {
      "start": 37000,
      "stop": 37560,
      "text": "g\n"
    },
    {
      "start": 37560,
      "stop": 37973,
      "text": "l\n"
    },
    {
      "start": 37973,
      "stop": 39320,
      "text": "ay\n"
    },
    {
      "start": 39320,
      "stop": 41800,
      "text": "kcl\n"
    },
    {
      "start": 41800,
      "stop": 42200,
      "text": "dh\n"
    },
    {
      "start": 42200,
      "stop": 44600,
      "text": "ae\n"
    },
    {
      "start": 44600,
      "stop": 46280,
      "text": "tcl\n"
    },
    {
      "start": 46280,
      "stop": 46840,
      "text": "t\n"
    },
    {
      "start": 46840,
      "stop": 48880,
      "text": "h#\n"
    }
  ]
}