{
  "algo": "consensus",
  "birth_date": "03/10/59",
  "comments": "MOVED DURING FIRST 5 YRS, CALLS MAINE HOME. \n",
  "dialect": "New England",
  "education": "Bachelor's Degree (BS or BA)",
  "height": 1.8796000000000002,
  "noise_dataset": null,
  "phoneme_times": [
    {
      "start": 0,
      "stop": 2280,
      "text": "h#\n"
    },
    {
      "start": 2280,
      "stop": 3000,
      "text": "hh\n"
    },
    {
      "start": 3000,
      "stop": 3720,
      "text": "iy\n"
    },
    {
      "start": 3720,
      "stop": 5080,
      "text": "pcl\n"
    },
    {
      "start": 5080,
      "stop": 5960,
      "text": "p\n"
    },
    {
      "start": 5960,
      "stop": 6573,
      "text": "l\n"
    },
    {
      "start": 6573,
      "stop": 7800,
      "text": "ey\n"
    },
    {
      "start": 7800,
      "stop": 8840,
      "text": "dcl\n"
    },
    {
      "start": 8840,
      "stop": 9080,
      "text": "b\n"
    },
    {
      "start": 9080,
      "stop": 11800,
      "text": "ae\n"
    },
    {
      "start": 11800,
      "stop": 12960,
      "text": "s\n"
    },
    {
      "start": 12960,
      "stop": 13600,
      "text": "kcl\n"
    },
    {
      "start": 13600,
      "stop": 14080,
      "text": "k\n"
    },
    {
      "start": 14080,
      "stop": 14560,
      "text": "ix\n"
    },
    {
      "start": 14560,
      "stop": 15120,
      "text": "bcl\n"
    },
    {
      "start": 15120,
      "stop": 16800,
      "text": "ao\n"
    },
    {
      "start": 16800,
      "stop": 17640,
      "text": "l\n"
    },
    {
      "start": 17640,
      "stop": 18360,
      "text": "dh\n"
    },
    {
      "start": 18360,
      "stop": 20386,
      "text": "eh\n"
    },
    {
      "start": 20386,
      "stop": 21400,
      "text": "r\n"
    },
    {
      "start": 21400,
      "stop": 22280,
      "text": "w\n"
    },
    {
      "start": 22280,
      "stop": 23826,
      "text": "ay\n"
    },
    {
      "start": 23826,
      "stop": 24600,
      "text": "l\n"
    },
    {
      "start": 24600,
      "stop": 25720,
      "text": "w\n"
    },
    {
      "start": 25720,
      "stop": 27400,
      "text": "er\n"
    },
    {
      "start": 27400,
      "stop": 28520,
      "text": "kcl\n"
    },
    {
      "start": 28520,
      "stop": 29326,
      "text": "iy\n"
    },
    {
      "start": 29326,
      "stop": 29953,
      "text": "ng\n"
    },
    {
      "start": 29953,
      "stop": 30680,
      "text": "tcl\n"
    },
    {
      "start": 30680,
      "stop": 32041,
      "text": "t\n"
    },
    {
      "start": 32041,
      "stop": 32893,
      "text": "ao\n"
    },
    {
      "start": 32893,
      "stop": 33240,
      "text": "r\n"
    },
    {
      "start": 33240,
      "stop": 33720,
      "text": "dx\n"
    },
    {
      "start": 33720,
      "stop": 34520,
      "text": "ax\n"
    },
    {
      "start": 34520,
      "stop": 35480,
      "text": "l\n"
    },
    {
      "start": 35480,
      "stop": 38120,
      "text": "ao\n"
    },
    {
      "start": 38120,
      "stop": 38600,
      "text": "dcl\n"
    },
    {
      "start": 38600,
      "stop": 38840,
      "text": "d\n"
    },
    {
      "start": 38840,
      "stop": 39800,
      "text": "ix\n"
    },
    {
      "start": 39800,
      "stop": 40520,
      "text": "gcl\n"
    },
    {
      "start": 40520,
      "stop": 41240,
      "text": "g\n"
    },
    {
      "start": 41240,
      "stop": 41853,
      "text": "r\n"
    },
    {
      "start": 41853,
      "stop": 43080,
      "text": "iy\n"
    },
    {
      "start": 43080,
      "stop": 45440,
      "text": "h#\n"
    }
  ],
  "phonetic_codes": [
    "/hh iy1/",
    "/p l ey1 d/",
    "/b ae1 s k ih t b ao2 l/",
    "/dh ae1 r/",
    "/hh w ay1 l/",
    "/w er1 k ix ng/",
    "/t ao1 r d/",
    "/ax/",
    "/l ao1/"
  ],
  "race": "White",
  "recording_date": "01/20/86",
  "sentence": "He played basketball there while working toward a law degree.",
  "sentence_id": "SI472",
  "sentence_time": {
    "start": 0,
    "stop": 45467,
    "text": "He played basketball there while working toward a law degree.\n"
  },
  "sex": "M",
  "speaker_id": "RWS0",
  "speech": "SI472RWS0",
  "speech_dataset": "timit",
  "use": "System training speaker",
  "word_times": [
    {
      "start": 0,
      "stop": 2280,
      "text": "h#\n"
    },
    {
      "start": 2280,
      "stop": 3000,
      "text": "hh\n"
    },
    {
      "start": 3000,
      "stop": 3720,
      "text": "iy\n"
    },
    {
      "start": 3720,
      "stop": 5080,
      "text": "pcl\n"
    },
    {
      "start": 5080,
      "stop": 5960,
      "text": "p\n"
    },
    {
      "start": 5960,
      "stop": 6573,
      "text": "l\n"
    },
    {
      "start": 6573,
      "stop": 7800,
      "text": "ey\n"
    },
    {
      "start": 7800,
      "stop": 8840,
      "text": "dcl\n"
    },
    {
      "start": 8840,
      "stop": 9080,
      "text": "b\n"
    },
    {
      "start": 9080,
      "stop": 11800,
      "text": "ae\n"
    },
    {
      "start": 11800,
      "stop": 12960,
      "text": "s\n"
    },
    {
      "start": 12960,
      "stop": 13600,
      "text": "kcl\n"
    },
    {
      "start": 13600,
      "stop": 14080,
      "text": "k\n"
    },
    {
      "start": 14080,
      "stop": 14560,
      "text": "ix\n"
    },
    {
      "start": 14560,
      "stop": 15120,
      "text": "bcl\n"
    },
    {
      "start": 15120,
      "stop": 16800,
      "text": "ao\n"
    },
    {
      "start": 16800,
      "stop": 17640,
      "text": "l\n"
    },
    {
      "start": 17640,
      "stop": 18360,
      "text": "dh\n"
    },
    {
      "start": 18360,
      "stop": 20386,
      "text": "eh\n"
    },
    {
      "start": 20386,
      "stop": 21400,
      "text": "r\n"
    },
    {
      "start": 21400,
      "stop": 22280,
      "text": "w\n"
    },
    {
      "start": 22280,
      "stop": 23826,
      "text": "ay\n"
    },
    {
      "start": 23826,
      "stop": 24600,
      "text": "l\n"
    },
    {
      "start": 24600,
      "stop": 25720,
      "text": "w\n"
    },
    {
      "start": 25720,
      "stop": 27400,
      "text": "er\n"
    },
    {
      "start": 27400,
      "stop": 28520,
      "text": "kcl\n"
    },
    {
      "start": 28520,
      "stop": 29326,
      "text": "iy\n"
    },
    {
      "start": 29326,
      "stop": 29953,
      "text": "ng\n"
    },
    {
      "start": 29953,
      "stop": 30680,
      "text": "tcl\n"
    },
    {
      "start": 30680,
      "stop": 32041,
      "text": "t\n"
    },
    {
      "start": 32041,
      "stop": 32893,
      "text": "ao\n"
    },
    {
      "start": 32893,
      "stop": 33240,
      "text": "r\n"
    },
    {
      "start": 33240,
      "stop": 33720,
      "text": "dx\n"
    },
    {
      "start": 33720,
      "stop": 34520,
      "text": "ax\n"
    },
    {
      "start": 34520,
      "stop": 35480,
      "text": "l\n"
    },
    {
      "start": 35480,
      "stop": 38120,
      "text": "ao\n"
    },
    {
      "start": 38120,
      "stop": 38600,
      "text": "dcl\n"
    },
    {
      "start": 38600,
      "stop": 38840,
      "text": "d\n"
    },
    {
      "start": 38840,
      "stop": 39800,
      "text": "ix\n"
    },
    {
      "start": 39800,
      "stop": 40520,
      "text": "gcl\n"
    },
    {
      "start": 40520,
      "stop": 41240,
      "text": "g\n"
    },
    {
      "start": 41240,
      "stop": 41853,
      "text": "r\n"
    },
    {
      "start": 41853,
      "stop": 43080,
      "text": "iy\n"
    },
    {
      "start": 43080,
      "stop": 45440,
      "text": "h#\n"
    }
  ]
}