{
  "algo": "consensus",
  "birth_date": "06/20/47",
  "comments": "",
  "dialect": "Army Brat (moved around)",
  "education": "Master's Degree (MS or MA)",
  "height": 1.9304000000000001,
  "noise_dataset": null,
  "phoneme_times": [
    {
      "start": 0,
      "stop": 2170,
      "text": "h#\n"
    },
    {
      "start": 2170,
      "stop": 2910,
      "text": "p\n"
    },
    {
      "start": 2910,
      "stop": 3260,
      "text": "r\n"
    },
    {
      "start": 3260,
      "stop": 3834,
      "text": "ih\n"
    },
    {
      "start": 3834,
      "stop": 4636,
      "text": "m\n"
    },
    {
      "start": 4636,
      "stop": 5160,
      "text": "ix\n"
    },
    {
      "start": 5160,
      "stop": 5600,
      "text": "dx\n"
    },
    {
      "start": 5600,
      "stop": 6320,
      "text": "ix\n"
    },
    {
      "start": 6320,
      "stop": 6892,
      "text": "v\n"
    },
    {
      "start": 6892,
      "stop": 7880,
      "text": "tcl\n"
    },
    {
      "start": 7880,
      "stop": 9460,
      "text": "t\n"
    },
    {
      "start": 9460,
      "stop": 10360,
      "text": "r\n"
    },
    {
      "start": 10360,
      "stop": 12920,
      "text": "ay\n"
    },
    {
      "start": 12920,
      "stop": 13680,
      "text": "bcl\n"
    },
    {
      "start": 13680,
      "stop": 13963,
      "text": "b\n"
    },
    {
      "start": 13963,
      "stop": 15120,
      "text": "z\n"
    },
    {
      "start": 15120,
      "stop": 15680,
      "text": "hv\n"
    },
    {
      "start": 15680,
      "stop": 16600,
      "text": "eh\n"
    },
    {
      "start": 16600,
      "stop": 17080,
      "text": "v\n"
    },
    {
      "start": 17080,
      "stop": 17629,
      "text": "ix\n"
    },
    {
      "start": 17629,
      "stop": 18255,
      "text": "n\n"
    },
    {
      "start": 18255,
      "stop": 19720,
      "text": "ah\n"
    },
    {
      "start": 19720,
      "stop": 21366,
      "text": "pcl\n"
    },
    {
      "start": 21366,
      "stop": 21641,
      "text": "b\n"
    },
    {
      "start": 21641,
      "stop": 23400,
      "text": "iy\n"
    },
    {
      "start": 23400,
      "stop": 23880,
      "text": "dx\n"
    },
    {
      "start": 23880,
      "stop": 26160,
      "text": "ae\n"
    },
    {
      "start": 26160,
      "stop": 26480,
      "text": "dx\n"
    },
    {
      "start": 26480,
      "stop": 27404,
      "text": "ih\n"
    },
    {
      "start": 27404,
      "stop": 28180,
      "text": "tcl\n"
    },
    {
      "start": 28180,
      "stop": 29290,
      "text": "t\n"
    },
    {
      "start": 29290,
      "stop": 31080,
      "text": "ux\n"
    },
    {
      "start": 31080,
      "stop": 31800,
      "text": "dcl\n"
    },
    {
      "start": 31800,
      "stop": 32334,
      "text": "d\n"
    },
    {
      "start": 32334,
      "stop": 37280,
      "text": "h#\n"
    }
  ],
  "phonetic_codes": [
    "/p r ih1 m ax t ih v/",
    "/t r ay1 b z/",
    "/hh ae1 v/",
    "/ae n/",
    "/ah1 p b iy2 t/"
  ],
  "race": "White",
  "recording_date": "03/20/86",
  "sentence": "Primitive tribes have an upbeat attitude.",
  "sentence_id": "SX87",
  "sentence_time": {
    "start": 0,
    "stop": 37376,
    "text": "Primitive tribes have an upbeat attitude.\n"
  },
  "sex": "M",
  "speaker_id": "MLM0",
  "speech": "SX87MLM0",
  "speech_dataset": "timit",
  "use": "System training speaker",
  "word_times": [
    {
      "start": 0,
      "stop": 2170,
      "text": "h#\n"
    },
    {
      "start": 2170,
      "stop": 2910,
      "text": "p\n"
    },
    {
      "start": 2910,
      "stop": 3260,
      "text": "r\n"
    },
    {
      "start": 3260,
      "stop": 3834,
      "text": "ih\n"
    },
    {
      "start": 3834,
      "stop": 4636,
      "text": "m\n"
    },
    {
      "start": 4636,
      "stop": 5160,
      "text": "ix\n"
    },
    {
      "start": 5160,
      "stop": 5600,
      "text": "dx\n"
    },
    {
      "start": 5600,
      "stop": 6320,
      "text": "ix\n"
    },
    {
      "start": 6320,
      "stop": 6892,
      "text": "v\n"
    },
    {
      "start": 6892,
      "stop": 7880,
      "text": "tcl\n"
    },
    {
      "start": 7880,
      "stop": 9460,
      "text": "t\n"
    },
    {
      "start": 9460,
      "stop": 10360,
      "text": "r\n"
    },
    {
      "start": 10360,
      "stop": 12920,
      "text": "ay\n"
    },
    {
      "start": 12920,
      "stop": 13680,
      "text": "bcl\n"
    },
    {
      "start": 13680,
      "stop": 13963,
      "text": "b\n"
    },
    {
      "start": 13963,
      "stop": 15120,
      "text": "z\n"
    },
    {
      "start": 15120,
      "stop": 15680,
      "text": "hv\n"
    },
    {
      "start": 15680,
      "stop": 16600,
      "text": "eh\n"
    },
    {
      "start": 16600,
      "stop": 17080,
      "text": "v\n"
    },
    {
      "start": 17080,
      "stop": 17629,
      "text": "ix\n"
    },
    {
      "start": 17629,
      "stop": 18255,
      "text": "n\n"
    },
    {
      "start": 18255,
      "stop": 19720,
      "text": "ah\n"
    },
    {
      "start": 19720,
      "stop": 21366,
      "text": "pcl\n"
    },
    {
      "start": 21366,
      "stop": 21641,
      "text": "b\n"
    },
    {
      "start": 21641,
      "stop": 23400,
      "text": "iy\n"
    },
    {
      "start": 23400,
      "stop": 23880,
      "text": "dx\n"
    },
    {
      "start": 23880,
      "stop": 26160,
      "text": "ae\n"
    },
    {
      "start": 26160,
      "stop": 26480,
      "text": "dx\n"
    },
    {
      "start": 26480,
      "stop": 27404,
      "text": "ih\n"
    },
    {
      "start": 27404,
      "stop": 28180,
      "text": "tcl\n"
    },
    {
      "start": 28180,
      "stop": 29290,
      "text": "t\n"
    },
    {
      "start": 29290,
      "stop": 31080,
      "text": "ux\n"
    },
    {
      "start": 31080,
      "stop": 31800,
      "text": "dcl\n"
    },
    {
      "start": 31800,
      "stop": 32334,
      "text": "d\n"
    },
    {
      "start": 32334,
      "stop": 37280,
      "text": "h#\n"
    }
  ]
}