{
  "algo": "consensus",
  "birth_date": "04/11/59",
  "comments": "",
  "dialect": "South Midland",
  "education": "Master's Degree (MS or MA)",
  "height": 1.6256,
  "noise_dataset": null,
  "phoneme_times": [
    {
      "start": 0,
      "stop": 2280,
      "text": "h#\n"
    },
    {
      "start": 2280,
      "stop": 4280,
      "text": "f\n"
    },
    {
      "start": 4280,
      "stop": 6934,
      "text": "ae\n"
    },
    {
      "start": 6934,
      "stop": 7352,
      "text": "tcl\n"
    },
    {
      "start": 7352,
      "stop": 10280,
      "text": "sh\n"
    },
    {
      "start": 10280,
      "stop": 14120,
      "text": "ow\n"
    },
    {
      "start": 14120,
      "stop": 14600,
      "text": "dcl\n"
    },
    {
      "start": 14600,
      "stop": 14955,
      "text": "d\n"
    },
    {
      "start": 14955,
      "stop": 15624,
      "text": "q\n"
    },
    {
      "start": 15624,
      "stop": 16459,
      "text": "ix\n"
    },
    {
      "start": 16459,
      "stop": 17796,
      "text": "n\n"
    },
    {
      "start": 17796,
      "stop": 18966,
      "text": "l\n"
    },
    {
      "start": 18966,
      "stop": 21000,
      "text": "uw\n"
    },
    {
      "start": 21000,
      "stop": 23352,
      "text": "s\n"
    },
    {
      "start": 23352,
      "stop": 24522,
      "text": "r\n"
    },
    {
      "start": 24522,
      "stop": 26109,
      "text": "ow\n"
    },
    {
      "start": 26109,
      "stop": 27800,
      "text": "l\n"
    },
    {
      "start": 27800,
      "stop": 29400,
      "text": "z\n"
    },
    {
      "start": 29400,
      "stop": 30440,
      "text": "bcl\n"
    },
    {
      "start": 30440,
      "stop": 30720,
      "text": "b\n"
    },
    {
      "start": 30720,
      "stop": 31039,
      "text": "ix\n"
    },
    {
      "start": 31039,
      "stop": 32119,
      "text": "n\n"
    },
    {
      "start": 32119,
      "stop": 33880,
      "text": "iy\n"
    },
    {
      "start": 33880,
      "stop": 36280,
      "text": "th\n"
    },
    {
      "start": 36280,
      "stop": 37000,
      "text": "ix\n"
    },
    {
      "start": 37000,
      "stop": 39320,
      "text": "sh\n"
    },
    {
      "start": 39320,
      "stop": 42680,
      "text": "er\n"
    },
    {
      "start": 42680,
      "stop": 43660,
      "text": "tcl\n"
    },
    {
      "start": 43660,
      "stop": 44640,
      "text": "h#\n"
    }
  ],
  "phonetic_codes": [
    "/f ae1 t/",
    "/sh ow1 d/",
    "/ih1 n/",
    "/l uw1 s/",
    "/r ow1 l z/",
    "/b ih n iy1 th/",
    "/dh ax/"
  ],
  "race": "White",
  "recording_date": "02/12/86",
  "sentence": "Fat showed in loose rolls beneath the shirt.",
  "sentence_id": "SI1909",
  "sentence_time": {
    "start": 0,
    "stop": 44647,
    "text": "Fat showed in loose rolls beneath the shirt.\n"
  },
  "sex": "F",
  "speaker_id": "ADG0",
  "speech": "SI1909ADG0",
  "speech_dataset": "timit",
  "use": "System test speaker",
  "word_times": [
    {
      "start": 0,
      "stop": 2280,
      "text": "h#\n"
    },
    {
      "start": 2280,
      "stop": 4280,
      "text": "f\n"
    },
    {
      "start": 4280,
      "stop": 6934,
      "text": "ae\n"
    },
    {
      "start": 6934,
      "stop": 7352,
      "text": "tcl\n"
    },
    {
      "start": 7352,
      "stop": 10280,
      "text": "sh\n"
    },
    {
      "start": 10280,
      "stop": 14120,
      "text": "ow\n"
    },
    {
      "start": 14120,
      "stop": 14600,
      "text": "dcl\n"
    },
    {
      "start": 14600,
      "stop": 14955,
      "text": "d\n"
    },
    {
      "start": 14955,
      "stop": 15624,
      "text": "q\n"
    },
    {
      "start": 15624,
      "stop": 16459,
      "text": "ix\n"
    },
    {
      "start": 16459,
      "stop": 17796,
      "text": "n\n"
    },
    {
      "start": 17796,
      "stop": 18966,
      "text": "l\n"
    },
    {
      "start": 18966,
      "stop": 21000,
      "text": "uw\n"
    },
    {
      "start": 21000,
      "stop": 23352,
      "text": "s\n"
    },
    {
      "start": 23352,
      "stop": 24522,
      "text": "r\n"
    },
    {
      "start": 24522,
      "stop": 26109,
      "text": "ow\n"
    },
    {
      "start": 26109,
      "stop": 27800,
      "text": "l\n"
    },
    {
      "start": 27800,
      "stop": 29400,
      "text": "z\n"
    },
    {
      "start": 29400,
      "stop": 30440,
      "text": "bcl\n"
    },
    {
      "start": 30440,
      "stop": 30720,
      "text": "b\n"
    },
    {
      "start": 30720,
      "stop": 31039,
      "text": "ix\n"
    },
    {
      "start": 31039,
      "stop": 32119,
      "text": "n\n"
    },
    {
      "start": 32119,
      "stop": 33880,
      "text": "iy\n"
    },
    {
      "start": 33880,
      "stop": 36280,
      "text": "th\n"
    },
    {
      "start": 36280,
      "stop": 37000,
      "text": "ix\n"
    },
    {
      "start": 37000,
      "stop": 39320,
      "text": "sh\n"
    },
    {
      "start": 39320,
      "stop": 42680,
      "text": "er\n"
    },
    {
      "start": 42680,
      "stop": 43660,
      "text": "tcl\n"
    },
    {
      "start": 43660,
      "stop": 44640,
      "text": "h#\n"
    }
  ]
}