{
  "algo": "consensus",
  "birth_date": "04/23/59",
  "comments": "",
  "dialect": "New York City",
  "education": "High School",
  "height": 1.6002,
  "noise_dataset": null,
  "phoneme_times": [
    {
      "start": 0,
      "stop": 3410,
      "text": "h#\n"
    },
    {
      "start": 3410,
      "stop": 3840,
      "text": "d\n"
    },
    {
      "start": 3840,
      "stop": 6057,
      "text": "ow\n"
    },
    {
      "start": 6057,
      "stop": 6692,
      "text": "n\n"
    },
    {
      "start": 6692,
      "stop": 7200,
      "text": "tcl\n"
    },
    {
      "start": 7200,
      "stop": 9580,
      "text": "ae\n"
    },
    {
      "start": 9580,
      "stop": 11190,
      "text": "s\n"
    },
    {
      "start": 11190,
      "stop": 11840,
      "text": "epi\n"
    },
    {
      "start": 11840,
      "stop": 12281,
      "text": "m\n"
    },
    {
      "start": 12281,
      "stop": 13200,
      "text": "iy\n"
    },
    {
      "start": 13200,
      "stop": 13640,
      "text": "dx\n"
    },
    {
      "start": 13640,
      "stop": 14920,
      "text": "ix\n"
    },
    {
      "start": 14920,
      "stop": 15450,
      "text": "kcl\n"
    },
    {
      "start": 15450,
      "stop": 16930,
      "text": "k\n"
    },
    {
      "start": 16930,
      "stop": 18172,
      "text": "eh\n"
    },
    {
      "start": 18172,
      "stop": 19383,
      "text": "r\n"
    },
    {
      "start": 19383,
      "stop": 20781,
      "text": "iy\n"
    },
    {
      "start": 20781,
      "stop": 21480,
      "text": "ax\n"
    },
    {
      "start": 21480,
      "stop": 22200,
      "text": "n\n"
    },
    {
      "start": 22200,
      "stop": 23018,
      "text": "q\n"
    },
    {
      "start": 23018,
      "stop": 25608,
      "text": "oy\n"
    },
    {
      "start": 25608,
      "stop": 26402,
      "text": "l\n"
    },
    {
      "start": 26402,
      "stop": 27640,
      "text": "iy\n"
    },
    {
      "start": 27640,
      "stop": 29000,
      "text": "r\n"
    },
    {
      "start": 29000,
      "stop": 31540,
      "text": "ae\n"
    },
    {
      "start": 31540,
      "stop": 32180,
      "text": "gcl\n"
    },
    {
      "start": 32180,
      "stop": 32529,
      "text": "g\n"
    },
    {
      "start": 32529,
      "stop": 33219,
      "text": "l\n"
    },
    {
      "start": 33219,
      "stop": 34600,
      "text": "ay\n"
    },
    {
      "start": 34600,
      "stop": 35190,
      "text": "kcl\n"
    },
    {
      "start": 35190,
      "stop": 35440,
      "text": "k\n"
    },
    {
      "start": 35440,
      "stop": 36480,
      "text": "dh\n"
    },
    {
      "start": 36480,
      "stop": 39400,
      "text": "ae\n"
    },
    {
      "start": 39400,
      "stop": 44620,
      "text": "tcl\n"
    },
    {
      "start": 44620,
      "stop": 49840,
      "text": "h#\n"
    }
  ],
  "phonetic_codes": [
    "/d ow1 n t/",
    "/ae1 s k/",
    "/m iy1/",
    "/t uw1/",
    "/k ae1 r iy/",
    "/ae n/",
    "/oy1 l iy/",
    "/r ae1 g/",
    "/l ay1 k/"
  ],
  "race": "Unknown",
  "recording_date": "02/27/86",
  "sentence": "Don't ask me to carry an oily rag like that.",
  "sentence_id": "SA2",
  "sentence_time": {
    "start": 0,
    "stop": 49869,
    "text": "Don't ask me to carry an oily rag like that.\n"
  },
  "sex": "F",
  "speaker_id": "MJU0",
  "speech": "SA2MJU0",
  "speech_dataset": "timit",
  "use": "System training speaker",
  "word_times": [
    {
      "start": 0,
      "stop": 3410,
      "text": "h#\n"
    },
    {
      "start": 3410,
      "stop": 3840,
      "text": "d\n"
    },
    {
      "start": 3840,
      "stop": 6057,
      "text": "ow\n"
    },
    {
      "start": 6057,
      "stop": 6692,
      "text": "n\n"
    },
    {
      "start": 6692,
      "stop": 7200,
      "text": "tcl\n"
    },
    {
      "start": 7200,
      "stop": 9580,
      "text": "ae\n"
    },
    {
      "start": 9580,
      "stop": 11190,
      "text": "s\n"
    },
    {
      "start": 11190,
      "stop": 11840,
      "text": "epi\n"
    },
    {
      "start": 11840,
      "stop": 12281,
      "text": "m\n"
    },
    {
      "start": 12281,
      "stop": 13200,
      "text": "iy\n"
    },
    {
      "start": 13200,
      "stop": 13640,
      "text": "dx\n"
    },
    {
      "start": 13640,
      "stop": 14920,
      "text": "ix\n"
    },
    {
      "start": 14920,
      "stop": 15450,
      "text": "kcl\n"
    },
    {
      "start": 15450,
      "stop": 16930,
      "text": "k\n"
    },
    {
      "start": 16930,
      "stop": 18172,
      "text": "eh\n"
    },
    {
      "start": 18172,
      "stop": 19383,
      "text": "r\n"
    },
    {
      "start": 19383,
      "stop": 20781,
      "text": "iy\n"
    },
    {
      "start": 20781,
      "stop": 21480,
      "text": "ax\n"
    },
    {
      "start": 21480,
      "stop": 22200,
      "text": "n\n"
    },
    {
      "start": 22200,
      "stop": 23018,
      "text": "q\n"
    },
    {
      "start": 23018,
      "stop": 25608,
      "text": "oy\n"
    },
    {
      "start": 25608,
      "stop": 26402,
      "text": "l\n"
    },
    {
      "start": 26402,
      "stop": 27640,
      "text": "iy\n"
    },
    {
      "start": 27640,
      "stop": 29000,
      "text": "r\n"
    },
    {
      "start": 29000,
      "stop": 31540,
      "text": "ae\n"
    },
    {
      "start": 31540,
      "stop": 32180,
      "text": "gcl\n"
    },
    {
      "start": 32180,
      "stop": 32529,
      "text": "g\n"
    },
    {
      "start": 32529,
      "stop": 33219,
      "text": "l\n"
    },
    {
      "start": 33219,
      "stop": 34600,
      "text": "ay\n"
    },
    {
      "start": 34600,
      "stop": 35190,
      "text": "kcl\n"
    },
    {
      "start": 35190,
      "stop": 35440,
      "text": "k\n"
    },
    {
      "start": 35440,
      "stop": 36480,
      "text": "dh\n"
    },
    {
      "start": 36480,
      "stop": 39400,
      "text": "ae\n"
    },
    {
      "start": 39400,
      "stop": 44620,
      "text": "tcl\n"
    },
    {
      "start": 44620,
      "stop": 49840,
      "text": "h#\n"
    }
  ]
}