{
  "algo": "consensus",
  "birth_date": "04/11/34",
  "comments": "",
  "dialect": "Southern",
  "education": "High School",
  "height": 1.524,
  "noise_dataset": null,
  "phoneme_times": [
    {
      "start": 0,
      "stop": 4430,
      "text": "h#\n"
    },
    {
      "start": 4430,
      "stop": 4560,
      "text": "d\n"
    },
    {
      "start": 4560,
      "stop": 7280,
      "text": "ow\n"
    },
    {
      "start": 7280,
      "stop": 7640,
      "text": "n\n"
    },
    {
      "start": 7640,
      "stop": 8280,
      "text": "q\n"
    },
    {
      "start": 8280,
      "stop": 11000,
      "text": "ae\n"
    },
    {
      "start": 11000,
      "stop": 12247,
      "text": "s\n"
    },
    {
      "start": 12247,
      "stop": 13362,
      "text": "kcl\n"
    },
    {
      "start": 13362,
      "stop": 13876,
      "text": "m\n"
    },
    {
      "start": 13876,
      "stop": 15840,
      "text": "iy\n"
    },
    {
      "start": 15840,
      "stop": 16280,
      "text": "dx\n"
    },
    {
      "start": 16280,
      "stop": 17009,
      "text": "ix\n"
    },
    {
      "start": 17009,
      "stop": 17990,
      "text": "kcl\n"
    },
    {
      "start": 17990,
      "stop": 19150,
      "text": "k\n"
    },
    {
      "start": 19150,
      "stop": 20351,
      "text": "eh\n"
    },
    {
      "start": 20351,
      "stop": 21437,
      "text": "r\n"
    },
    {
      "start": 21437,
      "stop": 22941,
      "text": "iy\n"
    },
    {
      "start": 22941,
      "stop": 24040,
      "text": "ih\n"
    },
    {
      "start": 24040,
      "stop": 24840,
      "text": "n\n"
    },
    {
      "start": 24840,
      "stop": 25960,
      "text": "q\n"
    },
    {
      "start": 25960,
      "stop": 28706,
      "text": "oy\n"
    },
    {
      "start": 28706,
      "stop": 29249,
      "text": "l\n"
    },
    {
      "start": 29249,
      "stop": 30544,
      "text": "iy\n"
    },
    {
      "start": 30544,
      "stop": 31881,
      "text": "r\n"
    },
    {
      "start": 31881,
      "stop": 34920,
      "text": "ae\n"
    },
    {
      "start": 34920,
      "stop": 35420,
      "text": "gcl\n"
    },
    {
      "start": 35420,
      "stop": 36120,
      "text": "g\n"
    },
    {
      "start": 36120,
      "stop": 37026,
      "text": "l\n"
    },
    {
      "start": 37026,
      "stop": 38840,
      "text": "ay\n"
    },
    {
      "start": 38840,
      "stop": 40519,
      "text": "kcl\n"
    },
    {
      "start": 40519,
      "stop": 40731,
      "text": "d\n"
    },
    {
      "start": 40731,
      "stop": 44630,
      "text": "ae\n"
    },
    {
      "start": 44630,
      "stop": 45939,
      "text": "q\n"
    },
    {
      "start": 45939,
      "stop": 48800,
      "text": "h#\n"
    }
  ],
  "phonetic_codes": [
    "/d ow1 n t/",
    "/ae1 s k/",
    "/m iy1/",
    "/t uw1/",
    "/k ae1 r iy/",
    "/ae n/",
    "/oy1 l iy/",
    "/r ae1 g/",
    "/l ay1 k/"
  ],
  "race": "White",
  "recording_date": "02/27/86",
  "sentence": "Don't ask me to carry an oily rag like that.",
  "sentence_id": "SA2",
  "sentence_time": {
    "start": 0,
    "stop": 48845,
    "text": "Don't ask me to carry an oily rag like that.\n"
  },
  "sex": "F",
  "speaker_id": "HEW0",
  "speech": "SA2HEW0",
  "speech_dataset": "timit",
  "use": "System test speaker",
  "word_times": [
    {
      "start": 0,
      "stop": 4430,
      "text": "h#\n"
    },
    {
      "start": 4430,
      "stop": 4560,
      "text": "d\n"
    },
    {
      "start": 4560,
      "stop": 7280,
      "text": "ow\n"
    },
    {
      "start": 7280,
      "stop": 7640,
      "text": "n\n"
    },
    {
      "start": 7640,
      "stop": 8280,
      "text": "q\n"
    },
    {
      "start": 8280,
      "stop": 11000,
      "text": "ae\n"
    },
    {
      "start": 11000,
      "stop": 12247,
      "text": "s\n"
    },
    {
      "start": 12247,
      "stop": 13362,
      "text": "kcl\n"
    },
    {
      "start": 13362,
      "stop": 13876,
      "text": "m\n"
    },
    {
      "start": 13876,
      "stop": 15840,
      "text": "iy\n"
    },
    {
      "start": 15840,
      "stop": 16280,
      "text": "dx\n"
    },
    {
      "start": 16280,
      "stop": 17009,
      "text": "ix\n"
    },
    {
      "start": 17009,
      "stop": 17990,
      "text": "kcl\n"
    },
    {
      "start": 17990,
      "stop": 19150,
      "text": "k\n"
    },
    {
      "start": 19150,
      "stop": 20351,
      "text": "eh\n"
    },
    {
      "start": 20351,
      "stop": 21437,
      "text": "r\n"
    },
    {
      "start": 21437,
      "stop": 22941,
      "text": "iy\n"
    },
    {
      "start": 22941,
      "stop": 24040,
      "text": "ih\n"
    },
    {
      "start": 24040,
      "stop": 24840,
      "text": "n\n"
    },
    {
      "start": 24840,
      "stop": 25960,
      "text": "q\n"
    },
    {
      "start": 25960,
      "stop": 28706,
      "text": "oy\n"
    },
    {
      "start": 28706,
      "stop": 29249,
      "text": "l\n"
    },
    {
      "start": 29249,
      "stop": 30544,
      "text": "iy\n"
    },
    {
      "start": 30544,
      "stop": 31881,
      "text": "r\n"
    },
    {
      "start": 31881,
      "stop": 34920,
      "text": "ae\n"
    },
    {
      "start": 34920,
      "stop": 35420,
      "text": "gcl\n"
    },
    {
      "start": 35420,
      "stop": 36120,
      "text": "g\n"
    },
    {
      "start": 36120,
      "stop": 37026,
      "text": "l\n"
    },
    {
      "start": 37026,
      "stop": 38840,
      "text": "ay\n"
    },
    {
      "start": 38840,
      "stop": 40519,
      "text": "kcl\n"
    },
    {
      "start": 40519,
      "stop": 40731,
      "text": "d\n"
    },
    {
      "start": 40731,
      "stop": 44630,
      "text": "ae\n"
    },
    {
      "start": 44630,
      "stop": 45939,
      "text": "q\n"
    },
    {
      "start": 45939,
      "stop": 48800,
      "text": "h#\n"
    }
  ]
}