{
  "algo": "consensus",
  "birth_date": "07/02/56",
  "comments": "LOW VOLUME, BREATHY, PITCH BREAKS \n",
  "dialect": "Northern",
  "education": "Associate Degree",
  "height": 1.8796000000000002,
  "noise_dataset": null,
  "phoneme_times": [
    {
      "start": 0,
      "stop": 2280,
      "text": "h#\n"
    },
    {
      "start": 2280,
      "stop": 2690,
      "text": "d\n"
    },
    {
      "start": 2690,
      "stop": 4360,
      "text": "ow\n"
    },
    {
      "start": 4360,
      "stop": 5000,
      "text": "nx\n"
    },
    {
      "start": 5000,
      "stop": 7410,
      "text": "ae\n"
    },
    {
      "start": 7410,
      "stop": 8470,
      "text": "s\n"
    },
    {
      "start": 8470,
      "stop": 9634,
      "text": "kcl\n"
    },
    {
      "start": 9634,
      "stop": 10352,
      "text": "m\n"
    },
    {
      "start": 10352,
      "stop": 10955,
      "text": "iy\n"
    },
    {
      "start": 10955,
      "stop": 11449,
      "text": "dx\n"
    },
    {
      "start": 11449,
      "stop": 12372,
      "text": "ix\n"
    },
    {
      "start": 12372,
      "stop": 13490,
      "text": "kcl\n"
    },
    {
      "start": 13490,
      "stop": 14823,
      "text": "k\n"
    },
    {
      "start": 14823,
      "stop": 15498,
      "text": "eh\n"
    },
    {
      "start": 15498,
      "stop": 16459,
      "text": "r\n"
    },
    {
      "start": 16459,
      "stop": 17587,
      "text": "iy\n"
    },
    {
      "start": 17587,
      "stop": 18200,
      "text": "ix\n"
    },
    {
      "start": 18200,
      "stop": 19072,
      "text": "n\n"
    },
    {
      "start": 19072,
      "stop": 20861,
      "text": "oy\n"
    },
    {
      "start": 20861,
      "stop": 21800,
      "text": "l\n"
    },
    {
      "start": 21800,
      "stop": 22901,
      "text": "ix\n"
    },
    {
      "start": 22901,
      "stop": 24062,
      "text": "r\n"
    },
    {
      "start": 24062,
      "stop": 26217,
      "text": "ae\n"
    },
    {
      "start": 26217,
      "stop": 26666,
      "text": "gcl\n"
    },
    {
      "start": 26666,
      "stop": 27031,
      "text": "g\n"
    },
    {
      "start": 27031,
      "stop": 27822,
      "text": "l\n"
    },
    {
      "start": 27822,
      "stop": 29400,
      "text": "ay\n"
    },
    {
      "start": 29400,
      "stop": 29970,
      "text": "kcl\n"
    },
    {
      "start": 29970,
      "stop": 30233,
      "text": "k\n"
    },
    {
      "start": 30233,
      "stop": 31400,
      "text": "dh\n"
    },
    {
      "start": 31400,
      "stop": 34043,
      "text": "ae\n"
    },
    {
      "start": 34043,
      "stop": 35580,
      "text": "q\n"
    },
    {
      "start": 35580,
      "stop": 36720,
      "text": "h#\n"
    }
  ],
  "phonetic_codes": [
    "/d ow1 n t/",
    "/ae1 s k/",
    "/m iy1/",
    "/t uw1/",
    "/k ae1 r iy/",
    "/ae n/",
    "/oy1 l iy/",
    "/r ae1 g/",
    "/l ay1 k/"
  ],
  "race": "White",
  "recording_date": "04/02/86",
  "sentence": "Don't ask me to carry an oily rag like that.",
  "sentence_id": "SA2",
  "sentence_time": {
    "start": 0,
    "stop": 36762,
    "text": "Don't ask me to carry an oily rag like that.\n"
  },
  "sex": "M",
  "speaker_id": "HRM0",
  "speech": "SA2HRM0",
  "speech_dataset": "timit",
  "use": "System training speaker",
  "word_times": [
    {
      "start": 0,
      "stop": 2280,
      "text": "h#\n"
    },
    {
      "start": 2280,
      "stop": 2690,
      "text": "d\n"
    },
    {
      "start": 2690,
      "stop": 4360,
      "text": "ow\n"
    },
    {
      "start": 4360,
      "stop": 5000,
      "text": "nx\n"
    },
    {
      "start": 5000,
      "stop": 7410,
      "text": "ae\n"
    },
    {
      "start": 7410,
      "stop": 8470,
      "text": "s\n"
    },
    {
      "start": 8470,
      "stop": 9634,
      "text": "kcl\n"
    },
    {
      "start": 9634,
      "stop": 10352,
      "text": "m\n"
    },
    {
      "start": 10352,
      "stop": 10955,
      "text": "iy\n"
    },
    {
      "start": 10955,
      "stop": 11449,
      "text": "dx\n"
    },
    {
      "start": 11449,
      "stop": 12372,
      "text": "ix\n"
    },
    {
      "start": 12372,
      "stop": 13490,
      "text": "kcl\n"
    },
    {
      "start": 13490,
      "stop": 14823,
      "text": "k\n"
    },
    {
      "start": 14823,
      "stop": 15498,
      "text": "eh\n"
    },
    {
      "start": 15498,
      "stop": 16459,
      "text": "r\n"
    },
    {
      "start": 16459,
      "stop": 17587,
      "text": "iy\n"
    },
    {
      "start": 17587,
      "stop": 18200,
      "text": "ix\n"
    },
    {
      "start": 18200,
      "stop": 19072,
      "text": "n\n"
    },
    {
      "start": 19072,
      "stop": 20861,
      "text": "oy\n"
    },
    {
      "start": 20861,
      "stop": 21800,
      "text": "l\n"
    },
    {
      "start": 21800,
      "stop": 22901,
      "text": "ix\n"
    },
    {
      "start": 22901,
      "stop": 24062,
      "text": "r\n"
    },
    {
      "start": 24062,
      "stop": 26217,
      "text": "ae\n"
    },
    {
      "start": 26217,
      "stop": 26666,
      "text": "gcl\n"
    },
    {
      "start": 26666,
      "stop": 27031,
      "text": "g\n"
    },
    {
      "start": 27031,
      "stop": 27822,
      "text": "l\n"
    },
    {
      "start": 27822,
      "stop": 29400,
      "text": "ay\n"
    },
    {
      "start": 29400,
      "stop": 29970,
      "text": "kcl\n"
    },
    {
      "start": 29970,
      "stop": 30233,
      "text": "k\n"
    },
    {
      "start": 30233,
      "stop": 31400,
      "text": "dh\n"
    },
    {
      "start": 31400,
      "stop": 34043,
      "text": "ae\n"
    },
    {
      "start": 34043,
      "stop": 35580,
      "text": "q\n"
    },
    {
      "start": 35580,
      "stop": 36720,
      "text": "h#\n"
    }
  ]
}