{
  "algo": "consensus",
  "birth_date": "12/30/59",
  "comments": "",
  "dialect": "Northern",
  "education": "Master's Degree (MS or MA)",
  "height": 1.7526,
  "noise_dataset": null,
  "phoneme_times": [
    {
      "start": 0,
      "stop": 2160,
      "text": "h#\n"
    },
    {
      "start": 2160,
      "stop": 2626,
      "text": "w\n"
    },
    {
      "start": 2626,
      "stop": 3560,
      "text": "iy\n"
    },
    {
      "start": 3560,
      "stop": 4521,
      "text": "w\n"
    },
    {
      "start": 4521,
      "stop": 6013,
      "text": "eh\n"
    },
    {
      "start": 6013,
      "stop": 6840,
      "text": "l\n"
    },
    {
      "start": 6840,
      "stop": 7840,
      "text": "kcl\n"
    },
    {
      "start": 7840,
      "stop": 8310,
      "text": "k\n"
    },
    {
      "start": 8310,
      "stop": 8943,
      "text": "ax\n"
    },
    {
      "start": 8943,
      "stop": 10732,
      "text": "m\n"
    },
    {
      "start": 10732,
      "stop": 12040,
      "text": "eh\n"
    },
    {
      "start": 12040,
      "stop": 12680,
      "text": "n\n"
    },
    {
      "start": 12680,
      "stop": 13902,
      "text": "iy\n"
    },
    {
      "start": 13902,
      "stop": 15024,
      "text": "n\n"
    },
    {
      "start": 15024,
      "stop": 16640,
      "text": "ux\n"
    },
    {
      "start": 16640,
      "stop": 19126,
      "text": "s\n"
    },
    {
      "start": 19126,
      "stop": 19650,
      "text": "tcl\n"
    },
    {
      "start": 19650,
      "stop": 20170,
      "text": "t\n"
    },
    {
      "start": 20170,
      "stop": 21653,
      "text": "ux\n"
    },
    {
      "start": 21653,
      "stop": 22205,
      "text": "dcl\n"
    },
    {
      "start": 22205,
      "stop": 23718,
      "text": "en\n"
    },
    {
      "start": 23718,
      "stop": 25597,
      "text": "s\n"
    },
    {
      "start": 25597,
      "stop": 26443,
      "text": "q\n"
    },
    {
      "start": 26443,
      "stop": 27960,
      "text": "iy\n"
    },
    {
      "start": 27960,
      "stop": 28550,
      "text": "tcl\n"
    },
    {
      "start": 28550,
      "stop": 30560,
      "text": "ch\n"
    },
    {
      "start": 30560,
      "stop": 31540,
      "text": "y\n"
    },
    {
      "start": 31540,
      "stop": 33044,
      "text": "ih\n"
    },
    {
      "start": 33044,
      "stop": 35560,
      "text": "er\n"
    },
    {
      "start": 35560,
      "stop": 38560,
      "text": "h#\n"
    }
  ],
  "phonetic_codes": [
    "/w iy1/",
    "/w eh1 l k ax m/",
    "/m eh1 n iy/",
    "/n uw1/",
    "/s t uw1 d en t s/",
    "/iy1 ch/"
  ],
  "race": "White",
  "recording_date": "03/11/86",
  "sentence": "We welcome many new students each year.",
  "sentence_id": "SX381",
  "sentence_time": {
    "start": 0,
    "stop": 38605,
    "text": "We welcome many new students each year.\n"
  },
  "sex": "F",
  "speaker_id": "DAS1",
  "speech": "SX381DAS1",
  "speech_dataset": "timit",
  "use": "System training speaker",
  "word_times": [
    {
      "start": 0,
      "stop": 2160,
      "text": "h#\n"
    },
    {
      "start": 2160,
      "stop": 2626,
      "text": "w\n"
    },
    {
      "start": 2626,
      "stop": 3560,
      "text": "iy\n"
    },
    {
      "start": 3560,
      "stop": 4521,
      "text": "w\n"
    },
    {
      "start": 4521,
      "stop": 6013,
      "text": "eh\n"
    },
    {
      "start": 6013,
      "stop": 6840,
      "text": "l\n"
    },
    {
      "start": 6840,
      "stop": 7840,
      "text": "kcl\n"
    },
    {
      "start": 7840,
      "stop": 8310,
      "text": "k\n"
    },
    {
      "start": 8310,
      "stop": 8943,
      "text": "ax\n"
    },
    {
      "start": 8943,
      "stop": 10732,
      "text": "m\n"
    },
    {
      "start": 10732,
      "stop": 12040,
      "text": "eh\n"
    },
    {
      "start": 12040,
      "stop": 12680,
      "text": "n\n"
    },
    {
      "start": 12680,
      "stop": 13902,
      "text": "iy\n"
    },
    {
      "start": 13902,
      "stop": 15024,
      "text": "n\n"
    },
    {
      "start": 15024,
      "stop": 16640,
      "text": "ux\n"
    },
    {
      "start": 16640,
      "stop": 19126,
      "text": "s\n"
    },
    {
      "start": 19126,
      "stop": 19650,
      "text": "tcl\n"
    },
    {
      "start": 19650,
      "stop": 20170,
      "text": "t\n"
    },
    {
      "start": 20170,
      "stop": 21653,
      "text": "ux\n"
    },
    {
      "start": 21653,
      "stop": 22205,
      "text": "dcl\n"
    },
    {
      "start": 22205,
      "stop": 23718,
      "text": "en\n"
    },
    {
      "start": 23718,
      "stop": 25597,
      "text": "s\n"
    },
    {
      "start": 25597,
      "stop": 26443,
      "text": "q\n"
    },
    {
      "start": 26443,
      "stop": 27960,
      "text": "iy\n"
    },
    {
      "start": 27960,
      "stop": 28550,
      "text": "tcl\n"
    },
    {
      "start": 28550,
      "stop": 30560,
      "text": "ch\n"
    },
    {
      "start": 30560,
      "stop": 31540,
      "text": "y\n"
    },
    {
      "start": 31540,
      "stop": 33044,
      "text": "ih\n"
    },
    {
      "start": 33044,
      "stop": 35560,
      "text": "er\n"
    },
    {
      "start": 35560,
      "stop": 38560,
      "text": "h#\n"
    }
  ]
}