{
  "algo": "consensus",
  "birth_date": "05/22/56",
  "comments": "",
  "dialect": "North Midland",
  "education": "Master's Degree (MS or MA)",
  "height": 1.7018,
  "noise_dataset": null,
  "phoneme_times": [
    {
      "start": 0,
      "stop": 2156,
      "text": "h#\n"
    },
    {
      "start": 2156,
      "stop": 3000,
      "text": "hh\n"
    },
    {
      "start": 3000,
      "stop": 5305,
      "text": "axr\n"
    },
    {
      "start": 5305,
      "stop": 9560,
      "text": "ay\n"
    },
    {
      "start": 9560,
      "stop": 11240,
      "text": "z\n"
    },
    {
      "start": 11240,
      "stop": 11780,
      "text": "w\n"
    },
    {
      "start": 11780,
      "stop": 12280,
      "text": "axr\n"
    },
    {
      "start": 12280,
      "stop": 13320,
      "text": "gcl\n"
    },
    {
      "start": 13320,
      "stop": 13744,
      "text": "g\n"
    },
    {
      "start": 13744,
      "stop": 14663,
      "text": "l\n"
    },
    {
      "start": 14663,
      "stop": 17720,
      "text": "ey\n"
    },
    {
      "start": 17720,
      "stop": 18966,
      "text": "z\n"
    },
    {
      "start": 18966,
      "stop": 19400,
      "text": "dcl\n"
    },
    {
      "start": 19400,
      "stop": 19895,
      "text": "d\n"
    },
    {
      "start": 19895,
      "stop": 21049,
      "text": "q\n"
    },
    {
      "start": 21049,
      "stop": 21720,
      "text": "ax\n"
    },
    {
      "start": 21720,
      "stop": 22840,
      "text": "z\n"
    },
    {
      "start": 22840,
      "stop": 24120,
      "text": "ix\n"
    },
    {
      "start": 24120,
      "stop": 24800,
      "text": "f\n"
    },
    {
      "start": 24800,
      "stop": 26280,
      "text": "sh\n"
    },
    {
      "start": 26280,
      "stop": 27400,
      "text": "iy\n"
    },
    {
      "start": 27400,
      "stop": 28192,
      "text": "dcl\n"
    },
    {
      "start": 28192,
      "stop": 28719,
      "text": "d\n"
    },
    {
      "start": 28719,
      "stop": 29640,
      "text": "ih\n"
    },
    {
      "start": 29640,
      "stop": 30265,
      "text": "dcl\n"
    },
    {
      "start": 30265,
      "stop": 31832,
      "text": "en\n"
    },
    {
      "start": 31832,
      "stop": 32655,
      "text": "tcl\n"
    },
    {
      "start": 32655,
      "stop": 34698,
      "text": "hh\n"
    },
    {
      "start": 34698,
      "stop": 36762,
      "text": "ih\n"
    },
    {
      "start": 36762,
      "stop": 39720,
      "text": "er\n"
    },
    {
      "start": 39720,
      "stop": 40899,
      "text": "q\n"
    },
    {
      "start": 40899,
      "stop": 41984,
      "text": "ao\n"
    },
    {
      "start": 41984,
      "stop": 42736,
      "text": "r\n"
    },
    {
      "start": 42736,
      "stop": 44339,
      "text": "iy\n"
    },
    {
      "start": 44339,
      "stop": 45566,
      "text": "v\n"
    },
    {
      "start": 45566,
      "stop": 46718,
      "text": "en\n"
    },
    {
      "start": 46718,
      "stop": 49000,
      "text": "s\n"
    },
    {
      "start": 49000,
      "stop": 50920,
      "text": "iy\n"
    },
    {
      "start": 50920,
      "stop": 51880,
      "text": "hv\n"
    },
    {
      "start": 51880,
      "stop": 53459,
      "text": "ix\n"
    },
    {
      "start": 53459,
      "stop": 54629,
      "text": "m\n"
    },
    {
      "start": 54629,
      "stop": 55840,
      "text": "h#\n"
    }
  ],
  "phonetic_codes": [
    "/hh er1/",
    "/ay1 z/",
    "/w er/",
    "/g l ey1 z d/",
    "/ae1 z/",
    "/ih1 f/",
    "/sh iy1/",
    "/d ih1 d en t/",
    "/hh ih1 r/",
    "/ao1 r/",
    "/iy1 v ax n/",
    "/s iy1/"
  ],
  "race": "White",
  "recording_date": "02/04/86",
  "sentence": "Her eyes were glazed as if she didn't hear or even see him.",
  "sentence_id": "SI1856",
  "sentence_time": {
    "start": 0,
    "stop": 55911,
    "text": "Her eyes were glazed as if she didn't hear or even see him.\n"
  },
  "sex": "M",
  "speaker_id": "TJM0",
  "speech": "SI1856TJM0",
  "speech_dataset": "timit",
  "use": "System training speaker",
  "word_times": [
    {
      "start": 0,
      "stop": 2156,
      "text": "h#\n"
    },
    {
      "start": 2156,
      "stop": 3000,
      "text": "hh\n"
    },
    {
      "start": 3000,
      "stop": 5305,
      "text": "axr\n"
    },
    {
      "start": 5305,
      "stop": 9560,
      "text": "ay\n"
    },
    {
      "start": 9560,
      "stop": 11240,
      "text": "z\n"
    },
    {
      "start": 11240,
      "stop": 11780,
      "text": "w\n"
    },
    {
      "start": 11780,
      "stop": 12280,
      "text": "axr\n"
    },
    {
      "start": 12280,
      "stop": 13320,
      "text": "gcl\n"
    },
    {
      "start": 13320,
      "stop": 13744,
      "text": "g\n"
    },
    {
      "start": 13744,
      "stop": 14663,
      "text": "l\n"
    },
    {
      "start": 14663,
      "stop": 17720,
      "text": "ey\n"
    },
    {
      "start": 17720,
      "stop": 18966,
      "text": "z\n"
    },
    {
      "start": 18966,
      "stop": 19400,
      "text": "dcl\n"
    },
    {
      "start": 19400,
      "stop": 19895,
      "text": "d\n"
    },
    {
      "start": 19895,
      "stop": 21049,
      "text": "q\n"
    },
    {
      "start": 21049,
      "stop": 21720,
      "text": "ax\n"
    },
    {
      "start": 21720,
      "stop": 22840,
      "text": "z\n"
    },
    {
      "start": 22840,
      "stop": 24120,
      "text": "ix\n"
    },
    {
      "start": 24120,
      "stop": 24800,
      "text": "f\n"
    },
    {
      "start": 24800,
      "stop": 26280,
      "text": "sh\n"
    },
    {
      "start": 26280,
      "stop": 27400,
      "text": "iy\n"
    },
    {
      "start": 27400,
      "stop": 28192,
      "text": "dcl\n"
    },
    {
      "start": 28192,
      "stop": 28719,
      "text": "d\n"
    },
    {
      "start": 28719,
      "stop": 29640,
      "text": "ih\n"
    },
    {
      "start": 29640,
      "stop": 30265,
      "text": "dcl\n"
    },
    {
      "start": 30265,
      "stop": 31832,
      "text": "en\n"
    },
    {
      "start": 31832,
      "stop": 32655,
      "text": "tcl\n"
    },
    {
      "start": 32655,
      "stop": 34698,
      "text": "hh\n"
    },
    {
      "start": 34698,
      "stop": 36762,
      "text": "ih\n"
    },
    {
      "start": 36762,
      "stop": 39720,
      "text": "er\n"
    },
    {
      "start": 39720,
      "stop": 40899,
      "text": "q\n"
    },
    {
      "start": 40899,
      "stop": 41984,
      "text": "ao\n"
    },
    {
      "start": 41984,
      "stop": 42736,
      "text": "r\n"
    },
    {
      "start": 42736,
      "stop": 44339,
      "text": "iy\n"
    },
    {
      "start": 44339,
      "stop": 45566,
      "text": "v\n"
    },
    {
      "start": 45566,
      "stop": 46718,
      "text": "en\n"
    },
    {
      "start": 46718,
      "stop": 49000,
      "text": "s\n"
    },
    {
      "start": 49000,
      "stop": 50920,
      "text": "iy\n"
    },
    {
      "start": 50920,
      "stop": 51880,
      "text": "hv\n"
    },
    {
      "start": 51880,
      "stop": 53459,
      "text": "ix\n"
    },
    {
      "start": 53459,
      "stop": 54629,
      "text": "m\n"
    },
    {
      "start": 54629,
      "stop": 55840,
      "text": "h#\n"
    }
  ]
}