{
  "algo": "consensus",
  "birth_date": "08/13/62",
  "comments": "",
  "dialect": "New York City",
  "education": "Bachelor's Degree (BS or BA)",
  "height": 1.5748,
  "noise_dataset": null,
  "phoneme_times": [
    {
      "start": 0,
      "stop": 1960,
      "text": "h#\n"
    },
    {
      "start": 1960,
      "stop": 2332,
      "text": "q\n"
    },
    {
      "start": 2332,
      "stop": 3506,
      "text": "ae\n"
    },
    {
      "start": 3506,
      "stop": 5757,
      "text": "n\n"
    },
    {
      "start": 5757,
      "stop": 8406,
      "text": "ey\n"
    },
    {
      "start": 8406,
      "stop": 10180,
      "text": "th\n"
    },
    {
      "start": 10180,
      "stop": 11530,
      "text": "ih\n"
    },
    {
      "start": 11530,
      "stop": 13480,
      "text": "n\n"
    },
    {
      "start": 13480,
      "stop": 14520,
      "text": "dcl\n"
    },
    {
      "start": 14520,
      "stop": 14850,
      "text": "d\n"
    },
    {
      "start": 14850,
      "stop": 16212,
      "text": "ih\n"
    },
    {
      "start": 16212,
      "stop": 16501,
      "text": "dcl\n"
    },
    {
      "start": 16501,
      "stop": 17587,
      "text": "hh\n"
    },
    {
      "start": 17587,
      "stop": 18980,
      "text": "iy\n"
    },
    {
      "start": 18980,
      "stop": 20810,
      "text": "s\n"
    },
    {
      "start": 20810,
      "stop": 22680,
      "text": "iy\n"
    },
    {
      "start": 22680,
      "stop": 23440,
      "text": "dh\n"
    },
    {
      "start": 23440,
      "stop": 24800,
      "text": "eh\n"
    },
    {
      "start": 24800,
      "stop": 26144,
      "text": "m\n"
    },
    {
      "start": 26144,
      "stop": 26984,
      "text": "tcl\n"
    },
    {
      "start": 26984,
      "stop": 27811,
      "text": "t\n"
    },
    {
      "start": 27811,
      "stop": 31373,
      "text": "ux\n"
    },
    {
      "start": 31373,
      "stop": 34800,
      "text": "h#\n"
    }
  ],
  "phonetic_codes": [
    "/ae n d/",
    "/d ih1 d/",
    "/hh iy1/",
    "/s iy1/",
    "/dh eh1 m/"
  ],
  "race": "White",
  "recording_date": "05/02/86",
  "sentence": "And Nathan, did he see them too?",
  "sentence_id": "SI2329",
  "sentence_time": {
    "start": 0,
    "stop": 34919,
    "text": "And Nathan, did he see them too?\n"
  },
  "sex": "F",
  "speaker_id": "SBK0",
  "speech": "SI2329SBK0",
  "speech_dataset": "timit",
  "use": "System training speaker",
  "word_times": [
    {
      "start": 0,
      "stop": 1960,
      "text": "h#\n"
    },
    {
      "start": 1960,
      "stop": 2332,
      "text": "q\n"
    },
    {
      "start": 2332,
      "stop": 3506,
      "text": "ae\n"
    },
    {
      "start": 3506,
      "stop": 5757,
      "text": "n\n"
    },
    {
      "start": 5757,
      "stop": 8406,
      "text": "ey\n"
    },
    {
      "start": 8406,
      "stop": 10180,
      "text": "th\n"
    },
    {
      "start": 10180,
      "stop": 11530,
      "text": "ih\n"
    },
    {
      "start": 11530,
      "stop": 13480,
      "text": "n\n"
    },
    {
      "start": 13480,
      "stop": 14520,
      "text": "dcl\n"
    },
    {
      "start": 14520,
      "stop": 14850,
      "text": "d\n"
    },
    {
      "start": 14850,
      "stop": 16212,
      "text": "ih\n"
    },
    {
      "start": 16212,
      "stop": 16501,
      "text": "dcl\n"
    },
    {
      "start": 16501,
      "stop": 17587,
      "text": "hh\n"
    },
    {
      "start": 17587,
      "stop": 18980,
      "text": "iy\n"
    },
    {
      "start": 18980,
      "stop": 20810,
      "text": "s\n"
    },
    {
      "start": 20810,
      "stop": 22680,
      "text": "iy\n"
    },
    {
      "start": 22680,
      "stop": 23440,
      "text": "dh\n"
    },
    {
      "start": 23440,
      "stop": 24800,
      "text": "eh\n"
    },
    {
      "start": 24800,
      "stop": 26144,
      "text": "m\n"
    },
    {
      "start": 26144,
      "stop": 26984,
      "text": "tcl\n"
    },
    {
      "start": 26984,
      "stop": 27811,
      "text": "t\n"
    },
    {
      "start": 27811,
      "stop": 31373,
      "text": "ux\n"
    },
    {
      "start": 31373,
      "stop": 34800,
      "text": "h#\n"
    }
  ]
}