{
  "algo": "consensus",
  "birth_date": "11/14/37",
  "comments": "",
  "dialect": "North Midland",
  "education": "High School",
  "height": 1.8034,
  "noise_dataset": null,
  "phoneme_times": [
    {
      "start": 0,
      "stop": 2320,
      "text": "h#\n"
    },
    {
      "start": 2320,
      "stop": 2680,
      "text": "w\n"
    },
    {
      "start": 2680,
      "stop": 3640,
      "text": "ih\n"
    },
    {
      "start": 3640,
      "stop": 4511,
      "text": "tcl\n"
    },
    {
      "start": 4511,
      "stop": 6990,
      "text": "ch\n"
    },
    {
      "start": 6990,
      "stop": 8605,
      "text": "l\n"
    },
    {
      "start": 8605,
      "stop": 11112,
      "text": "ao\n"
    },
    {
      "start": 11112,
      "stop": 13117,
      "text": "ng\n"
    },
    {
      "start": 13117,
      "stop": 14520,
      "text": "q\n"
    },
    {
      "start": 14520,
      "stop": 15906,
      "text": "aa\n"
    },
    {
      "start": 15906,
      "stop": 16600,
      "text": "r\n"
    },
    {
      "start": 16600,
      "stop": 17000,
      "text": "dx\n"
    },
    {
      "start": 17000,
      "stop": 17720,
      "text": "ix\n"
    },
    {
      "start": 17720,
      "stop": 19130,
      "text": "kcl\n"
    },
    {
      "start": 19130,
      "stop": 19810,
      "text": "k\n"
    },
    {
      "start": 19810,
      "stop": 21013,
      "text": "el\n"
    },
    {
      "start": 21013,
      "stop": 22725,
      "text": "w\n"
    },
    {
      "start": 22725,
      "stop": 24800,
      "text": "aa\n"
    },
    {
      "start": 24800,
      "stop": 26290,
      "text": "z\n"
    },
    {
      "start": 26290,
      "stop": 27446,
      "text": "epi\n"
    },
    {
      "start": 27446,
      "stop": 29160,
      "text": "ow\n"
    },
    {
      "start": 29160,
      "stop": 31480,
      "text": "pcl\n"
    },
    {
      "start": 31480,
      "stop": 32860,
      "text": "p\n"
    },
    {
      "start": 32860,
      "stop": 34280,
      "text": "eh\n"
    },
    {
      "start": 34280,
      "stop": 36170,
      "text": "kcl\n"
    },
    {
      "start": 36170,
      "stop": 36520,
      "text": "k\n"
    },
    {
      "start": 36520,
      "stop": 38767,
      "text": "pau\n"
    },
    {
      "start": 38767,
      "stop": 39137,
      "text": "q\n"
    },
    {
      "start": 39137,
      "stop": 40575,
      "text": "ae\n"
    },
    {
      "start": 40575,
      "stop": 43582,
      "text": "n\n"
    },
    {
      "start": 43582,
      "stop": 45588,
      "text": "iy\n"
    },
    {
      "start": 45588,
      "stop": 46340,
      "text": "dx\n"
    },
    {
      "start": 46340,
      "stop": 47551,
      "text": "ix\n"
    },
    {
      "start": 47551,
      "stop": 49860,
      "text": "dcl\n"
    },
    {
      "start": 49860,
      "stop": 51240,
      "text": "k\n"
    },
    {
      "start": 51240,
      "stop": 51834,
      "text": "l\n"
    },
    {
      "start": 51834,
      "stop": 53024,
      "text": "ae\n"
    },
    {
      "start": 53024,
      "stop": 54120,
      "text": "axr\n"
    },
    {
      "start": 54120,
      "stop": 55690,
      "text": "f\n"
    },
    {
      "start": 55690,
      "stop": 56520,
      "text": "ix\n"
    },
    {
      "start": 56520,
      "stop": 58080,
      "text": "kcl\n"
    },
    {
      "start": 58080,
      "stop": 59020,
      "text": "k\n"
    },
    {
      "start": 59020,
      "stop": 60360,
      "text": "ey\n"
    },
    {
      "start": 60360,
      "stop": 62716,
      "text": "sh\n"
    },
    {
      "start": 62716,
      "stop": 63718,
      "text": "en\n"
    },
    {
      "start": 63718,
      "stop": 70526,
      "text": "h#\n"
    }
  ],
  "phonetic_codes": [
    "/hh w ih1 ch/",
    "/l ao1 ng/",
    "/aa1 r t ih k el/",
    "/w ax z/",
    "/ow p ey1 k/",
    "/ae n d/",
    "/n iy1 d ix d/"
  ],
  "race": "White",
  "recording_date": "02/27/86",
  "sentence": "Which long article was opaque and needed clarification?",
  "sentence_id": "SX142",
  "sentence_time": {
    "start": 0,
    "stop": 70554,
    "text": "Which long article was opaque and needed clarification?\n"
  },
  "sex": "M",
  "speaker_id": "RTJ0",
  "speech": "SX142RTJ0",
  "speech_dataset": "timit",
  "use": "System training speaker",
  "word_times": [
    {
      "start": 0,
      "stop": 2320,
      "text": "h#\n"
    },
    {
      "start": 2320,
      "stop": 2680,
      "text": "w\n"
    },
    {
      "start": 2680,
      "stop": 3640,
      "text": "ih\n"
    },
    {
      "start": 3640,
      "stop": 4511,
      "text": "tcl\n"
    },
    {
      "start": 4511,
      "stop": 6990,
      "text": "ch\n"
    },
    {
      "start": 6990,
      "stop": 8605,
      "text": "l\n"
    },
    {
      "start": 8605,
      "stop": 11112,
      "text": "ao\n"
    },
    {
      "start": 11112,
      "stop": 13117,
      "text": "ng\n"
    },
    {
      "start": 13117,
      "stop": 14520,
      "text": "q\n"
    },
    {
      "start": 14520,
      "stop": 15906,
      "text": "aa\n"
    },
    {
      "start": 15906,
      "stop": 16600,
      "text": "r\n"
    },
    {
      "start": 16600,
      "stop": 17000,
      "text": "dx\n"
    },
    {
      "start": 17000,
      "stop": 17720,
      "text": "ix\n"
    },
    {
      "start": 17720,
      "stop": 19130,
      "text": "kcl\n"
    },
    {
      "start": 19130,
      "stop": 19810,
      "text": "k\n"
    },
    {
      "start": 19810,
      "stop": 21013,
      "text": "el\n"
    },
    {
      "start": 21013,
      "stop": 22725,
      "text": "w\n"
    },
    {
      "start": 22725,
      "stop": 24800,
      "text": "aa\n"
    },
    {
      "start": 24800,
      "stop": 26290,
      "text": "z\n"
    },
    {
      "start": 26290,
      "stop": 27446,
      "text": "epi\n"
    },
    {
      "start": 27446,
      "stop": 29160,
      "text": "ow\n"
    },
    {
      "start": 29160,
      "stop": 31480,
      "text": "pcl\n"
    },
    {
      "start": 31480,
      "stop": 32860,
      "text": "p\n"
    },
    {
      "start": 32860,
      "stop": 34280,
      "text": "eh\n"
    },
    {
      "start": 34280,
      "stop": 36170,
      "text": "kcl\n"
    },
    {
      "start": 36170,
      "stop": 36520,
      "text": "k\n"
    },
    {
      "start": 36520,
      "stop": 38767,
      "text": "pau\n"
    },
    {
      "start": 38767,
      "stop": 39137,
      "text": "q\n"
    },
    {
      "start": 39137,
      "stop": 40575,
      "text": "ae\n"
    },
    {
      "start": 40575,
      "stop": 43582,
      "text": "n\n"
    },
    {
      "start": 43582,
      "stop": 45588,
      "text": "iy\n"
    },
    {
      "start": 45588,
      "stop": 46340,
      "text": "dx\n"
    },
    {
      "start": 46340,
      "stop": 47551,
      "text": "ix\n"
    },
    {
      "start": 47551,
      "stop": 49860,
      "text": "dcl\n"
    },
    {
      "start": 49860,
      "stop": 51240,
      "text": "k\n"
    },
    {
      "start": 51240,
      "stop": 51834,
      "text": "l\n"
    },
    {
      "start": 51834,
      "stop": 53024,
      "text": "ae\n"
    },
    {
      "start": 53024,
      "stop": 54120,
      "text": "axr\n"
    },
    {
      "start": 54120,
      "stop": 55690,
      "text": "f\n"
    },
    {
      "start": 55690,
      "stop": 56520,
      "text": "ix\n"
    },
    {
      "start": 56520,
      "stop": 58080,
      "text": "kcl\n"
    },
    {
      "start": 58080,
      "stop": 59020,
      "text": "k\n"
    },
    {
      "start": 59020,
      "stop": 60360,
      "text": "ey\n"
    },
    {
      "start": 60360,
      "stop": 62716,
      "text": "sh\n"
    },
    {
      "start": 62716,
      "stop": 63718,
      "text": "en\n"
    },
    {
      "start": 63718,
      "stop": 70526,
      "text": "h#\n"
    }
  ]
}