{
  "algo": "consensus",
  "birth_date": "01/25/62",
  "comments": "",
  "dialect": "Northern",
  "education": "Bachelor's Degree (BS or BA)",
  "height": 1.7526,
  "noise_dataset": null,
  "phoneme_times": [
    {
      "start": 0,
      "stop": 2200,
      "text": "h#\n"
    },
    {
      "start": 2200,
      "stop": 4040,
      "text": "sh\n"
    },
    {
      "start": 4040,
      "stop": 5080,
      "text": "iy\n"
    },
    {
      "start": 5080,
      "stop": 5960,
      "text": "hv\n"
    },
    {
      "start": 5960,
      "stop": 7853,
      "text": "ae\n"
    },
    {
      "start": 7853,
      "stop": 8600,
      "text": "dcl\n"
    },
    {
      "start": 8600,
      "stop": 9190,
      "text": "jh\n"
    },
    {
      "start": 9190,
      "stop": 10360,
      "text": "er\n"
    },
    {
      "start": 10360,
      "stop": 11720,
      "text": "dcl\n"
    },
    {
      "start": 11720,
      "stop": 12114,
      "text": "d\n"
    },
    {
      "start": 12114,
      "stop": 13586,
      "text": "aa\n"
    },
    {
      "start": 13586,
      "stop": 14440,
      "text": "r\n"
    },
    {
      "start": 14440,
      "stop": 15320,
      "text": "kcl\n"
    },
    {
      "start": 15320,
      "stop": 15749,
      "text": "k\n"
    },
    {
      "start": 15749,
      "stop": 17640,
      "text": "s\n"
    },
    {
      "start": 17640,
      "stop": 19718,
      "text": "ux\n"
    },
    {
      "start": 19718,
      "stop": 20200,
      "text": "tcl\n"
    },
    {
      "start": 20200,
      "stop": 20600,
      "text": "t\n"
    },
    {
      "start": 20600,
      "stop": 21054,
      "text": "q\n"
    },
    {
      "start": 21054,
      "stop": 22224,
      "text": "ih\n"
    },
    {
      "start": 22224,
      "stop": 23268,
      "text": "n\n"
    },
    {
      "start": 23268,
      "stop": 24200,
      "text": "gcl\n"
    },
    {
      "start": 24200,
      "stop": 24731,
      "text": "g\n"
    },
    {
      "start": 24731,
      "stop": 25524,
      "text": "r\n"
    },
    {
      "start": 25524,
      "stop": 26920,
      "text": "iy\n"
    },
    {
      "start": 26920,
      "stop": 28600,
      "text": "s\n"
    },
    {
      "start": 28600,
      "stop": 29640,
      "text": "iy\n"
    },
    {
      "start": 29640,
      "stop": 31415,
      "text": "w\n"
    },
    {
      "start": 31415,
      "stop": 33640,
      "text": "aa\n"
    },
    {
      "start": 33640,
      "stop": 34715,
      "text": "sh\n"
    },
    {
      "start": 34715,
      "stop": 35467,
      "text": "epi\n"
    },
    {
      "start": 35467,
      "stop": 36344,
      "text": "w\n"
    },
    {
      "start": 36344,
      "stop": 38000,
      "text": "ao\n"
    },
    {
      "start": 38000,
      "stop": 38320,
      "text": "dx\n"
    },
    {
      "start": 38320,
      "stop": 40567,
      "text": "er\n"
    },
    {
      "start": 40567,
      "stop": 41160,
      "text": "q\n"
    },
    {
      "start": 41160,
      "stop": 42721,
      "text": "ao\n"
    },
    {
      "start": 42721,
      "stop": 44440,
      "text": "l\n"
    },
    {
      "start": 44440,
      "stop": 45854,
      "text": "y\n"
    },
    {
      "start": 45854,
      "stop": 46690,
      "text": "ih\n"
    },
    {
      "start": 46690,
      "stop": 48820,
      "text": "axr\n"
    },
    {
      "start": 48820,
      "stop": 50480,
      "text": "h#\n"
    }
  ],
  "phonetic_codes": [
    "/sh iy1/",
    "/hh ae1 d/",
    "/y uh1 r/",
    "/d aa1 r k/",
    "/s uw1 t/",
    "/ih1 n/",
    "/g r iy1 s iy/",
    "/w ao1 sh/",
    "/w ao1 t axr/",
    "/ao1 l/"
  ],
  "race": "White",
  "recording_date": "01/27/86",
  "sentence": "She had your dark suit in greasy wash water all year.",
  "sentence_id": "SA1",
  "sentence_time": {
    "start": 0,
    "stop": 50484,
    "text": "She had your dark suit in greasy wash water all year.\n"
  },
  "sex": "M",
  "speaker_id": "DBP0",
  "speech": "SA1DBP0",
  "speech_dataset": "timit",
  "use": "System training speaker",
  "word_times": [
    {
      "start": 0,
      "stop": 2200,
      "text": "h#\n"
    },
    {
      "start": 2200,
      "stop": 4040,
      "text": "sh\n"
    },
    {
      "start": 4040,
      "stop": 5080,
      "text": "iy\n"
    },
    {
      "start": 5080,
      "stop": 5960,
      "text": "hv\n"
    },
    {
      "start": 5960,
      "stop": 7853,
      "text": "ae\n"
    },
    {
      "start": 7853,
      "stop": 8600,
      "text": "dcl\n"
    },
    {
      "start": 8600,
      "stop": 9190,
      "text": "jh\n"
    },
    {
      "start": 9190,
      "stop": 10360,
      "text": "er\n"
    },
    {
      "start": 10360,
      "stop": 11720,
      "text": "dcl\n"
    },
    {
      "start": 11720,
      "stop": 12114,
      "text": "d\n"
    },
    {
      "start": 12114,
      "stop": 13586,
      "text": "aa\n"
    },
    {
      "start": 13586,
      "stop": 14440,
      "text": "r\n"
    },
    {
      "start": 14440,
      "stop": 15320,
      "text": "kcl\n"
    },
    {
      "start": 15320,
      "stop": 15749,
      "text": "k\n"
    },
    {
      "start": 15749,
      "stop": 17640,
      "text": "s\n"
    },
    {
      "start": 17640,
      "stop": 19718,
      "text": "ux\n"
    },
    {
      "start": 19718,
      "stop": 20200,
      "text": "tcl\n"
    },
    {
      "start": 20200,
      "stop": 20600,
      "text": "t\n"
    },
    {
      "start": 20600,
      "stop": 21054,
      "text": "q\n"
    },
    {
      "start": 21054,
      "stop": 22224,
      "text": "ih\n"
    },
    {
      "start": 22224,
      "stop": 23268,
      "text": "n\n"
    },
    {
      "start": 23268,
      "stop": 24200,
      "text": "gcl\n"
    },
    {
      "start": 24200,
      "stop": 24731,
      "text": "g\n"
    },
    {
      "start": 24731,
      "stop": 25524,
      "text": "r\n"
    },
    {
      "start": 25524,
      "stop": 26920,
      "text": "iy\n"
    },
    {
      "start": 26920,
      "stop": 28600,
      "text": "s\n"
    },
    {
      "start": 28600,
      "stop": 29640,
      "text": "iy\n"
    },
    {
      "start": 29640,
      "stop": 31415,
      "text": "w\n"
    },
    {
      "start": 31415,
      "stop": 33640,
      "text": "aa\n"
    },
    {
      "start": 33640,
      "stop": 34715,
      "text": "sh\n"
    },
    {
      "start": 34715,
      "stop": 35467,
      "text": "epi\n"
    },
    {
      "start": 35467,
      "stop": 36344,
      "text": "w\n"
    },
    {
      "start": 36344,
      "stop": 38000,
      "text": "ao\n"
    },
    {
      "start": 38000,
      "stop": 38320,
      "text": "dx\n"
    },
    {
      "start": 38320,
      "stop": 40567,
      "text": "er\n"
    },
    {
      "start": 40567,
      "stop": 41160,
      "text": "q\n"
    },
    {
      "start": 41160,
      "stop": 42721,
      "text": "ao\n"
    },
    {
      "start": 42721,
      "stop": 44440,
      "text": "l\n"
    },
    {
      "start": 44440,
      "stop": 45854,
      "text": "y\n"
    },
    {
      "start": 45854,
      "stop": 46690,
      "text": "ih\n"
    },
    {
      "start": 46690,
      "stop": 48820,
      "text": "axr\n"
    },
    {
      "start": 48820,
      "stop": 50480,
      "text": "h#\n"
    }
  ]
}