{
  "algo": "consensus",
  "birth_date": "03/08/52",
  "comments": "",
  "dialect": "South Midland",
  "education": "High School",
  "height": 1.8542000000000003,
  "noise_dataset": null,
  "phoneme_times": [
    {
      "start": 0,
      "stop": 2238,
      "text": "h#\n"
    },
    {
      "start": 2238,
      "stop": 2552,
      "text": "b\n"
    },
    {
      "start": 2552,
      "stop": 4773,
      "text": "aa\n"
    },
    {
      "start": 4773,
      "stop": 6000,
      "text": "r\n"
    },
    {
      "start": 6000,
      "stop": 8820,
      "text": "bcl\n"
    },
    {
      "start": 8820,
      "stop": 9050,
      "text": "b\n"
    },
    {
      "start": 9050,
      "stop": 12240,
      "text": "er\n"
    },
    {
      "start": 12240,
      "stop": 13225,
      "text": "n\n"
    },
    {
      "start": 13225,
      "stop": 14540,
      "text": "dcl\n"
    },
    {
      "start": 14540,
      "stop": 15180,
      "text": "p\n"
    },
    {
      "start": 15180,
      "stop": 17160,
      "text": "ey\n"
    },
    {
      "start": 17160,
      "stop": 18280,
      "text": "pcl\n"
    },
    {
      "start": 18280,
      "stop": 18798,
      "text": "p\n"
    },
    {
      "start": 18798,
      "stop": 20678,
      "text": "axr\n"
    },
    {
      "start": 20678,
      "stop": 22512,
      "text": "q\n"
    },
    {
      "start": 22512,
      "stop": 23923,
      "text": "ae\n"
    },
    {
      "start": 23923,
      "stop": 24815,
      "text": "n\n"
    },
    {
      "start": 24815,
      "stop": 25982,
      "text": "l\n"
    },
    {
      "start": 25982,
      "stop": 28657,
      "text": "iy\n"
    },
    {
      "start": 28657,
      "stop": 30040,
      "text": "v\n"
    },
    {
      "start": 30040,
      "stop": 31456,
      "text": "z\n"
    },
    {
      "start": 31456,
      "stop": 32249,
      "text": "pau\n"
    },
    {
      "start": 32249,
      "stop": 32961,
      "text": "q\n"
    },
    {
      "start": 32961,
      "stop": 33550,
      "text": "ix\n"
    },
    {
      "start": 33550,
      "stop": 34269,
      "text": "nx\n"
    },
    {
      "start": 34269,
      "stop": 36280,
      "text": "ey\n"
    },
    {
      "start": 36280,
      "stop": 37730,
      "text": "bcl\n"
    },
    {
      "start": 37730,
      "stop": 38090,
      "text": "b\n"
    },
    {
      "start": 38090,
      "stop": 39800,
      "text": "ih\n"
    },
    {
      "start": 39800,
      "stop": 41880,
      "text": "gcl\n"
    },
    {
      "start": 41880,
      "stop": 42300,
      "text": "b\n"
    },
    {
      "start": 42300,
      "stop": 44752,
      "text": "aa\n"
    },
    {
      "start": 44752,
      "stop": 45733,
      "text": "n\n"
    },
    {
      "start": 45733,
      "stop": 47180,
      "text": "f\n"
    },
    {
      "start": 47180,
      "stop": 49405,
      "text": "ay\n"
    },
    {
      "start": 49405,
      "stop": 50360,
      "text": "axr\n"
    },
    {
      "start": 50360,
      "stop": 53280,
      "text": "h#\n"
    }
  ],
  "phonetic_codes": [
    "/b aa1 r b/",
    "/b er1 n d/",
    "/p ey1 p axr/",
    "/ae n d/",
    "/l iy1 v z/",
    "/ih1 n/",
    "/ax/",
    "/b ih1 g/"
  ],
  "race": "White",
  "recording_date": "02/27/86",
  "sentence": "Barb burned paper and leaves in a big bonfire.",
  "sentence_id": "SX404",
  "sentence_time": {
    "start": 0,
    "stop": 53351,
    "text": "Barb burned paper and leaves in a big bonfire.\n"
  },
  "sex": "M",
  "speaker_id": "PLB0",
  "speech": "SX404PLB0",
  "speech_dataset": "timit",
  "use": "System test speaker",
  "word_times": [
    {
      "start": 0,
      "stop": 2238,
      "text": "h#\n"
    },
    {
      "start": 2238,
      "stop": 2552,
      "text": "b\n"
    },
    {
      "start": 2552,
      "stop": 4773,
      "text": "aa\n"
    },
    {
      "start": 4773,
      "stop": 6000,
      "text": "r\n"
    },
    {
      "start": 6000,
      "stop": 8820,
      "text": "bcl\n"
    },
    {
      "start": 8820,
      "stop": 9050,
      "text": "b\n"
    },
    {
      "start": 9050,
      "stop": 12240,
      "text": "er\n"
    },
    {
      "start": 12240,
      "stop": 13225,
      "text": "n\n"
    },
    {
      "start": 13225,
      "stop": 14540,
      "text": "dcl\n"
    },
    {
      "start": 14540,
      "stop": 15180,
      "text": "p\n"
    },
    {
      "start": 15180,
      "stop": 17160,
      "text": "ey\n"
    },
    {
      "start": 17160,
      "stop": 18280,
      "text": "pcl\n"
    },
    {
      "start": 18280,
      "stop": 18798,
      "text": "p\n"
    },
    {
      "start": 18798,
      "stop": 20678,
      "text": "axr\n"
    },
    {
      "start": 20678,
      "stop": 22512,
      "text": "q\n"
    },
    {
      "start": 22512,
      "stop": 23923,
      "text": "ae\n"
    },
    {
      "start": 23923,
      "stop": 24815,
      "text": "n\n"
    },
    {
      "start": 24815,
      "stop": 25982,
      "text": "l\n"
    },
    {
      "start": 25982,
      "stop": 28657,
      "text": "iy\n"
    },
    {
      "start": 28657,
      "stop": 30040,
      "text": "v\n"
    },
    {
      "start": 30040,
      "stop": 31456,
      "text": "z\n"
    },
    {
      "start": 31456,
      "stop": 32249,
      "text": "pau\n"
    },
    {
      "start": 32249,
      "stop": 32961,
      "text": "q\n"
    },
    {
      "start": 32961,
      "stop": 33550,
      "text": "ix\n"
    },
    {
      "start": 33550,
      "stop": 34269,
      "text": "nx\n"
    },
    {
      "start": 34269,
      "stop": 36280,
      "text": "ey\n"
    },
    {
      "start": 36280,
      "stop": 37730,
      "text": "bcl\n"
    },
    {
      "start": 37730,
      "stop": 38090,
      "text": "b\n"
    },
    {
      "start": 38090,
      "stop": 39800,
      "text": "ih\n"
    },
    {
      "start": 39800,
      "stop": 41880,
      "text": "gcl\n"
    },
    {
      "start": 41880,
      "stop": 42300,
      "text": "b\n"
    },
    {
      "start": 42300,
      "stop": 44752,
      "text": "aa\n"
    },
    {
      "start": 44752,
      "stop": 45733,
      "text": "n\n"
    },
    {
      "start": 45733,
      "stop": 47180,
      "text": "f\n"
    },
    {
      "start": 47180,
      "stop": 49405,
      "text": "ay\n"
    },
    {
      "start": 49405,
      "stop": 50360,
      "text": "axr\n"
    },
    {
      "start": 50360,
      "stop": 53280,
      "text": "h#\n"
    }
  ]
}