{
  "algo": "consensus",
  "birth_date": "02/06/56",
  "comments": "",
  "dialect": "Army Brat (moved around)",
  "education": "Bachelor's Degree (BS or BA)",
  "height": 1.778,
  "noise_dataset": null,
  "phoneme_times": [
    {
      "start": 0,
      "stop": 2462,
      "text": "h#\n"
    },
    {
      "start": 2462,
      "stop": 4155,
      "text": "n\n"
    },
    {
      "start": 4155,
      "stop": 8120,
      "text": "ow\n"
    },
    {
      "start": 8120,
      "stop": 12114,
      "text": "pau\n"
    },
    {
      "start": 12114,
      "stop": 12761,
      "text": "dh\n"
    },
    {
      "start": 12761,
      "stop": 14302,
      "text": "ey\n"
    },
    {
      "start": 14302,
      "stop": 15071,
      "text": "kcl\n"
    },
    {
      "start": 15071,
      "stop": 15623,
      "text": "k\n"
    },
    {
      "start": 15623,
      "stop": 16053,
      "text": "ix\n"
    },
    {
      "start": 16053,
      "stop": 16713,
      "text": "dcl\n"
    },
    {
      "start": 16713,
      "stop": 16912,
      "text": "d\n"
    },
    {
      "start": 16912,
      "stop": 17610,
      "text": "kcl\n"
    },
    {
      "start": 17610,
      "stop": 18830,
      "text": "k\n"
    },
    {
      "start": 18830,
      "stop": 19849,
      "text": "ih\n"
    },
    {
      "start": 19849,
      "stop": 20631,
      "text": "l\n"
    },
    {
      "start": 20631,
      "stop": 21600,
      "text": "ih\n"
    },
    {
      "start": 21600,
      "stop": 22952,
      "text": "m\n"
    },
    {
      "start": 22952,
      "stop": 23250,
      "text": "dcl\n"
    },
    {
      "start": 23250,
      "stop": 23890,
      "text": "jh\n"
    },
    {
      "start": 23890,
      "stop": 25400,
      "text": "uh\n"
    },
    {
      "start": 25400,
      "stop": 26601,
      "text": "s\n"
    },
    {
      "start": 26601,
      "stop": 26920,
      "text": "tcl\n"
    },
    {
      "start": 26920,
      "stop": 27518,
      "text": "t\n"
    },
    {
      "start": 27518,
      "stop": 28606,
      "text": "ih\n"
    },
    {
      "start": 28606,
      "stop": 30036,
      "text": "z\n"
    },
    {
      "start": 30036,
      "stop": 32292,
      "text": "iy\n"
    },
    {
      "start": 32292,
      "stop": 33350,
      "text": "z\n"
    },
    {
      "start": 33350,
      "stop": 35278,
      "text": "iy\n"
    },
    {
      "start": 35278,
      "stop": 36566,
      "text": "r\n"
    },
    {
      "start": 36566,
      "stop": 38714,
      "text": "ay\n"
    },
    {
      "start": 38714,
      "stop": 39379,
      "text": "tcl\n"
    },
    {
      "start": 39379,
      "stop": 39840,
      "text": "n\n"
    },
    {
      "start": 39840,
      "stop": 43640,
      "text": "aw\n"
    },
    {
      "start": 43640,
      "stop": 46240,
      "text": "h#\n"
    }
  ],
  "phonetic_codes": [
    "/dh ey1/",
    "/k uh1 d/",
    "/k ih1 l/",
    "/hh ih1 m/",
    "/jh ah1 s t/",
    "/ae1 z/",
    "/iy1 z iy/",
    "/r ay1 t/"
  ],
  "race": "White",
  "recording_date": "04/29/86",
  "sentence": "No, they could kill him just as easy right now.",
  "sentence_id": "SI1691",
  "sentence_time": {
    "start": 0,
    "stop": 46285,
    "text": "No, they could kill him just as easy right now.\n"
  },
  "sex": "M",
  "speaker_id": "MPM0",
  "speech": "SI1691MPM0",
  "speech_dataset": "timit",
  "use": "System training speaker",
  "word_times": [
    {
      "start": 0,
      "stop": 2462,
      "text": "h#\n"
    },
    {
      "start": 2462,
      "stop": 4155,
      "text": "n\n"
    },
    {
      "start": 4155,
      "stop": 8120,
      "text": "ow\n"
    },
    {
      "start": 8120,
      "stop": 12114,
      "text": "pau\n"
    },
    {
      "start": 12114,
      "stop": 12761,
      "text": "dh\n"
    },
    {
      "start": 12761,
      "stop": 14302,
      "text": "ey\n"
    },
    {
      "start": 14302,
      "stop": 15071,
      "text": "kcl\n"
    },
    {
      "start": 15071,
      "stop": 15623,
      "text": "k\n"
    },
    {
      "start": 15623,
      "stop": 16053,
      "text": "ix\n"
    },
    {
      "start": 16053,
      "stop": 16713,
      "text": "dcl\n"
    },
    {
      "start": 16713,
      "stop": 16912,
      "text": "d\n"
    },
    {
      "start": 16912,
      "stop": 17610,
      "text": "kcl\n"
    },
    {
      "start": 17610,
      "stop": 18830,
      "text": "k\n"
    },
    {
      "start": 18830,
      "stop": 19849,
      "text": "ih\n"
    },
    {
      "start": 19849,
      "stop": 20631,
      "text": "l\n"
    },
    {
      "start": 20631,
      "stop": 21600,
      "text": "ih\n"
    },
    {
      "start": 21600,
      "stop": 22952,
      "text": "m\n"
    },
    {
      "start": 22952,
      "stop": 23250,
      "text": "dcl\n"
    },
    {
      "start": 23250,
      "stop": 23890,
      "text": "jh\n"
    },
    {
      "start": 23890,
      "stop": 25400,
      "text": "uh\n"
    },
    {
      "start": 25400,
      "stop": 26601,
      "text": "s\n"
    },
    {
      "start": 26601,
      "stop": 26920,
      "text": "tcl\n"
    },
    {
      "start": 26920,
      "stop": 27518,
      "text": "t\n"
    },
    {
      "start": 27518,
      "stop": 28606,
      "text": "ih\n"
    },
    {
      "start": 28606,
      "stop": 30036,
      "text": "z\n"
    },
    {
      "start": 30036,
      "stop": 32292,
      "text": "iy\n"
    },
    {
      "start": 32292,
      "stop": 33350,
      "text": "z\n"
    },
    {
      "start": 33350,
      "stop": 35278,
      "text": "iy\n"
    },
    {
      "start": 35278,
      "stop": 36566,
      "text": "r\n"
    },
    {
      "start": 36566,
      "stop": 38714,
      "text": "ay\n"
    },
    {
      "start": 38714,
      "stop": 39379,
      "text": "tcl\n"
    },
    {
      "start": 39379,
      "stop": 39840,
      "text": "n\n"
    },
    {
      "start": 39840,
      "stop": 43640,
      "text": "aw\n"
    },
    {
      "start": 43640,
      "stop": 46240,
      "text": "h#\n"
    }
  ]
}