{
  "algo": "consensus",
  "birth_date": "03/10/62",
  "comments": "",
  "dialect": "South Midland",
  "education": "Master's Degree (MS or MA)",
  "height": 1.8034,
  "noise_dataset": null,
  "phoneme_times": [
    {
      "start": 0,
      "stop": 2340,
      "text": "h#\n"
    },
    {
      "start": 2340,
      "stop": 4260,
      "text": "sh\n"
    },
    {
      "start": 4260,
      "stop": 5054,
      "text": "ix\n"
    },
    {
      "start": 5054,
      "stop": 6099,
      "text": "hv\n"
    },
    {
      "start": 6099,
      "stop": 8360,
      "text": "ae\n"
    },
    {
      "start": 8360,
      "stop": 9040,
      "text": "dcl\n"
    },
    {
      "start": 9040,
      "stop": 9480,
      "text": "y\n"
    },
    {
      "start": 9480,
      "stop": 10360,
      "text": "axr\n"
    },
    {
      "start": 10360,
      "stop": 11580,
      "text": "dcl\n"
    },
    {
      "start": 11580,
      "stop": 11740,
      "text": "d\n"
    },
    {
      "start": 11740,
      "stop": 13426,
      "text": "aa\n"
    },
    {
      "start": 13426,
      "stop": 14360,
      "text": "r\n"
    },
    {
      "start": 14360,
      "stop": 14960,
      "text": "kcl\n"
    },
    {
      "start": 14960,
      "stop": 15248,
      "text": "k\n"
    },
    {
      "start": 15248,
      "stop": 17500,
      "text": "s\n"
    },
    {
      "start": 17500,
      "stop": 20120,
      "text": "ux\n"
    },
    {
      "start": 20120,
      "stop": 20760,
      "text": "tcl\n"
    },
    {
      "start": 20760,
      "stop": 21800,
      "text": "en\n"
    },
    {
      "start": 21800,
      "stop": 22740,
      "text": "gcl\n"
    },
    {
      "start": 22740,
      "stop": 23070,
      "text": "g\n"
    },
    {
      "start": 23070,
      "stop": 23773,
      "text": "r\n"
    },
    {
      "start": 23773,
      "stop": 25023,
      "text": "iy\n"
    },
    {
      "start": 25023,
      "stop": 26193,
      "text": "z\n"
    },
    {
      "start": 26193,
      "stop": 27613,
      "text": "ix\n"
    },
    {
      "start": 27613,
      "stop": 28866,
      "text": "w\n"
    },
    {
      "start": 28866,
      "stop": 31039,
      "text": "aa\n"
    },
    {
      "start": 31039,
      "stop": 32710,
      "text": "sh\n"
    },
    {
      "start": 32710,
      "stop": 33280,
      "text": "epi\n"
    },
    {
      "start": 33280,
      "stop": 33973,
      "text": "w\n"
    },
    {
      "start": 33973,
      "stop": 35360,
      "text": "ao\n"
    },
    {
      "start": 35360,
      "stop": 35680,
      "text": "dx\n"
    },
    {
      "start": 35680,
      "stop": 37480,
      "text": "axr\n"
    },
    {
      "start": 37480,
      "stop": 38040,
      "text": "q\n"
    },
    {
      "start": 38040,
      "stop": 40013,
      "text": "ao\n"
    },
    {
      "start": 40013,
      "stop": 41000,
      "text": "l\n"
    },
    {
      "start": 41000,
      "stop": 42569,
      "text": "y\n"
    },
    {
      "start": 42569,
      "stop": 44344,
      "text": "ix\n"
    },
    {
      "start": 44344,
      "stop": 46120,
      "text": "axr\n"
    },
    {
      "start": 46120,
      "stop": 48320,
      "text": "h#\n"
    }
  ],
  "phonetic_codes": [
    "/sh iy1/",
    "/hh ae1 d/",
    "/y uh1 r/",
    "/d aa1 r k/",
    "/s uw1 t/",
    "/ih1 n/",
    "/g r iy1 s iy/",
    "/w ao1 sh/",
    "/w ao1 t axr/",
    "/ao1 l/"
  ],
  "race": "White",
  "recording_date": "03/18/86",
  "sentence": "She had your dark suit in greasy wash water all year.",
  "sentence_id": "SA1",
  "sentence_time": {
    "start": 0,
    "stop": 48436,
    "text": "She had your dark suit in greasy wash water all year.\n"
  },
  "sex": "F",
  "speaker_id": "CAG0",
  "speech": "SA1CAG0",
  "speech_dataset": "timit",
  "use": "System training speaker",
  "word_times": [
    {
      "start": 0,
      "stop": 2340,
      "text": "h#\n"
    },
    {
      "start": 2340,
      "stop": 4260,
      "text": "sh\n"
    },
    {
      "start": 4260,
      "stop": 5054,
      "text": "ix\n"
    },
    {
      "start": 5054,
      "stop": 6099,
      "text": "hv\n"
    },
    {
      "start": 6099,
      "stop": 8360,
      "text": "ae\n"
    },
    {
      "start": 8360,
      "stop": 9040,
      "text": "dcl\n"
    },
    {
      "start": 9040,
      "stop": 9480,
      "text": "y\n"
    },
    {
      "start": 9480,
      "stop": 10360,
      "text": "axr\n"
    },
    {
      "start": 10360,
      "stop": 11580,
      "text": "dcl\n"
    },
    {
      "start": 11580,
      "stop": 11740,
      "text": "d\n"
    },
    {
      "start": 11740,
      "stop": 13426,
      "text": "aa\n"
    },
    {
      "start": 13426,
      "stop": 14360,
      "text": "r\n"
    },
    {
      "start": 14360,
      "stop": 14960,
      "text": "kcl\n"
    },
    {
      "start": 14960,
      "stop": 15248,
      "text": "k\n"
    },
    {
      "start": 15248,
      "stop": 17500,
      "text": "s\n"
    },
    {
      "start": 17500,
      "stop": 20120,
      "text": "ux\n"
    },
    {
      "start": 20120,
      "stop": 20760,
      "text": "tcl\n"
    },
    {
      "start": 20760,
      "stop": 21800,
      "text": "en\n"
    },
    {
      "start": 21800,
      "stop": 22740,
      "text": "gcl\n"
    },
    {
      "start": 22740,
      "stop": 23070,
      "text": "g\n"
    },
    {
      "start": 23070,
      "stop": 23773,
      "text": "r\n"
    },
    {
      "start": 23773,
      "stop": 25023,
      "text": "iy\n"
    },
    {
      "start": 25023,
      "stop": 26193,
      "text": "z\n"
    },
    {
      "start": 26193,
      "stop": 27613,
      "text": "ix\n"
    },
    {
      "start": 27613,
      "stop": 28866,
      "text": "w\n"
    },
    {
      "start": 28866,
      "stop": 31039,
      "text": "aa\n"
    },
    {
      "start": 31039,
      "stop": 32710,
      "text": "sh\n"
    },
    {
      "start": 32710,
      "stop": 33280,
      "text": "epi\n"
    },
    {
      "start": 33280,
      "stop": 33973,
      "text": "w\n"
    },
    {
      "start": 33973,
      "stop": 35360,
      "text": "ao\n"
    },
    {
      "start": 35360,
      "stop": 35680,
      "text": "dx\n"
    },
    {
      "start": 35680,
      "stop": 37480,
      "text": "axr\n"
    },
    {
      "start": 37480,
      "stop": 38040,
      "text": "q\n"
    },
    {
      "start": 38040,
      "stop": 40013,
      "text": "ao\n"
    },
    {
      "start": 40013,
      "stop": 41000,
      "text": "l\n"
    },
    {
      "start": 41000,
      "stop": 42569,
      "text": "y\n"
    },
    {
      "start": 42569,
      "stop": 44344,
      "text": "ix\n"
    },
    {
      "start": 44344,
      "stop": 46120,
      "text": "axr\n"
    },
    {
      "start": 46120,
      "stop": 48320,
      "text": "h#\n"
    }
  ]
}