{
  "algo": "consensus",
  "birth_date": "12/02/37",
  "comments": "",
  "dialect": "South Midland",
  "education": "Unknown",
  "height": 1.8034,
  "noise_dataset": null,
  "phoneme_times": [
    {
      "start": 0,
      "stop": 2212,
      "text": "h#\n"
    },
    {
      "start": 2212,
      "stop": 2550,
      "text": "b\n"
    },
    {
      "start": 2550,
      "stop": 3174,
      "text": "r\n"
    },
    {
      "start": 3174,
      "stop": 5252,
      "text": "aa\n"
    },
    {
      "start": 5252,
      "stop": 5830,
      "text": "tcl\n"
    },
    {
      "start": 5830,
      "stop": 7516,
      "text": "s\n"
    },
    {
      "start": 7516,
      "stop": 9080,
      "text": "ah\n"
    },
    {
      "start": 9080,
      "stop": 10248,
      "text": "n\n"
    },
    {
      "start": 10248,
      "stop": 11330,
      "text": "sh\n"
    },
    {
      "start": 11330,
      "stop": 14000,
      "text": "aa\n"
    },
    {
      "start": 14000,
      "stop": 15080,
      "text": "n\n"
    },
    {
      "start": 15080,
      "stop": 17120,
      "text": "sh\n"
    },
    {
      "start": 17120,
      "stop": 18930,
      "text": "ih\n"
    },
    {
      "start": 18930,
      "stop": 19560,
      "text": "m\n"
    },
    {
      "start": 19560,
      "stop": 20920,
      "text": "axr\n"
    },
    {
      "start": 20920,
      "stop": 21440,
      "text": "z\n"
    },
    {
      "start": 21440,
      "stop": 23224,
      "text": "ao\n"
    },
    {
      "start": 23224,
      "stop": 24019,
      "text": "n\n"
    },
    {
      "start": 24019,
      "stop": 24667,
      "text": "dh\n"
    },
    {
      "start": 24667,
      "stop": 25524,
      "text": "ix\n"
    },
    {
      "start": 25524,
      "stop": 27640,
      "text": "ow\n"
    },
    {
      "start": 27640,
      "stop": 28952,
      "text": "sh\n"
    },
    {
      "start": 28952,
      "stop": 30363,
      "text": "en\n"
    },
    {
      "start": 30363,
      "stop": 33440,
      "text": "h#\n"
    }
  ],
  "phonetic_codes": [
    "/b r ay1 t/",
    "/s ah1 n sh ay2 n/",
    "/sh ih1 m axr z/",
    "/ao1 n/",
    "/dh ax/"
  ],
  "race": "White",
  "recording_date": "03/07/86",
  "sentence": "Bright sunshine shimmers on the ocean.",
  "sentence_id": "SX6",
  "sentence_time": {
    "start": 0,
    "stop": 33485,
    "text": "Bright sunshine shimmers on the ocean.\n"
  },
  "sex": "M",
  "speaker_id": "NET0",
  "speech": "SX6NET0",
  "speech_dataset": "timit",
  "use": "System training speaker",
  "word_times": [
    {
      "start": 0,
      "stop": 2212,
      "text": "h#\n"
    },
    {
      "start": 2212,
      "stop": 2550,
      "text": "b\n"
    },
    {
      "start": 2550,
      "stop": 3174,
      "text": "r\n"
    },
    {
      "start": 3174,
      "stop": 5252,
      "text": "aa\n"
    },
    {
      "start": 5252,
      "stop": 5830,
      "text": "tcl\n"
    },
    {
      "start": 5830,
      "stop": 7516,
      "text": "s\n"
    },
    {
      "start": 7516,
      "stop": 9080,
      "text": "ah\n"
    },
    {
      "start": 9080,
      "stop": 10248,
      "text": "n\n"
    },
    {
      "start": 10248,
      "stop": 11330,
      "text": "sh\n"
    },
    {
      "start": 11330,
      "stop": 14000,
      "text": "aa\n"
    },
    {
      "start": 14000,
      "stop": 15080,
      "text": "n\n"
    },
    {
      "start": 15080,
      "stop": 17120,
      "text": "sh\n"
    },
    {
      "start": 17120,
      "stop": 18930,
      "text": "ih\n"
    },
    {
      "start": 18930,
      "stop": 19560,
      "text": "m\n"
    },
    {
      "start": 19560,
      "stop": 20920,
      "text": "axr\n"
    },
    {
      "start": 20920,
      "stop": 21440,
      "text": "z\n"
    },
    {
      "start": 21440,
      "stop": 23224,
      "text": "ao\n"
    },
    {
      "start": 23224,
      "stop": 24019,
      "text": "n\n"
    },
    {
      "start": 24019,
      "stop": 24667,
      "text": "dh\n"
    },
    {
      "start": 24667,
      "stop": 25524,
      "text": "ix\n"
    },
    {
      "start": 25524,
      "stop": 27640,
      "text": "ow\n"
    },
    {
      "start": 27640,
      "stop": 28952,
      "text": "sh\n"
    },
    {
      "start": 28952,
      "stop": 30363,
      "text": "en\n"
    },
    {
      "start": 30363,
      "stop": 33440,
      "text": "h#\n"
    }
  ]
}