{
  "algo": "consensus",
  "birth_date": "08/09/55",
  "comments": "OZARK, INTERESTING EXAMPLE \n",
  "dialect": "South Midland",
  "education": "Associate Degree",
  "height": 1.8034,
  "noise_dataset": null,
  "phoneme_times": [
    {
      "start": 0,
      "stop": 2240,
      "text": "h#\n"
    },
    {
      "start": 2240,
      "stop": 2494,
      "text": "b\n"
    },
    {
      "start": 2494,
      "stop": 3373,
      "text": "iy\n"
    },
    {
      "start": 3373,
      "stop": 4460,
      "text": "kcl\n"
    },
    {
      "start": 4460,
      "stop": 5590,
      "text": "k\n"
    },
    {
      "start": 5590,
      "stop": 7319,
      "text": "eh\n"
    },
    {
      "start": 7319,
      "stop": 8280,
      "text": "r\n"
    },
    {
      "start": 8280,
      "stop": 10450,
      "text": "f\n"
    },
    {
      "start": 10450,
      "stop": 11906,
      "text": "uh\n"
    },
    {
      "start": 11906,
      "stop": 12920,
      "text": "n\n"
    },
    {
      "start": 12920,
      "stop": 14920,
      "text": "aa\n"
    },
    {
      "start": 14920,
      "stop": 16560,
      "text": "tcl\n"
    },
    {
      "start": 16560,
      "stop": 17070,
      "text": "t\n"
    },
    {
      "start": 17070,
      "stop": 17560,
      "text": "ix\n"
    },
    {
      "start": 17560,
      "stop": 18930,
      "text": "pcl\n"
    },
    {
      "start": 18930,
      "stop": 20080,
      "text": "p\n"
    },
    {
      "start": 20080,
      "stop": 21054,
      "text": "l\n"
    },
    {
      "start": 21054,
      "stop": 24229,
      "text": "aw\n"
    },
    {
      "start": 24229,
      "stop": 27446,
      "text": "ow\n"
    },
    {
      "start": 27446,
      "stop": 28281,
      "text": "v\n"
    },
    {
      "start": 28281,
      "stop": 29033,
      "text": "dh\n"
    },
    {
      "start": 29033,
      "stop": 29720,
      "text": "ax\n"
    },
    {
      "start": 29720,
      "stop": 32133,
      "text": "f\n"
    },
    {
      "start": 32133,
      "stop": 33127,
      "text": "l\n"
    },
    {
      "start": 33127,
      "stop": 36219,
      "text": "aw\n"
    },
    {
      "start": 36219,
      "stop": 37920,
      "text": "axr\n"
    },
    {
      "start": 37920,
      "stop": 39660,
      "text": "bcl\n"
    },
    {
      "start": 39660,
      "stop": 39908,
      "text": "b\n"
    },
    {
      "start": 39908,
      "stop": 43440,
      "text": "eh\n"
    },
    {
      "start": 43440,
      "stop": 44828,
      "text": "dcl\n"
    },
    {
      "start": 44828,
      "stop": 46940,
      "text": "z\n"
    },
    {
      "start": 46940,
      "stop": 49920,
      "text": "h#\n"
    }
  ],
  "phonetic_codes": [
    "/b iy1/",
    "/k ae1 r f el/",
    "/n aa1 t/",
    "/t uw1/",
    "/p l aw1/",
    "/ow1 v axr/",
    "/dh ax/",
    "/f l aw1 axr/"
  ],
  "race": "White",
  "recording_date": "03/06/86",
  "sentence": "Be careful not to plow over the flower beds.",
  "sentence_id": "SX271",
  "sentence_time": {
    "start": 0,
    "stop": 49972,
    "text": "Be careful not to plow over the flower beds.\n"
  },
  "sex": "M",
  "speaker_id": "TQC0",
  "speech": "SX271TQC0",
  "speech_dataset": "timit",
  "use": "System training speaker",
  "word_times": [
    {
      "start": 0,
      "stop": 2240,
      "text": "h#\n"
    },
    {
      "start": 2240,
      "stop": 2494,
      "text": "b\n"
    },
    {
      "start": 2494,
      "stop": 3373,
      "text": "iy\n"
    },
    {
      "start": 3373,
      "stop": 4460,
      "text": "kcl\n"
    },
    {
      "start": 4460,
      "stop": 5590,
      "text": "k\n"
    },
    {
      "start": 5590,
      "stop": 7319,
      "text": "eh\n"
    },
    {
      "start": 7319,
      "stop": 8280,
      "text": "r\n"
    },
    {
      "start": 8280,
      "stop": 10450,
      "text": "f\n"
    },
    {
      "start": 10450,
      "stop": 11906,
      "text": "uh\n"
    },
    {
      "start": 11906,
      "stop": 12920,
      "text": "n\n"
    },
    {
      "start": 12920,
      "stop": 14920,
      "text": "aa\n"
    },
    {
      "start": 14920,
      "stop": 16560,
      "text": "tcl\n"
    },
    {
      "start": 16560,
      "stop": 17070,
      "text": "t\n"
    },
    {
      "start": 17070,
      "stop": 17560,
      "text": "ix\n"
    },
    {
      "start": 17560,
      "stop": 18930,
      "text": "pcl\n"
    },
    {
      "start": 18930,
      "stop": 20080,
      "text": "p\n"
    },
    {
      "start": 20080,
      "stop": 21054,
      "text": "l\n"
    },
    {
      "start": 21054,
      "stop": 24229,
      "text": "aw\n"
    },
    {
      "start": 24229,
      "stop": 27446,
      "text": "ow\n"
    },
    {
      "start": 27446,
      "stop": 28281,
      "text": "v\n"
    },
    {
      "start": 28281,
      "stop": 29033,
      "text": "dh\n"
    },
    {
      "start": 29033,
      "stop": 29720,
      "text": "ax\n"
    },
    {
      "start": 29720,
      "stop": 32133,
      "text": "f\n"
    },
    {
      "start": 32133,
      "stop": 33127,
      "text": "l\n"
    },
    {
      "start": 33127,
      "stop": 36219,
      "text": "aw\n"
    },
    {
      "start": 36219,
      "stop": 37920,
      "text": "axr\n"
    },
    {
      "start": 37920,
      "stop": 39660,
      "text": "bcl\n"
    },
    {
      "start": 39660,
      "stop": 39908,
      "text": "b\n"
    },
    {
      "start": 39908,
      "stop": 43440,
      "text": "eh\n"
    },
    {
      "start": 43440,
      "stop": 44828,
      "text": "dcl\n"
    },
    {
      "start": 44828,
      "stop": 46940,
      "text": "z\n"
    },
    {
      "start": 46940,
      "stop": 49920,
      "text": "h#\n"
    }
  ]
}