{
  "algo": "consensus",
  "birth_date": "09/28/62",
  "comments": "",
  "dialect": "Southern",
  "education": "Bachelor's Degree (BS or BA)",
  "height": 1.8796000000000002,
  "noise_dataset": null,
  "phoneme_times": [
    {
      "start": 0,
      "stop": 2229,
      "text": "h#\n"
    },
    {
      "start": 2229,
      "stop": 2631,
      "text": "w\n"
    },
    {
      "start": 2631,
      "stop": 3795,
      "text": "iy\n"
    },
    {
      "start": 3795,
      "stop": 4739,
      "text": "w\n"
    },
    {
      "start": 4739,
      "stop": 5472,
      "text": "eh\n"
    },
    {
      "start": 5472,
      "stop": 6280,
      "text": "l\n"
    },
    {
      "start": 6280,
      "stop": 7315,
      "text": "kcl\n"
    },
    {
      "start": 7315,
      "stop": 7858,
      "text": "k\n"
    },
    {
      "start": 7858,
      "stop": 9984,
      "text": "em\n"
    },
    {
      "start": 9984,
      "stop": 11112,
      "text": "eh\n"
    },
    {
      "start": 11112,
      "stop": 11488,
      "text": "nx\n"
    },
    {
      "start": 11488,
      "stop": 12826,
      "text": "iy\n"
    },
    {
      "start": 12826,
      "stop": 13627,
      "text": "n\n"
    },
    {
      "start": 13627,
      "stop": 14955,
      "text": "ux\n"
    },
    {
      "start": 14955,
      "stop": 16459,
      "text": "s\n"
    },
    {
      "start": 16459,
      "stop": 16793,
      "text": "tcl\n"
    },
    {
      "start": 16793,
      "stop": 17378,
      "text": "t\n"
    },
    {
      "start": 17378,
      "stop": 18800,
      "text": "ux\n"
    },
    {
      "start": 18800,
      "stop": 19049,
      "text": "dx\n"
    },
    {
      "start": 19049,
      "stop": 19992,
      "text": "ix\n"
    },
    {
      "start": 19992,
      "stop": 20595,
      "text": "n\n"
    },
    {
      "start": 20595,
      "stop": 21556,
      "text": "tcl\n"
    },
    {
      "start": 21556,
      "stop": 22924,
      "text": "s\n"
    },
    {
      "start": 22924,
      "stop": 24521,
      "text": "pau\n"
    },
    {
      "start": 24521,
      "stop": 25619,
      "text": "iy\n"
    },
    {
      "start": 25619,
      "stop": 26234,
      "text": "tcl\n"
    },
    {
      "start": 26234,
      "stop": 27584,
      "text": "ch\n"
    },
    {
      "start": 27584,
      "stop": 28031,
      "text": "y\n"
    },
    {
      "start": 28031,
      "stop": 28993,
      "text": "ih\n"
    },
    {
      "start": 28993,
      "stop": 30440,
      "text": "axr\n"
    },
    {
      "start": 30440,
      "stop": 32960,
      "text": "h#\n"
    }
  ],
  "phonetic_codes": [
    "/w iy1/",
    "/w eh1 l k ax m/",
    "/m eh1 n iy/",
    "/n uw1/",
    "/s t uw1 d en t s/",
    "/iy1 ch/"
  ],
  "race": "White",
  "recording_date": "01/30/86",
  "sentence": "We welcome many new students each year.",
  "sentence_id": "SX381",
  "sentence_time": {
    "start": 0,
    "stop": 32973,
    "text": "We welcome many new students each year.\n"
  },
  "sex": "M",
  "speaker_id": "JPG0",
  "speech": "SX381JPG0",
  "speech_dataset": "timit",
  "use": "System training speaker",
  "word_times": [
    {
      "start": 0,
      "stop": 2229,
      "text": "h#\n"
    },
    {
      "start": 2229,
      "stop": 2631,
      "text": "w\n"
    },
    {
      "start": 2631,
      "stop": 3795,
      "text": "iy\n"
    },
    {
      "start": 3795,
      "stop": 4739,
      "text": "w\n"
    },
    {
      "start": 4739,
      "stop": 5472,
      "text": "eh\n"
    },
    {
      "start": 5472,
      "stop": 6280,
      "text": "l\n"
    },
    {
      "start": 6280,
      "stop": 7315,
      "text": "kcl\n"
    },
    {
      "start": 7315,
      "stop": 7858,
      "text": "k\n"
    },
    {
      "start": 7858,
      "stop": 9984,
      "text": "em\n"
    },
    {
      "start": 9984,
      "stop": 11112,
      "text": "eh\n"
    },
    {
      "start": 11112,
      "stop": 11488,
      "text": "nx\n"
    },
    {
      "start": 11488,
      "stop": 12826,
      "text": "iy\n"
    },
    {
      "start": 12826,
      "stop": 13627,
      "text": "n\n"
    },
    {
      "start": 13627,
      "stop": 14955,
      "text": "ux\n"
    },
    {
      "start": 14955,
      "stop": 16459,
      "text": "s\n"
    },
    {
      "start": 16459,
      "stop": 16793,
      "text": "tcl\n"
    },
    {
      "start": 16793,
      "stop": 17378,
      "text": "t\n"
    },
    {
      "start": 17378,
      "stop": 18800,
      "text": "ux\n"
    },
    {
      "start": 18800,
      "stop": 19049,
      "text": "dx\n"
    },
    {
      "start": 19049,
      "stop": 19992,
      "text": "ix\n"
    },
    {
      "start": 19992,
      "stop": 20595,
      "text": "n\n"
    },
    {
      "start": 20595,
      "stop": 21556,
      "text": "tcl\n"
    },
    {
      "start": 21556,
      "stop": 22924,
      "text": "s\n"
    },
    {
      "start": 22924,
      "stop": 24521,
      "text": "pau\n"
    },
    {
      "start": 24521,
      "stop": 25619,
      "text": "iy\n"
    },
    {
      "start": 25619,
      "stop": 26234,
      "text": "tcl\n"
    },
    {
      "start": 26234,
      "stop": 27584,
      "text": "ch\n"
    },
    {
      "start": 27584,
      "stop": 28031,
      "text": "y\n"
    },
    {
      "start": 28031,
      "stop": 28993,
      "text": "ih\n"
    },
    {
      "start": 28993,
      "stop": 30440,
      "text": "axr\n"
    },
    {
      "start": 30440,
      "stop": 32960,
      "text": "h#\n"
    }
  ]
}