{
  "algo": "consensus",
  "birth_date": "04/12/57",
  "comments": "",
  "dialect": "North Midland",
  "education": "Bachelor's Degree (BS or BA)",
  "height": 1.524,
  "noise_dataset": null,
  "phoneme_times": [
    {
      "start": 0,
      "stop": 3560,
      "text": "h#\n"
    },
    {
      "start": 3560,
      "stop": 3880,
      "text": "d\n"
    },
    {
      "start": 3880,
      "stop": 5920,
      "text": "ow\n"
    },
    {
      "start": 5920,
      "stop": 6560,
      "text": "n\n"
    },
    {
      "start": 6560,
      "stop": 9320,
      "text": "ae\n"
    },
    {
      "start": 9320,
      "stop": 10694,
      "text": "s\n"
    },
    {
      "start": 10694,
      "stop": 11237,
      "text": "kcl\n"
    },
    {
      "start": 11237,
      "stop": 11697,
      "text": "m\n"
    },
    {
      "start": 11697,
      "stop": 12760,
      "text": "iy\n"
    },
    {
      "start": 12760,
      "stop": 13000,
      "text": "tcl\n"
    },
    {
      "start": 13000,
      "stop": 13240,
      "text": "t\n"
    },
    {
      "start": 13240,
      "stop": 14040,
      "text": "ix\n"
    },
    {
      "start": 14040,
      "stop": 14960,
      "text": "kcl\n"
    },
    {
      "start": 14960,
      "stop": 16840,
      "text": "k\n"
    },
    {
      "start": 16840,
      "stop": 18172,
      "text": "eh\n"
    },
    {
      "start": 18172,
      "stop": 19300,
      "text": "r\n"
    },
    {
      "start": 19300,
      "stop": 21052,
      "text": "iy\n"
    },
    {
      "start": 21052,
      "stop": 22349,
      "text": "ix\n"
    },
    {
      "start": 22349,
      "stop": 23060,
      "text": "n\n"
    },
    {
      "start": 23060,
      "stop": 24731,
      "text": "q\n"
    },
    {
      "start": 24731,
      "stop": 26443,
      "text": "oy\n"
    },
    {
      "start": 26443,
      "stop": 27404,
      "text": "l\n"
    },
    {
      "start": 27404,
      "stop": 28616,
      "text": "ih\n"
    },
    {
      "start": 28616,
      "stop": 30454,
      "text": "r\n"
    },
    {
      "start": 30454,
      "stop": 33560,
      "text": "ae\n"
    },
    {
      "start": 33560,
      "stop": 34120,
      "text": "gcl\n"
    },
    {
      "start": 34120,
      "stop": 34631,
      "text": "g\n"
    },
    {
      "start": 34631,
      "stop": 35640,
      "text": "l\n"
    },
    {
      "start": 35640,
      "stop": 37400,
      "text": "ay\n"
    },
    {
      "start": 37400,
      "stop": 39320,
      "text": "kcl\n"
    },
    {
      "start": 39320,
      "stop": 39561,
      "text": "dh\n"
    },
    {
      "start": 39561,
      "stop": 43000,
      "text": "ae\n"
    },
    {
      "start": 43000,
      "stop": 44100,
      "text": "tcl\n"
    },
    {
      "start": 44100,
      "stop": 45200,
      "text": "h#\n"
    }
  ],
  "phonetic_codes": [
    "/d ow1 n t/",
    "/ae1 s k/",
    "/m iy1/",
    "/t uw1/",
    "/k ae1 r iy/",
    "/ae n/",
    "/oy1 l iy/",
    "/r ae1 g/",
    "/l ay1 k/"
  ],
  "race": "White",
  "recording_date": "01/28/86",
  "sentence": "Don't ask me to carry an oily rag like that.",
  "sentence_id": "SA2",
  "sentence_time": {
    "start": 0,
    "stop": 45262,
    "text": "Don't ask me to carry an oily rag like that.\n"
  },
  "sex": "F",
  "speaker_id": "SJS0",
  "speech": "SA2SJS0",
  "speech_dataset": "timit",
  "use": "System training speaker",
  "word_times": [
    {
      "start": 0,
      "stop": 3560,
      "text": "h#\n"
    },
    {
      "start": 3560,
      "stop": 3880,
      "text": "d\n"
    },
    {
      "start": 3880,
      "stop": 5920,
      "text": "ow\n"
    },
    {
      "start": 5920,
      "stop": 6560,
      "text": "n\n"
    },
    {
      "start": 6560,
      "stop": 9320,
      "text": "ae\n"
    },
    {
      "start": 9320,
      "stop": 10694,
      "text": "s\n"
    },
    {
      "start": 10694,
      "stop": 11237,
      "text": "kcl\n"
    },
    {
      "start": 11237,
      "stop": 11697,
      "text": "m\n"
    },
    {
      "start": 11697,
      "stop": 12760,
      "text": "iy\n"
    },
    {
      "start": 12760,
      "stop": 13000,
      "text": "tcl\n"
    },
    {
      "start": 13000,
      "stop": 13240,
      "text": "t\n"
    },
    {
      "start": 13240,
      "stop": 14040,
      "text": "ix\n"
    },
    {
      "start": 14040,
      "stop": 14960,
      "text": "kcl\n"
    },
    {
      "start": 14960,
      "stop": 16840,
      "text": "k\n"
    },
    {
      "start": 16840,
      "stop": 18172,
      "text": "eh\n"
    },
    {
      "start": 18172,
      "stop": 19300,
      "text": "r\n"
    },
    {
      "start": 19300,
      "stop": 21052,
      "text": "iy\n"
    },
    {
      "start": 21052,
      "stop": 22349,
      "text": "ix\n"
    },
    {
      "start": 22349,
      "stop": 23060,
      "text": "n\n"
    },
    {
      "start": 23060,
      "stop": 24731,
      "text": "q\n"
    },
    {
      "start": 24731,
      "stop": 26443,
      "text": "oy\n"
    },
    {
      "start": 26443,
      "stop": 27404,
      "text": "l\n"
    },
    {
      "start": 27404,
      "stop": 28616,
      "text": "ih\n"
    },
    {
      "start": 28616,
      "stop": 30454,
      "text": "r\n"
    },
    {
      "start": 30454,
      "stop": 33560,
      "text": "ae\n"
    },
    {
      "start": 33560,
      "stop": 34120,
      "text": "gcl\n"
    },
    {
      "start": 34120,
      "stop": 34631,
      "text": "g\n"
    },
    {
      "start": 34631,
      "stop": 35640,
      "text": "l\n"
    },
    {
      "start": 35640,
      "stop": 37400,
      "text": "ay\n"
    },
    {
      "start": 37400,
      "stop": 39320,
      "text": "kcl\n"
    },
    {
      "start": 39320,
      "stop": 39561,
      "text": "dh\n"
    },
    {
      "start": 39561,
      "stop": 43000,
      "text": "ae\n"
    },
    {
      "start": 43000,
      "stop": 44100,
      "text": "tcl\n"
    },
    {
      "start": 44100,
      "stop": 45200,
      "text": "h#\n"
    }
  ]
}