{
  "algo": "consensus",
  "birth_date": "04/22/57",
  "comments": "",
  "dialect": "Northern",
  "education": "High School",
  "height": 1.8034,
  "noise_dataset": null,
  "phoneme_times": [
    {
      "start": 0,
      "stop": 2180,
      "text": "h#\n"
    },
    {
      "start": 2180,
      "stop": 2740,
      "text": "hh\n"
    },
    {
      "start": 2740,
      "stop": 3623,
      "text": "iy\n"
    },
    {
      "start": 3623,
      "stop": 4117,
      "text": "gcl\n"
    },
    {
      "start": 4117,
      "stop": 4680,
      "text": "g\n"
    },
    {
      "start": 4680,
      "stop": 6280,
      "text": "ey\n"
    },
    {
      "start": 6280,
      "stop": 7240,
      "text": "v\n"
    },
    {
      "start": 7240,
      "stop": 8370,
      "text": "ey\n"
    },
    {
      "start": 8370,
      "stop": 10750,
      "text": "sh\n"
    },
    {
      "start": 10750,
      "stop": 12840,
      "text": "ao\n"
    },
    {
      "start": 12840,
      "stop": 13800,
      "text": "r\n"
    },
    {
      "start": 13800,
      "stop": 14319,
      "text": "tcl\n"
    },
    {
      "start": 14319,
      "stop": 14845,
      "text": "q\n"
    },
    {
      "start": 14845,
      "stop": 16330,
      "text": "hh\n"
    },
    {
      "start": 16330,
      "stop": 18200,
      "text": "aa\n"
    },
    {
      "start": 18200,
      "stop": 19240,
      "text": "r\n"
    },
    {
      "start": 19240,
      "stop": 19930,
      "text": "dcl\n"
    },
    {
      "start": 19930,
      "stop": 20344,
      "text": "d\n"
    },
    {
      "start": 20344,
      "stop": 21556,
      "text": "l\n"
    },
    {
      "start": 21556,
      "stop": 25640,
      "text": "ae\n"
    },
    {
      "start": 25640,
      "stop": 26876,
      "text": "f\n"
    },
    {
      "start": 26876,
      "stop": 27972,
      "text": "q\n"
    },
    {
      "start": 27972,
      "stop": 28838,
      "text": "ix\n"
    },
    {
      "start": 28838,
      "stop": 29967,
      "text": "n\n"
    },
    {
      "start": 29967,
      "stop": 31262,
      "text": "l\n"
    },
    {
      "start": 31262,
      "stop": 33480,
      "text": "uh\n"
    },
    {
      "start": 33480,
      "stop": 34670,
      "text": "kcl\n"
    },
    {
      "start": 34670,
      "stop": 35174,
      "text": "t\n"
    },
    {
      "start": 35174,
      "stop": 36302,
      "text": "ix\n"
    },
    {
      "start": 36302,
      "stop": 36845,
      "text": "q\n"
    },
    {
      "start": 36845,
      "stop": 38490,
      "text": "hh\n"
    },
    {
      "start": 38490,
      "stop": 40126,
      "text": "er\n"
    },
    {
      "start": 40126,
      "stop": 41139,
      "text": "n\n"
    },
    {
      "start": 41139,
      "stop": 43191,
      "text": "ow\n"
    },
    {
      "start": 43191,
      "stop": 44440,
      "text": "iy\n"
    },
    {
      "start": 44440,
      "stop": 45280,
      "text": "ng\n"
    },
    {
      "start": 45280,
      "stop": 46408,
      "text": "l\n"
    },
    {
      "start": 46408,
      "stop": 47829,
      "text": "iy\n"
    },
    {
      "start": 47829,
      "stop": 50800,
      "text": "h#\n"
    }
  ],
  "phonetic_codes": [
    "/hh iy1/",
    "/g ey1 v/",
    "/ax/",
    "/sh ao1 r t/",
    "/hh aa1 r d/",
    "/l ae1 f/",
    "/ae n d/",
    "/l uh1 k t/",
    "/ae1 t/",
    "/hh er1/"
  ],
  "race": "White",
  "recording_date": "03/12/86",
  "sentence": "He gave a short hard laugh and looked at her knowingly.",
  "sentence_id": "SI2098",
  "sentence_time": {
    "start": 0,
    "stop": 50893,
    "text": "He gave a short hard laugh and looked at her knowingly.\n"
  },
  "sex": "M",
  "speaker_id": "TAS1",
  "speech": "SI2098TAS1",
  "speech_dataset": "timit",
  "use": "System test speaker",
  "word_times": [
    {
      "start": 0,
      "stop": 2180,
      "text": "h#\n"
    },
    {
      "start": 2180,
      "stop": 2740,
      "text": "hh\n"
    },
    {
      "start": 2740,
      "stop": 3623,
      "text": "iy\n"
    },
    {
      "start": 3623,
      "stop": 4117,
      "text": "gcl\n"
    },
    {
      "start": 4117,
      "stop": 4680,
      "text": "g\n"
    },
    {
      "start": 4680,
      "stop": 6280,
      "text": "ey\n"
    },
    {
      "start": 6280,
      "stop": 7240,
      "text": "v\n"
    },
    {
      "start": 7240,
      "stop": 8370,
      "text": "ey\n"
    },
    {
      "start": 8370,
      "stop": 10750,
      "text": "sh\n"
    },
    {
      "start": 10750,
      "stop": 12840,
      "text": "ao\n"
    },
    {
      "start": 12840,
      "stop": 13800,
      "text": "r\n"
    },
    {
      "start": 13800,
      "stop": 14319,
      "text": "tcl\n"
    },
    {
      "start": 14319,
      "stop": 14845,
      "text": "q\n"
    },
    {
      "start": 14845,
      "stop": 16330,
      "text": "hh\n"
    },
    {
      "start": 16330,
      "stop": 18200,
      "text": "aa\n"
    },
    {
      "start": 18200,
      "stop": 19240,
      "text": "r\n"
    },
    {
      "start": 19240,
      "stop": 19930,
      "text": "dcl\n"
    },
    {
      "start": 19930,
      "stop": 20344,
      "text": "d\n"
    },
    {
      "start": 20344,
      "stop": 21556,
      "text": "l\n"
    },
    {
      "start": 21556,
      "stop": 25640,
      "text": "ae\n"
    },
    {
      "start": 25640,
      "stop": 26876,
      "text": "f\n"
    },
    {
      "start": 26876,
      "stop": 27972,
      "text": "q\n"
    },
    {
      "start": 27972,
      "stop": 28838,
      "text": "ix\n"
    },
    {
      "start": 28838,
      "stop": 29967,
      "text": "n\n"
    },
    {
      "start": 29967,
      "stop": 31262,
      "text": "l\n"
    },
    {
      "start": 31262,
      "stop": 33480,
      "text": "uh\n"
    },
    {
      "start": 33480,
      "stop": 34670,
      "text": "kcl\n"
    },
    {
      "start": 34670,
      "stop": 35174,
      "text": "t\n"
    },
    {
      "start": 35174,
      "stop": 36302,
      "text": "ix\n"
    },
    {
      "start": 36302,
      "stop": 36845,
      "text": "q\n"
    },
    {
      "start": 36845,
      "stop": 38490,
      "text": "hh\n"
    },
    {
      "start": 38490,
      "stop": 40126,
      "text": "er\n"
    },
    {
      "start": 40126,
      "stop": 41139,
      "text": "n\n"
    },
    {
      "start": 41139,
      "stop": 43191,
      "text": "ow\n"
    },
    {
      "start": 43191,
      "stop": 44440,
      "text": "iy\n"
    },
    {
      "start": 44440,
      "stop": 45280,
      "text": "ng\n"
    },
    {
      "start": 45280,
      "stop": 46408,
      "text": "l\n"
    },
    {
      "start": 46408,
      "stop": 47829,
      "text": "iy\n"
    },
    {
      "start": 47829,
      "stop": 50800,
      "text": "h#\n"
    }
  ]
}