{
  "algo": "consensus",
  "birth_date": "09/03/53",
  "comments": "",
  "dialect": "North Midland",
  "education": "Master's Degree (MS or MA)",
  "height": 1.8288000000000002,
  "noise_dataset": null,
  "phoneme_times": [
    {
      "start": 0,
      "stop": 2360,
      "text": "h#\n"
    },
    {
      "start": 2360,
      "stop": 3720,
      "text": "sh\n"
    },
    {
      "start": 3720,
      "stop": 4760,
      "text": "iy\n"
    },
    {
      "start": 4760,
      "stop": 5880,
      "text": "hv\n"
    },
    {
      "start": 5880,
      "stop": 7561,
      "text": "ae\n"
    },
    {
      "start": 7561,
      "stop": 8120,
      "text": "dcl\n"
    },
    {
      "start": 8120,
      "stop": 8480,
      "text": "d\n"
    },
    {
      "start": 8480,
      "stop": 9053,
      "text": "y\n"
    },
    {
      "start": 9053,
      "stop": 9800,
      "text": "er\n"
    },
    {
      "start": 9800,
      "stop": 10440,
      "text": "dcl\n"
    },
    {
      "start": 10440,
      "stop": 10766,
      "text": "d\n"
    },
    {
      "start": 10766,
      "stop": 12440,
      "text": "aa\n"
    },
    {
      "start": 12440,
      "stop": 13242,
      "text": "r\n"
    },
    {
      "start": 13242,
      "stop": 13480,
      "text": "kcl\n"
    },
    {
      "start": 13480,
      "stop": 14078,
      "text": "k\n"
    },
    {
      "start": 14078,
      "stop": 15480,
      "text": "s\n"
    },
    {
      "start": 15480,
      "stop": 18130,
      "text": "ux\n"
    },
    {
      "start": 18130,
      "stop": 18464,
      "text": "tcl\n"
    },
    {
      "start": 18464,
      "stop": 18798,
      "text": "t\n"
    },
    {
      "start": 18798,
      "stop": 19425,
      "text": "q\n"
    },
    {
      "start": 19425,
      "stop": 20280,
      "text": "ih\n"
    },
    {
      "start": 20280,
      "stop": 21263,
      "text": "n\n"
    },
    {
      "start": 21263,
      "stop": 21723,
      "text": "gcl\n"
    },
    {
      "start": 21723,
      "stop": 22600,
      "text": "r\n"
    },
    {
      "start": 22600,
      "stop": 24040,
      "text": "iy\n"
    },
    {
      "start": 24040,
      "stop": 25320,
      "text": "s\n"
    },
    {
      "start": 25320,
      "stop": 26151,
      "text": "iy\n"
    },
    {
      "start": 26151,
      "stop": 27362,
      "text": "w\n"
    },
    {
      "start": 27362,
      "stop": 29960,
      "text": "ao\n"
    },
    {
      "start": 29960,
      "stop": 31160,
      "text": "sh\n"
    },
    {
      "start": 31160,
      "stop": 32106,
      "text": "w\n"
    },
    {
      "start": 32106,
      "stop": 34000,
      "text": "ao\n"
    },
    {
      "start": 34000,
      "stop": 34320,
      "text": "dx\n"
    },
    {
      "start": 34320,
      "stop": 36219,
      "text": "er\n"
    },
    {
      "start": 36219,
      "stop": 39227,
      "text": "ao\n"
    },
    {
      "start": 39227,
      "stop": 40355,
      "text": "l\n"
    },
    {
      "start": 40355,
      "stop": 41984,
      "text": "y\n"
    },
    {
      "start": 41984,
      "stop": 43613,
      "text": "ih\n"
    },
    {
      "start": 43613,
      "stop": 45697,
      "text": "er\n"
    },
    {
      "start": 45697,
      "stop": 47600,
      "text": "h#\n"
    }
  ],
  "phonetic_codes": [
    "/sh iy1/",
    "/hh ae1 d/",
    "/y uh1 r/",
    "/d aa1 r k/",
    "/s uw1 t/",
    "/ih1 n/",
    "/g r iy1 s iy/",
    "/w ao1 sh/",
    "/w ao1 t axr/",
    "/ao1 l/"
  ],
  "race": "White",
  "recording_date": "01/28/86",
  "sentence": "She had your dark suit in greasy wash water all year.",
  "sentence_id": "SA1",
  "sentence_time": {
    "start": 0,
    "stop": 47617,
    "text": "She had your dark suit in greasy wash water all year.\n"
  },
  "sex": "M",
  "speaker_id": "RDS0",
  "speech": "SA1RDS0",
  "speech_dataset": "timit",
  "use": "System training speaker",
  "word_times": [
    {
      "start": 0,
      "stop": 2360,
      "text": "h#\n"
    },
    {
      "start": 2360,
      "stop": 3720,
      "text": "sh\n"
    },
    {
      "start": 3720,
      "stop": 4760,
      "text": "iy\n"
    },
    {
      "start": 4760,
      "stop": 5880,
      "text": "hv\n"
    },
    {
      "start": 5880,
      "stop": 7561,
      "text": "ae\n"
    },
    {
      "start": 7561,
      "stop": 8120,
      "text": "dcl\n"
    },
    {
      "start": 8120,
      "stop": 8480,
      "text": "d\n"
    },
    {
      "start": 8480,
      "stop": 9053,
      "text": "y\n"
    },
    {
      "start": 9053,
      "stop": 9800,
      "text": "er\n"
    },
    {
      "start": 9800,
      "stop": 10440,
      "text": "dcl\n"
    },
    {
      "start": 10440,
      "stop": 10766,
      "text": "d\n"
    },
    {
      "start": 10766,
      "stop": 12440,
      "text": "aa\n"
    },
    {
      "start": 12440,
      "stop": 13242,
      "text": "r\n"
    },
    {
      "start": 13242,
      "stop": 13480,
      "text": "kcl\n"
    },
    {
      "start": 13480,
      "stop": 14078,
      "text": "k\n"
    },
    {
      "start": 14078,
      "stop": 15480,
      "text": "s\n"
    },
    {
      "start": 15480,
      "stop": 18130,
      "text": "ux\n"
    },
    {
      "start": 18130,
      "stop": 18464,
      "text": "tcl\n"
    },
    {
      "start": 18464,
      "stop": 18798,
      "text": "t\n"
    },
    {
      "start": 18798,
      "stop": 19425,
      "text": "q\n"
    },
    {
      "start": 19425,
      "stop": 20280,
      "text": "ih\n"
    },
    {
      "start": 20280,
      "stop": 21263,
      "text": "n\n"
    },
    {
      "start": 21263,
      "stop": 21723,
      "text": "gcl\n"
    },
    {
      "start": 21723,
      "stop": 22600,
      "text": "r\n"
    },
    {
      "start": 22600,
      "stop": 24040,
      "text": "iy\n"
    },
    {
      "start": 24040,
      "stop": 25320,
      "text": "s\n"
    },
    {
      "start": 25320,
      "stop": 26151,
      "text": "iy\n"
    },
    {
      "start": 26151,
      "stop": 27362,
      "text": "w\n"
    },
    {
      "start": 27362,
      "stop": 29960,
      "text": "ao\n"
    },
    {
      "start": 29960,
      "stop": 31160,
      "text": "sh\n"
    },
    {
      "start": 31160,
      "stop": 32106,
      "text": "w\n"
    },
    {
      "start": 32106,
      "stop": 34000,
      "text": "ao\n"
    },
    {
      "start": 34000,
      "stop": 34320,
      "text": "dx\n"
    },
    {
      "start": 34320,
      "stop": 36219,
      "text": "er\n"
    },
    {
      "start": 36219,
      "stop": 39227,
      "text": "ao\n"
    },
    {
      "start": 39227,
      "stop": 40355,
      "text": "l\n"
    },
    {
      "start": 40355,
      "stop": 41984,
      "text": "y\n"
    },
    {
      "start": 41984,
      "stop": 43613,
      "text": "ih\n"
    },
    {
      "start": 43613,
      "stop": 45697,
      "text": "er\n"
    },
    {
      "start": 45697,
      "stop": 47600,
      "text": "h#\n"
    }
  ]
}