{
  "algo": "consensus",
  "birth_date": "02/23/59",
  "comments": "",
  "dialect": "Army Brat (moved around)",
  "education": "Bachelor's Degree (BS or BA)",
  "height": 1.4478,
  "noise_dataset": null,
  "phoneme_times": [
    {
      "start": 0,
      "stop": 2410,
      "text": "h#\n"
    },
    {
      "start": 2410,
      "stop": 3796,
      "text": "s\n"
    },
    {
      "start": 3796,
      "stop": 4264,
      "text": "ix\n"
    },
    {
      "start": 4264,
      "stop": 5310,
      "text": "bcl\n"
    },
    {
      "start": 5310,
      "stop": 5489,
      "text": "b\n"
    },
    {
      "start": 5489,
      "stop": 7320,
      "text": "er\n"
    },
    {
      "start": 7320,
      "stop": 8200,
      "text": "v\n"
    },
    {
      "start": 8200,
      "stop": 9107,
      "text": "ih\n"
    },
    {
      "start": 9107,
      "stop": 9720,
      "text": "n\n"
    },
    {
      "start": 9720,
      "stop": 10800,
      "text": "hv\n"
    },
    {
      "start": 10800,
      "stop": 12700,
      "text": "aw\n"
    },
    {
      "start": 12700,
      "stop": 14190,
      "text": "s\n"
    },
    {
      "start": 14190,
      "stop": 14630,
      "text": "epi\n"
    },
    {
      "start": 14630,
      "stop": 15707,
      "text": "w\n"
    },
    {
      "start": 15707,
      "stop": 18255,
      "text": "ay\n"
    },
    {
      "start": 18255,
      "stop": 19450,
      "text": "z\n"
    },
    {
      "start": 19450,
      "stop": 21681,
      "text": "ao\n"
    },
    {
      "start": 21681,
      "stop": 23060,
      "text": "f\n"
    },
    {
      "start": 23060,
      "stop": 23394,
      "text": "ix\n"
    },
    {
      "start": 23394,
      "stop": 24431,
      "text": "n\n"
    },
    {
      "start": 24431,
      "stop": 26260,
      "text": "s\n"
    },
    {
      "start": 26260,
      "stop": 27697,
      "text": "ah\n"
    },
    {
      "start": 27697,
      "stop": 29420,
      "text": "f\n"
    },
    {
      "start": 29420,
      "stop": 30467,
      "text": "axr\n"
    },
    {
      "start": 30467,
      "stop": 32168,
      "text": "f\n"
    },
    {
      "start": 32168,
      "stop": 32599,
      "text": "r\n"
    },
    {
      "start": 32599,
      "stop": 33086,
      "text": "ax\n"
    },
    {
      "start": 33086,
      "stop": 34400,
      "text": "m\n"
    },
    {
      "start": 34400,
      "stop": 34702,
      "text": "dh\n"
    },
    {
      "start": 34702,
      "stop": 35189,
      "text": "ix\n"
    },
    {
      "start": 35189,
      "stop": 36500,
      "text": "gcl\n"
    },
    {
      "start": 36500,
      "stop": 36870,
      "text": "g\n"
    },
    {
      "start": 36870,
      "stop": 40146,
      "text": "ae\n"
    },
    {
      "start": 40146,
      "stop": 40952,
      "text": "bcl\n"
    },
    {
      "start": 40952,
      "stop": 42388,
      "text": "hv\n"
    },
    {
      "start": 42388,
      "stop": 44280,
      "text": "ae\n"
    },
    {
      "start": 44280,
      "stop": 45074,
      "text": "bcl\n"
    },
    {
      "start": 45074,
      "stop": 45293,
      "text": "b\n"
    },
    {
      "start": 45293,
      "stop": 47017,
      "text": "ih\n"
    },
    {
      "start": 47017,
      "stop": 47434,
      "text": "tcl\n"
    },
    {
      "start": 47434,
      "stop": 57440,
      "text": "h#\n"
    }
  ],
  "phonetic_codes": [
    "/s ah b er1 b ix n/",
    "/hh aw1 s w ay2 v z/",
    "/ao1 f ax n/",
    "/s ah1 f axr/",
    "/f r ah1 m/",
    "/dh ax/",
    "/g ae1 b/"
  ],
  "race": "Unknown",
  "recording_date": "04/09/86",
  "sentence": "Suburban housewives often suffer from the gab habit.",
  "sentence_id": "SX442",
  "sentence_time": {
    "start": 0,
    "stop": 57549,
    "text": "Suburban housewives often suffer from the gab habit.\n"
  },
  "sex": "F",
  "speaker_id": "BCG1",
  "speech": "SX442BCG1",
  "speech_dataset": "timit",
  "use": "System training speaker",
  "word_times": [
    {
      "start": 0,
      "stop": 2410,
      "text": "h#\n"
    },
    {
      "start": 2410,
      "stop": 3796,
      "text": "s\n"
    },
    {
      "start": 3796,
      "stop": 4264,
      "text": "ix\n"
    },
    {
      "start": 4264,
      "stop": 5310,
      "text": "bcl\n"
    },
    {
      "start": 5310,
      "stop": 5489,
      "text": "b\n"
    },
    {
      "start": 5489,
      "stop": 7320,
      "text": "er\n"
    },
    {
      "start": 7320,
      "stop": 8200,
      "text": "v\n"
    },
    {
      "start": 8200,
      "stop": 9107,
      "text": "ih\n"
    },
    {
      "start": 9107,
      "stop": 9720,
      "text": "n\n"
    },
    {
      "start": 9720,
      "stop": 10800,
      "text": "hv\n"
    },
    {
      "start": 10800,
      "stop": 12700,
      "text": "aw\n"
    },
    {
      "start": 12700,
      "stop": 14190,
      "text": "s\n"
    },
    {
      "start": 14190,
      "stop": 14630,
      "text": "epi\n"
    },
    {
      "start": 14630,
      "stop": 15707,
      "text": "w\n"
    },
    {
      "start": 15707,
      "stop": 18255,
      "text": "ay\n"
    },
    {
      "start": 18255,
      "stop": 19450,
      "text": "z\n"
    },
    {
      "start": 19450,
      "stop": 21681,
      "text": "ao\n"
    },
    {
      "start": 21681,
      "stop": 23060,
      "text": "f\n"
    },
    {
      "start": 23060,
      "stop": 23394,
      "text": "ix\n"
    },
    {
      "start": 23394,
      "stop": 24431,
      "text": "n\n"
    },
    {
      "start": 24431,
      "stop": 26260,
      "text": "s\n"
    },
    {
      "start": 26260,
      "stop": 27697,
      "text": "ah\n"
    },
    {
      "start": 27697,
      "stop": 29420,
      "text": "f\n"
    },
    {
      "start": 29420,
      "stop": 30467,
      "text": "axr\n"
    },
    {
      "start": 30467,
      "stop": 32168,
      "text": "f\n"
    },
    {
      "start": 32168,
      "stop": 32599,
      "text": "r\n"
    },
    {
      "start": 32599,
      "stop": 33086,
      "text": "ax\n"
    },
    {
      "start": 33086,
      "stop": 34400,
      "text": "m\n"
    },
    {
      "start": 34400,
      "stop": 34702,
      "text": "dh\n"
    },
    {
      "start": 34702,
      "stop": 35189,
      "text": "ix\n"
    },
    {
      "start": 35189,
      "stop": 36500,
      "text": "gcl\n"
    },
    {
      "start": 36500,
      "stop": 36870,
      "text": "g\n"
    },
    {
      "start": 36870,
      "stop": 40146,
      "text": "ae\n"
    },
    {
      "start": 40146,
      "stop": 40952,
      "text": "bcl\n"
    },
    {
      "start": 40952,
      "stop": 42388,
      "text": "hv\n"
    },
    {
      "start": 42388,
      "stop": 44280,
      "text": "ae\n"
    },
    {
      "start": 44280,
      "stop": 45074,
      "text": "bcl\n"
    },
    {
      "start": 45074,
      "stop": 45293,
      "text": "b\n"
    },
    {
      "start": 45293,
      "stop": 47017,
      "text": "ih\n"
    },
    {
      "start": 47017,
      "stop": 47434,
      "text": "tcl\n"
    },
    {
      "start": 47434,
      "stop": 57440,
      "text": "h#\n"
    }
  ]
}