{
  "algo": "consensus",
  "birth_date": "08/21/60",
  "comments": "",
  "dialect": "Southern",
  "education": "Master's Degree (MS or MA)",
  "height": 1.7526,
  "noise_dataset": null,
  "phoneme_times": [
    {
      "start": 0,
      "stop": 2160,
      "text": "h#\n"
    },
    {
      "start": 2160,
      "stop": 2715,
      "text": "r\n"
    },
    {
      "start": 2715,
      "stop": 3591,
      "text": "eh\n"
    },
    {
      "start": 3591,
      "stop": 4001,
      "text": "kcl\n"
    },
    {
      "start": 4001,
      "stop": 4270,
      "text": "k\n"
    },
    {
      "start": 4270,
      "stop": 4739,
      "text": "tcl\n"
    },
    {
      "start": 4739,
      "stop": 5400,
      "text": "t\n"
    },
    {
      "start": 5400,
      "stop": 6200,
      "text": "axr\n"
    },
    {
      "start": 6200,
      "stop": 6754,
      "text": "w\n"
    },
    {
      "start": 6754,
      "stop": 7607,
      "text": "ix\n"
    },
    {
      "start": 7607,
      "stop": 8582,
      "text": "z\n"
    },
    {
      "start": 8582,
      "stop": 10646,
      "text": "aa\n"
    },
    {
      "start": 10646,
      "stop": 12192,
      "text": "f\n"
    },
    {
      "start": 12192,
      "stop": 12461,
      "text": "ix\n"
    },
    {
      "start": 12461,
      "stop": 13461,
      "text": "n\n"
    },
    {
      "start": 13461,
      "stop": 14530,
      "text": "kcl\n"
    },
    {
      "start": 14530,
      "stop": 15544,
      "text": "k\n"
    },
    {
      "start": 15544,
      "stop": 16167,
      "text": "y\n"
    },
    {
      "start": 16167,
      "stop": 17002,
      "text": "axr\n"
    },
    {
      "start": 17002,
      "stop": 18130,
      "text": "iy\n"
    },
    {
      "start": 18130,
      "stop": 18593,
      "text": "q\n"
    },
    {
      "start": 18593,
      "stop": 19773,
      "text": "ix\n"
    },
    {
      "start": 19773,
      "stop": 22293,
      "text": "s\n"
    },
    {
      "start": 22293,
      "stop": 23563,
      "text": "pau\n"
    },
    {
      "start": 23563,
      "stop": 23807,
      "text": "q\n"
    },
    {
      "start": 23807,
      "stop": 25358,
      "text": "aa\n"
    },
    {
      "start": 25358,
      "stop": 26929,
      "text": "f\n"
    },
    {
      "start": 26929,
      "stop": 27301,
      "text": "ix\n"
    },
    {
      "start": 27301,
      "stop": 28096,
      "text": "n\n"
    },
    {
      "start": 28096,
      "stop": 28930,
      "text": "tcl\n"
    },
    {
      "start": 28930,
      "stop": 29520,
      "text": "t\n"
    },
    {
      "start": 29520,
      "stop": 30692,
      "text": "eh\n"
    },
    {
      "start": 30692,
      "stop": 31244,
      "text": "m\n"
    },
    {
      "start": 31244,
      "stop": 32580,
      "text": "pcl\n"
    },
    {
      "start": 32580,
      "stop": 33000,
      "text": "t\n"
    },
    {
      "start": 33000,
      "stop": 33560,
      "text": "ix\n"
    },
    {
      "start": 33560,
      "stop": 34740,
      "text": "dcl\n"
    },
    {
      "start": 34740,
      "stop": 35070,
      "text": "t\n"
    },
    {
      "start": 35070,
      "stop": 37480,
      "text": "ae\n"
    },
    {
      "start": 37480,
      "stop": 38561,
      "text": "s\n"
    },
    {
      "start": 38561,
      "stop": 39520,
      "text": "kcl\n"
    },
    {
      "start": 39520,
      "stop": 40152,
      "text": "k\n"
    },
    {
      "start": 40152,
      "stop": 40834,
      "text": "w\n"
    },
    {
      "start": 40834,
      "stop": 41841,
      "text": "eh\n"
    },
    {
      "start": 41841,
      "stop": 42650,
      "text": "s\n"
    },
    {
      "start": 42650,
      "stop": 43303,
      "text": "tcl\n"
    },
    {
      "start": 43303,
      "stop": 43964,
      "text": "ch\n"
    },
    {
      "start": 43964,
      "stop": 44380,
      "text": "ix\n"
    },
    {
      "start": 44380,
      "stop": 45557,
      "text": "n\n"
    },
    {
      "start": 45557,
      "stop": 46323,
      "text": "z\n"
    },
    {
      "start": 46323,
      "stop": 47818,
      "text": "bcl\n"
    },
    {
      "start": 47818,
      "stop": 48010,
      "text": "b\n"
    },
    {
      "start": 48010,
      "stop": 48247,
      "text": "ix\n"
    },
    {
      "start": 48247,
      "stop": 48584,
      "text": "dx\n"
    },
    {
      "start": 48584,
      "stop": 49712,
      "text": "iy\n"
    },
    {
      "start": 49712,
      "stop": 50918,
      "text": "n\n"
    },
    {
      "start": 50918,
      "stop": 52284,
      "text": "eh\n"
    },
    {
      "start": 52284,
      "stop": 53131,
      "text": "v\n"
    },
    {
      "start": 53131,
      "stop": 54145,
      "text": "axr\n"
    },
    {
      "start": 54145,
      "stop": 55132,
      "text": "dcl\n"
    },
    {
      "start": 55132,
      "stop": 55324,
      "text": "d\n"
    },
    {
      "start": 55324,
      "stop": 57341,
      "text": "ih\n"
    },
    {
      "start": 57341,
      "stop": 59020,
      "text": "dcl\n"
    },
    {
      "start": 59020,
      "stop": 60640,
      "text": "h#\n"
    }
  ],
  "phonetic_codes": [
    "/r eh1 k t axr/",
    "/w ax z/",
    "/ao1 f ax n/",
    "/ao1 f ax n/",
    "/t eh1 m p t ix d/",
    "/t uw1/",
    "/ae1 s k/",
    "/k w eh1 s ch ix n z/",
    "/b ah1 t/",
    "/hh iy1/",
    "/n eh1 v axr/"
  ],
  "race": "White",
  "recording_date": "04/01/86",
  "sentence": "Rector was often curious; often tempted to ask questions but he never did.",
  "sentence_id": "SI1584",
  "sentence_time": {
    "start": 0,
    "stop": 60724,
    "text": "Rector was often curious; often tempted to ask questions but he never did.\n"
  },
  "sex": "M",
  "speaker_id": "BPM0",
  "speech": "SI1584BPM0",
  "speech_dataset": "timit",
  "use": "System test speaker",
  "word_times": [
    {
      "start": 0,
      "stop": 2160,
      "text": "h#\n"
    },
    {
      "start": 2160,
      "stop": 2715,
      "text": "r\n"
    },
    {
      "start": 2715,
      "stop": 3591,
      "text": "eh\n"
    },
    {
      "start": 3591,
      "stop": 4001,
      "text": "kcl\n"
    },
    {
      "start": 4001,
      "stop": 4270,
      "text": "k\n"
    },
    {
      "start": 4270,
      "stop": 4739,
      "text": "tcl\n"
    },
    {
      "start": 4739,
      "stop": 5400,
      "text": "t\n"
    },
    {
      "start": 5400,
      "stop": 6200,
      "text": "axr\n"
    },
    {
      "start": 6200,
      "stop": 6754,
      "text": "w\n"
    },
    {
      "start": 6754,
      "stop": 7607,
      "text": "ix\n"
    },
    {
      "start": 7607,
      "stop": 8582,
      "text": "z\n"
    },
    {
      "start": 8582,
      "stop": 10646,
      "text": "aa\n"
    },
    {
      "start": 10646,
      "stop": 12192,
      "text": "f\n"
    },
    {
      "start": 12192,
      "stop": 12461,
      "text": "ix\n"
    },
    {
      "start": 12461,
      "stop": 13461,
      "text": "n\n"
    },
    {
      "start": 13461,
      "stop": 14530,
      "text": "kcl\n"
    },
    {
      "start": 14530,
      "stop": 15544,
      "text": "k\n"
    },
    {
      "start": 15544,
      "stop": 16167,
      "text": "y\n"
    },
    {
      "start": 16167,
      "stop": 17002,
      "text": "axr\n"
    },
    {
      "start": 17002,
      "stop": 18130,
      "text": "iy\n"
    },
    {
      "start": 18130,
      "stop": 18593,
      "text": "q\n"
    },
    {
      "start": 18593,
      "stop": 19773,
      "text": "ix\n"
    },
    {
      "start": 19773,
      "stop": 22293,
      "text": "s\n"
    },
    {
      "start": 22293,
      "stop": 23563,
      "text": "pau\n"
    },
    {
      "start": 23563,
      "stop": 23807,
      "text": "q\n"
    },
    {
      "start": 23807,
      "stop": 25358,
      "text": "aa\n"
    },
    {
      "start": 25358,
      "stop": 26929,
      "text": "f\n"
    },
    {
      "start": 26929,
      "stop": 27301,
      "text": "ix\n"
    },
    {
      "start": 27301,
      "stop": 28096,
      "text": "n\n"
    },
    {
      "start": 28096,
      "stop": 28930,
      "text": "tcl\n"
    },
    {
      "start": 28930,
      "stop": 29520,
      "text": "t\n"
    },
    {
      "start": 29520,
      "stop": 30692,
      "text": "eh\n"
    },
    {
      "start": 30692,
      "stop": 31244,
      "text": "m\n"
    },
    {
      "start": 31244,
      "stop": 32580,
      "text": "pcl\n"
    },
    {
      "start": 32580,
      "stop": 33000,
      "text": "t\n"
    },
    {
      "start": 33000,
      "stop": 33560,
      "text": "ix\n"
    },
    {
      "start": 33560,
      "stop": 34740,
      "text": "dcl\n"
    },
    {
      "start": 34740,
      "stop": 35070,
      "text": "t\n"
    },
    {
      "start": 35070,
      "stop": 37480,
      "text": "ae\n"
    },
    {
      "start": 37480,
      "stop": 38561,
      "text": "s\n"
    },
    {
      "start": 38561,
      "stop": 39520,
      "text": "kcl\n"
    },
    {
      "start": 39520,
      "stop": 40152,
      "text": "k\n"
    },
    {
      "start": 40152,
      "stop": 40834,
      "text": "w\n"
    },
    {
      "start": 40834,
      "stop": 41841,
      "text": "eh\n"
    },
    {
      "start": 41841,
      "stop": 42650,
      "text": "s\n"
    },
    {
      "start": 42650,
      "stop": 43303,
      "text": "tcl\n"
    },
    {
      "start": 43303,
      "stop": 43964,
      "text": "ch\n"
    },
    {
      "start": 43964,
      "stop": 44380,
      "text": "ix\n"
    },
    {
      "start": 44380,
      "stop": 45557,
      "text": "n\n"
    },
    {
      "start": 45557,
      "stop": 46323,
      "text": "z\n"
    },
    {
      "start": 46323,
      "stop": 47818,
      "text": "bcl\n"
    },
    {
      "start": 47818,
      "stop": 48010,
      "text": "b\n"
    },
    {
      "start": 48010,
      "stop": 48247,
      "text": "ix\n"
    },
    {
      "start": 48247,
      "stop": 48584,
      "text": "dx\n"
    },
    {
      "start": 48584,
      "stop": 49712,
      "text": "iy\n"
    },
    {
      "start": 49712,
      "stop": 50918,
      "text": "n\n"
    },
    {
      "start": 50918,
      "stop": 52284,
      "text": "eh\n"
    },
    {
      "start": 52284,
      "stop": 53131,
      "text": "v\n"
    },
    {
      "start": 53131,
      "stop": 54145,
      "text": "axr\n"
    },
    {
      "start": 54145,
      "stop": 55132,
      "text": "dcl\n"
    },
    {
      "start": 55132,
      "stop": 55324,
      "text": "d\n"
    },
    {
      "start": 55324,
      "stop": 57341,
      "text": "ih\n"
    },
    {
      "start": 57341,
      "stop": 59020,
      "text": "dcl\n"
    },
    {
      "start": 59020,
      "stop": 60640,
      "text": "h#\n"
    }
  ]
}