{
  "algo": "consensus",
  "birth_date": "02/17/22",
  "comments": "",
  "dialect": "Southern",
  "education": "Master's Degree (MS or MA)",
  "height": 1.7018,
  "noise_dataset": null,
  "phoneme_times": [
    {
      "start": 0,
      "stop": 2480,
      "text": "h#\n"
    },
    {
      "start": 2480,
      "stop": 2800,
      "text": "dh\n"
    },
    {
      "start": 2800,
      "stop": 5040,
      "text": "ae\n"
    },
    {
      "start": 5040,
      "stop": 5360,
      "text": "dx\n"
    },
    {
      "start": 5360,
      "stop": 6777,
      "text": "ih\n"
    },
    {
      "start": 6777,
      "stop": 8072,
      "text": "z\n"
    },
    {
      "start": 8072,
      "stop": 8739,
      "text": "hh\n"
    },
    {
      "start": 8739,
      "stop": 9253,
      "text": "w\n"
    },
    {
      "start": 9253,
      "stop": 10067,
      "text": "ah\n"
    },
    {
      "start": 10067,
      "stop": 10990,
      "text": "tcl\n"
    },
    {
      "start": 10990,
      "stop": 12710,
      "text": "ch\n"
    },
    {
      "start": 12710,
      "stop": 16125,
      "text": "ae\n"
    },
    {
      "start": 16125,
      "stop": 17420,
      "text": "l\n"
    },
    {
      "start": 17420,
      "stop": 18005,
      "text": "ix\n"
    },
    {
      "start": 18005,
      "stop": 18631,
      "text": "hv\n"
    },
    {
      "start": 18631,
      "stop": 21096,
      "text": "uh\n"
    },
    {
      "start": 21096,
      "stop": 22356,
      "text": "dcl\n"
    },
    {
      "start": 22356,
      "stop": 22535,
      "text": "d\n"
    },
    {
      "start": 22535,
      "stop": 23529,
      "text": "ix\n"
    },
    {
      "start": 23529,
      "stop": 24446,
      "text": "q\n"
    },
    {
      "start": 24446,
      "stop": 29869,
      "text": "ih\n"
    },
    {
      "start": 29869,
      "stop": 32560,
      "text": "z\n"
    },
    {
      "start": 32560,
      "stop": 34310,
      "text": "hh\n"
    },
    {
      "start": 34310,
      "stop": 35240,
      "text": "iy\n"
    },
    {
      "start": 35240,
      "stop": 36110,
      "text": "tcl\n"
    },
    {
      "start": 36110,
      "stop": 36840,
      "text": "t\n"
    },
    {
      "start": 36840,
      "stop": 38493,
      "text": "ow\n"
    },
    {
      "start": 38493,
      "stop": 39307,
      "text": "l\n"
    },
    {
      "start": 39307,
      "stop": 39720,
      "text": "dcl\n"
    },
    {
      "start": 39720,
      "stop": 39920,
      "text": "d\n"
    },
    {
      "start": 39920,
      "stop": 40692,
      "text": "ix\n"
    },
    {
      "start": 40692,
      "stop": 41845,
      "text": "m\n"
    },
    {
      "start": 41845,
      "stop": 43580,
      "text": "s\n"
    },
    {
      "start": 43580,
      "stop": 45806,
      "text": "eh\n"
    },
    {
      "start": 45806,
      "stop": 46760,
      "text": "l\n"
    },
    {
      "start": 46760,
      "stop": 49640,
      "text": "f\n"
    },
    {
      "start": 49640,
      "stop": 54640,
      "text": "h#\n"
    }
  ],
  "phonetic_codes": [
    "/dh ae1 t/",
    "/ih1 z/",
    "/hh w aa1 t/",
    "/ch ay1 l d hh uh2 d/",
    "/hh iy1/",
    "/t ow1 l d/"
  ],
  "race": "White",
  "recording_date": "04/09/86",
  "sentence": "That is what childhood is, he told himself.",
  "sentence_id": "SI1611",
  "sentence_time": {
    "start": 0,
    "stop": 54682,
    "text": "That is what childhood is, he told himself.\n"
  },
  "sex": "F",
  "speaker_id": "LJG0",
  "speech": "SI1611LJG0",
  "speech_dataset": "timit",
  "use": "System training speaker",
  "word_times": [
    {
      "start": 0,
      "stop": 2480,
      "text": "h#\n"
    },
    {
      "start": 2480,
      "stop": 2800,
      "text": "dh\n"
    },
    {
      "start": 2800,
      "stop": 5040,
      "text": "ae\n"
    },
    {
      "start": 5040,
      "stop": 5360,
      "text": "dx\n"
    },
    {
      "start": 5360,
      "stop": 6777,
      "text": "ih\n"
    },
    {
      "start": 6777,
      "stop": 8072,
      "text": "z\n"
    },
    {
      "start": 8072,
      "stop": 8739,
      "text": "hh\n"
    },
    {
      "start": 8739,
      "stop": 9253,
      "text": "w\n"
    },
    {
      "start": 9253,
      "stop": 10067,
      "text": "ah\n"
    },
    {
      "start": 10067,
      "stop": 10990,
      "text": "tcl\n"
    },
    {
      "start": 10990,
      "stop": 12710,
      "text": "ch\n"
    },
    {
      "start": 12710,
      "stop": 16125,
      "text": "ae\n"
    },
    {
      "start": 16125,
      "stop": 17420,
      "text": "l\n"
    },
    {
      "start": 17420,
      "stop": 18005,
      "text": "ix\n"
    },
    {
      "start": 18005,
      "stop": 18631,
      "text": "hv\n"
    },
    {
      "start": 18631,
      "stop": 21096,
      "text": "uh\n"
    },
    {
      "start": 21096,
      "stop": 22356,
      "text": "dcl\n"
    },
    {
      "start": 22356,
      "stop": 22535,
      "text": "d\n"
    },
    {
      "start": 22535,
      "stop": 23529,
      "text": "ix\n"
    },
    {
      "start": 23529,
      "stop": 24446,
      "text": "q\n"
    },
    {
      "start": 24446,
      "stop": 29869,
      "text": "ih\n"
    },
    {
      "start": 29869,
      "stop": 32560,
      "text": "z\n"
    },
    {
      "start": 32560,
      "stop": 34310,
      "text": "hh\n"
    },
    {
      "start": 34310,
      "stop": 35240,
      "text": "iy\n"
    },
    {
      "start": 35240,
      "stop": 36110,
      "text": "tcl\n"
    },
    {
      "start": 36110,
      "stop": 36840,
      "text": "t\n"
    },
    {
      "start": 36840,
      "stop": 38493,
      "text": "ow\n"
    },
    {
      "start": 38493,
      "stop": 39307,
      "text": "l\n"
    },
    {
      "start": 39307,
      "stop": 39720,
      "text": "dcl\n"
    },
    {
      "start": 39720,
      "stop": 39920,
      "text": "d\n"
    },
    {
      "start": 39920,
      "stop": 40692,
      "text": "ix\n"
    },
    {
      "start": 40692,
      "stop": 41845,
      "text": "m\n"
    },
    {
      "start": 41845,
      "stop": 43580,
      "text": "s\n"
    },
    {
      "start": 43580,
      "stop": 45806,
      "text": "eh\n"
    },
    {
      "start": 45806,
      "stop": 46760,
      "text": "l\n"
    },
    {
      "start": 46760,
      "stop": 49640,
      "text": "f\n"
    },
    {
      "start": 49640,
      "stop": 54640,
      "text": "h#\n"
    }
  ]
}