{
  "algo": "consensus",
  "birth_date": "12/02/53",
  "comments": "/R/ IN WASH \n",
  "dialect": "North Midland",
  "education": "Master's Degree (MS or MA)",
  "height": 1.9812000000000003,
  "noise_dataset": null,
  "phoneme_times": [
    {
      "start": 0,
      "stop": 2040,
      "text": "h#\n"
    },
    {
      "start": 2040,
      "stop": 2600,
      "text": "d\n"
    },
    {
      "start": 2600,
      "stop": 4386,
      "text": "ow\n"
    },
    {
      "start": 4386,
      "stop": 4840,
      "text": "nx\n"
    },
    {
      "start": 4840,
      "stop": 7240,
      "text": "ae\n"
    },
    {
      "start": 7240,
      "stop": 8480,
      "text": "s\n"
    },
    {
      "start": 8480,
      "stop": 9800,
      "text": "kcl\n"
    },
    {
      "start": 9800,
      "stop": 10026,
      "text": "m\n"
    },
    {
      "start": 10026,
      "stop": 11320,
      "text": "iy\n"
    },
    {
      "start": 11320,
      "stop": 11880,
      "text": "tcl\n"
    },
    {
      "start": 11880,
      "stop": 12574,
      "text": "t\n"
    },
    {
      "start": 12574,
      "stop": 13240,
      "text": "ax-h\n"
    },
    {
      "start": 13240,
      "stop": 14120,
      "text": "kcl\n"
    },
    {
      "start": 14120,
      "stop": 15578,
      "text": "k\n"
    },
    {
      "start": 15578,
      "stop": 16877,
      "text": "eh\n"
    },
    {
      "start": 16877,
      "stop": 17921,
      "text": "r\n"
    },
    {
      "start": 17921,
      "stop": 19300,
      "text": "iy\n"
    },
    {
      "start": 19300,
      "stop": 20595,
      "text": "q\n"
    },
    {
      "start": 20595,
      "stop": 21263,
      "text": "ix\n"
    },
    {
      "start": 21263,
      "stop": 22182,
      "text": "n\n"
    },
    {
      "start": 22182,
      "stop": 22809,
      "text": "q\n"
    },
    {
      "start": 22809,
      "stop": 25232,
      "text": "oy\n"
    },
    {
      "start": 25232,
      "stop": 26026,
      "text": "l\n"
    },
    {
      "start": 26026,
      "stop": 27362,
      "text": "iy\n"
    },
    {
      "start": 27362,
      "stop": 29201,
      "text": "r\n"
    },
    {
      "start": 29201,
      "stop": 33000,
      "text": "ae\n"
    },
    {
      "start": 33000,
      "stop": 34297,
      "text": "gcl\n"
    },
    {
      "start": 34297,
      "stop": 35007,
      "text": "l\n"
    },
    {
      "start": 35007,
      "stop": 36804,
      "text": "ay\n"
    },
    {
      "start": 36804,
      "stop": 37681,
      "text": "kcl\n"
    },
    {
      "start": 37681,
      "stop": 39018,
      "text": "dh\n"
    },
    {
      "start": 39018,
      "stop": 42736,
      "text": "ae\n"
    },
    {
      "start": 42736,
      "stop": 43613,
      "text": "tcl\n"
    },
    {
      "start": 43613,
      "stop": 44720,
      "text": "h#\n"
    }
  ],
  "phonetic_codes": [
    "/d ow1 n t/",
    "/ae1 s k/",
    "/m iy1/",
    "/t uw1/",
    "/k ae1 r iy/",
    "/ae n/",
    "/oy1 l iy/",
    "/r ae1 g/",
    "/l ay1 k/"
  ],
  "race": "White",
  "recording_date": "01/31/86",
  "sentence": "Don't ask me to carry an oily rag like that.",
  "sentence_id": "SA2",
  "sentence_time": {
    "start": 0,
    "stop": 44749,
    "text": "Don't ask me to carry an oily rag like that.\n"
  },
  "sex": "M",
  "speaker_id": "JKR0",
  "speech": "SA2JKR0",
  "speech_dataset": "timit",
  "use": "System training speaker",
  "word_times": [
    {
      "start": 0,
      "stop": 2040,
      "text": "h#\n"
    },
    {
      "start": 2040,
      "stop": 2600,
      "text": "d\n"
    },
    {
      "start": 2600,
      "stop": 4386,
      "text": "ow\n"
    },
    {
      "start": 4386,
      "stop": 4840,
      "text": "nx\n"
    },
    {
      "start": 4840,
      "stop": 7240,
      "text": "ae\n"
    },
    {
      "start": 7240,
      "stop": 8480,
      "text": "s\n"
    },
    {
      "start": 8480,
      "stop": 9800,
      "text": "kcl\n"
    },
    {
      "start": 9800,
      "stop": 10026,
      "text": "m\n"
    },
    {
      "start": 10026,
      "stop": 11320,
      "text": "iy\n"
    },
    {
      "start": 11320,
      "stop": 11880,
      "text": "tcl\n"
    },
    {
      "start": 11880,
      "stop": 12574,
      "text": "t\n"
    },
    {
      "start": 12574,
      "stop": 13240,
      "text": "ax-h\n"
    },
    {
      "start": 13240,
      "stop": 14120,
      "text": "kcl\n"
    },
    {
      "start": 14120,
      "stop": 15578,
      "text": "k\n"
    },
    {
      "start": 15578,
      "stop": 16877,
      "text": "eh\n"
    },
    {
      "start": 16877,
      "stop": 17921,
      "text": "r\n"
    },
    {
      "start": 17921,
      "stop": 19300,
      "text": "iy\n"
    },
    {
      "start": 19300,
      "stop": 20595,
      "text": "q\n"
    },
    {
      "start": 20595,
      "stop": 21263,
      "text": "ix\n"
    },
    {
      "start": 21263,
      "stop": 22182,
      "text": "n\n"
    },
    {
      "start": 22182,
      "stop": 22809,
      "text": "q\n"
    },
    {
      "start": 22809,
      "stop": 25232,
      "text": "oy\n"
    },
    {
      "start": 25232,
      "stop": 26026,
      "text": "l\n"
    },
    {
      "start": 26026,
      "stop": 27362,
      "text": "iy\n"
    },
    {
      "start": 27362,
      "stop": 29201,
      "text": "r\n"
    },
    {
      "start": 29201,
      "stop": 33000,
      "text": "ae\n"
    },
    {
      "start": 33000,
      "stop": 34297,
      "text": "gcl\n"
    },
    {
      "start": 34297,
      "stop": 35007,
      "text": "l\n"
    },
    {
      "start": 35007,
      "stop": 36804,
      "text": "ay\n"
    },
    {
      "start": 36804,
      "stop": 37681,
      "text": "kcl\n"
    },
    {
      "start": 37681,
      "stop": 39018,
      "text": "dh\n"
    },
    {
      "start": 39018,
      "stop": 42736,
      "text": "ae\n"
    },
    {
      "start": 42736,
      "stop": 43613,
      "text": "tcl\n"
    },
    {
      "start": 43613,
      "stop": 44720,
      "text": "h#\n"
    }
  ]
}