{
  "algo": "consensus",
  "birth_date": "02/26/56",
  "comments": "",
  "dialect": "Northern",
  "education": "Bachelor's Degree (BS or BA)",
  "height": 1.7272,
  "noise_dataset": null,
  "phoneme_times": [
    {
      "start": 0,
      "stop": 2360,
      "text": "h#\n"
    },
    {
      "start": 2360,
      "stop": 3160,
      "text": "n\n"
    },
    {
      "start": 3160,
      "stop": 5800,
      "text": "ux\n"
    },
    {
      "start": 5800,
      "stop": 7640,
      "text": "s\n"
    },
    {
      "start": 7640,
      "stop": 9453,
      "text": "eh\n"
    },
    {
      "start": 9453,
      "stop": 10360,
      "text": "l\n"
    },
    {
      "start": 10360,
      "stop": 11028,
      "text": "f\n"
    },
    {
      "start": 11028,
      "stop": 11362,
      "text": "tcl\n"
    },
    {
      "start": 11362,
      "stop": 12440,
      "text": "t\n"
    },
    {
      "start": 12440,
      "stop": 13240,
      "text": "ix\n"
    },
    {
      "start": 13240,
      "stop": 15240,
      "text": "s\n"
    },
    {
      "start": 15240,
      "stop": 17002,
      "text": "iy\n"
    },
    {
      "start": 17002,
      "stop": 17879,
      "text": "v\n"
    },
    {
      "start": 17879,
      "stop": 18882,
      "text": "ix\n"
    },
    {
      "start": 18882,
      "stop": 19926,
      "text": "ng\n"
    },
    {
      "start": 19926,
      "stop": 21221,
      "text": "r\n"
    },
    {
      "start": 21221,
      "stop": 24981,
      "text": "ae\n"
    },
    {
      "start": 24981,
      "stop": 25880,
      "text": "gcl\n"
    },
    {
      "start": 25880,
      "stop": 27195,
      "text": "z\n"
    },
    {
      "start": 27195,
      "stop": 29368,
      "text": "er\n"
    },
    {
      "start": 29368,
      "stop": 30600,
      "text": "hv\n"
    },
    {
      "start": 30600,
      "stop": 33065,
      "text": "er\n"
    },
    {
      "start": 33065,
      "stop": 34297,
      "text": "ix\n"
    },
    {
      "start": 34297,
      "stop": 35509,
      "text": "dcl\n"
    },
    {
      "start": 35509,
      "stop": 36706,
      "text": "l\n"
    },
    {
      "start": 36706,
      "stop": 38520,
      "text": "iy\n"
    },
    {
      "start": 38520,
      "stop": 39240,
      "text": "tcl\n"
    },
    {
      "start": 39240,
      "stop": 40814,
      "text": "t\n"
    },
    {
      "start": 40814,
      "stop": 44120,
      "text": "ao\n"
    },
    {
      "start": 44120,
      "stop": 45525,
      "text": "s\n"
    },
    {
      "start": 45525,
      "stop": 45960,
      "text": "tcl\n"
    },
    {
      "start": 45960,
      "stop": 46569,
      "text": "t\n"
    },
    {
      "start": 46569,
      "stop": 48157,
      "text": "ao\n"
    },
    {
      "start": 48157,
      "stop": 48825,
      "text": "n\n"
    },
    {
      "start": 48825,
      "stop": 49118,
      "text": "dh\n"
    },
    {
      "start": 49118,
      "stop": 50040,
      "text": "ax\n"
    },
    {
      "start": 50040,
      "stop": 50840,
      "text": "tcl\n"
    },
    {
      "start": 50840,
      "stop": 52360,
      "text": "t\n"
    },
    {
      "start": 52360,
      "stop": 53504,
      "text": "ux\n"
    },
    {
      "start": 53504,
      "stop": 54840,
      "text": "n\n"
    },
    {
      "start": 54840,
      "stop": 56840,
      "text": "ey\n"
    },
    {
      "start": 56840,
      "stop": 57720,
      "text": "kcl\n"
    },
    {
      "start": 57720,
      "stop": 58475,
      "text": "k\n"
    },
    {
      "start": 58475,
      "stop": 59353,
      "text": "ix\n"
    },
    {
      "start": 59353,
      "stop": 61350,
      "text": "dcl\n"
    },
    {
      "start": 61350,
      "stop": 61558,
      "text": "b\n"
    },
    {
      "start": 61558,
      "stop": 65494,
      "text": "ow\n"
    },
    {
      "start": 65494,
      "stop": 67960,
      "text": "n\n"
    },
    {
      "start": 67960,
      "stop": 69031,
      "text": "tcl\n"
    },
    {
      "start": 69031,
      "stop": 70360,
      "text": "t\n"
    },
    {
      "start": 70360,
      "stop": 73360,
      "text": "h#\n"
    }
  ],
  "phonetic_codes": [
    "/n uw1/",
    "/s eh2 l f d ih s iy1 v ix ng/",
    "/r ae1 g z/",
    "/aa1 r/",
    "/hh er1 ix d l iy/",
    "/t ao1 s t/",
    "/ao1 n/",
    "/dh ax/",
    "/t uw1 n ey1 k ix d/"
  ],
  "race": "White",
  "recording_date": "01/16/86",
  "sentence": "New self-deceiving rags are hurriedly tossed on the too-naked bones.",
  "sentence_id": "SI598",
  "sentence_time": {
    "start": 0,
    "stop": 73422,
    "text": "New self-deceiving rags are hurriedly tossed on the too-naked bones.\n"
  },
  "sex": "M",
  "speaker_id": "EFG0",
  "speech": "SI598EFG0",
  "speech_dataset": "timit",
  "use": "System training speaker",
  "word_times": [
    {
      "start": 0,
      "stop": 2360,
      "text": "h#\n"
    },
    {
      "start": 2360,
      "stop": 3160,
      "text": "n\n"
    },
    {
      "start": 3160,
      "stop": 5800,
      "text": "ux\n"
    },
    {
      "start": 5800,
      "stop": 7640,
      "text": "s\n"
    },
    {
      "start": 7640,
      "stop": 9453,
      "text": "eh\n"
    },
    {
      "start": 9453,
      "stop": 10360,
      "text": "l\n"
    },
    {
      "start": 10360,
      "stop": 11028,
      "text": "f\n"
    },
    {
      "start": 11028,
      "stop": 11362,
      "text": "tcl\n"
    },
    {
      "start": 11362,
      "stop": 12440,
      "text": "t\n"
    },
    {
      "start": 12440,
      "stop": 13240,
      "text": "ix\n"
    },
    {
      "start": 13240,
      "stop": 15240,
      "text": "s\n"
    },
    {
      "start": 15240,
      "stop": 17002,
      "text": "iy\n"
    },
    {
      "start": 17002,
      "stop": 17879,
      "text": "v\n"
    },
    {
      "start": 17879,
      "stop": 18882,
      "text": "ix\n"
    },
    {
      "start": 18882,
      "stop": 19926,
      "text": "ng\n"
    },
    {
      "start": 19926,
      "stop": 21221,
      "text": "r\n"
    },
    {
      "start": 21221,
      "stop": 24981,
      "text": "ae\n"
    },
    {
      "start": 24981,
      "stop": 25880,
      "text": "gcl\n"
    },
    {
      "start": 25880,
      "stop": 27195,
      "text": "z\n"
    },
    {
      "start": 27195,
      "stop": 29368,
      "text": "er\n"
    },
    {
      "start": 29368,
      "stop": 30600,
      "text": "hv\n"
    },
    {
      "start": 30600,
      "stop": 33065,
      "text": "er\n"
    },
    {
      "start": 33065,
      "stop": 34297,
      "text": "ix\n"
    },
    {
      "start": 34297,
      "stop": 35509,
      "text": "dcl\n"
    },
    {
      "start": 35509,
      "stop": 36706,
      "text": "l\n"
    },
    {
      "start": 36706,
      "stop": 38520,
      "text": "iy\n"
    },
    {
      "start": 38520,
      "stop": 39240,
      "text": "tcl\n"
    },
    {
      "start": 39240,
      "stop": 40814,
      "text": "t\n"
    },
    {
      "start": 40814,
      "stop": 44120,
      "text": "ao\n"
    },
    {
      "start": 44120,
      "stop": 45525,
      "text": "s\n"
    },
    {
      "start": 45525,
      "stop": 45960,
      "text": "tcl\n"
    },
    {
      "start": 45960,
      "stop": 46569,
      "text": "t\n"
    },
    {
      "start": 46569,
      "stop": 48157,
      "text": "ao\n"
    },
    {
      "start": 48157,
      "stop": 48825,
      "text": "n\n"
    },
    {
      "start": 48825,
      "stop": 49118,
      "text": "dh\n"
    },
    {
      "start": 49118,
      "stop": 50040,
      "text": "ax\n"
    },
    {
      "start": 50040,
      "stop": 50840,
      "text": "tcl\n"
    },
    {
      "start": 50840,
      "stop": 52360,
      "text": "t\n"
    },
    {
      "start": 52360,
      "stop": 53504,
      "text": "ux\n"
    },
    {
      "start": 53504,
      "stop": 54840,
      "text": "n\n"
    },
    {
      "start": 54840,
      "stop": 56840,
      "text": "ey\n"
    },
    {
      "start": 56840,
      "stop": 57720,
      "text": "kcl\n"
    },
    {
      "start": 57720,
      "stop": 58475,
      "text": "k\n"
    },
    {
      "start": 58475,
      "stop": 59353,
      "text": "ix\n"
    },
    {
      "start": 59353,
      "stop": 61350,
      "text": "dcl\n"
    },
    {
      "start": 61350,
      "stop": 61558,
      "text": "b\n"
    },
    {
      "start": 61558,
      "stop": 65494,
      "text": "ow\n"
    },
    {
      "start": 65494,
      "stop": 67960,
      "text": "n\n"
    },
    {
      "start": 67960,
      "stop": 69031,
      "text": "tcl\n"
    },
    {
      "start": 69031,
      "stop": 70360,
      "text": "t\n"
    },
    {
      "start": 70360,
      "stop": 73360,
      "text": "h#\n"
    }
  ]
}