{
  "algo": "consensus",
  "birth_date": "01/21/61",
  "comments": "",
  "dialect": "Western",
  "education": "Bachelor's Degree (BS or BA)",
  "height": 1.7272,
  "noise_dataset": null,
  "phoneme_times": [
    {
      "start": 0,
      "stop": 2167,
      "text": "h#\n"
    },
    {
      "start": 2167,
      "stop": 4090,
      "text": "sh\n"
    },
    {
      "start": 4090,
      "stop": 4804,
      "text": "ih\n"
    },
    {
      "start": 4804,
      "stop": 5899,
      "text": "eh\n"
    },
    {
      "start": 5899,
      "stop": 6562,
      "text": "dcl\n"
    },
    {
      "start": 6562,
      "stop": 7158,
      "text": "jh\n"
    },
    {
      "start": 7158,
      "stop": 8062,
      "text": "axr\n"
    },
    {
      "start": 8062,
      "stop": 8736,
      "text": "dcl\n"
    },
    {
      "start": 8736,
      "stop": 8909,
      "text": "d\n"
    },
    {
      "start": 8909,
      "stop": 10648,
      "text": "aa\n"
    },
    {
      "start": 10648,
      "stop": 11340,
      "text": "r\n"
    },
    {
      "start": 11340,
      "stop": 11840,
      "text": "kcl\n"
    },
    {
      "start": 11840,
      "stop": 12366,
      "text": "k\n"
    },
    {
      "start": 12366,
      "stop": 13905,
      "text": "s\n"
    },
    {
      "start": 13905,
      "stop": 15379,
      "text": "ux\n"
    },
    {
      "start": 15379,
      "stop": 16021,
      "text": "q\n"
    },
    {
      "start": 16021,
      "stop": 17617,
      "text": "en\n"
    },
    {
      "start": 17617,
      "stop": 17848,
      "text": "gcl\n"
    },
    {
      "start": 17848,
      "stop": 18300,
      "text": "g\n"
    },
    {
      "start": 18300,
      "stop": 19049,
      "text": "r\n"
    },
    {
      "start": 19049,
      "stop": 19762,
      "text": "ih\n"
    },
    {
      "start": 19762,
      "stop": 21769,
      "text": "s\n"
    },
    {
      "start": 21769,
      "stop": 22767,
      "text": "ix\n"
    },
    {
      "start": 22767,
      "stop": 23996,
      "text": "w\n"
    },
    {
      "start": 23996,
      "stop": 25894,
      "text": "aa\n"
    },
    {
      "start": 25894,
      "stop": 27721,
      "text": "sh\n"
    },
    {
      "start": 27721,
      "stop": 28773,
      "text": "w\n"
    },
    {
      "start": 28773,
      "stop": 30351,
      "text": "ao\n"
    },
    {
      "start": 30351,
      "stop": 30947,
      "text": "dx\n"
    },
    {
      "start": 30947,
      "stop": 32334,
      "text": "axr\n"
    },
    {
      "start": 32334,
      "stop": 34590,
      "text": "ao\n"
    },
    {
      "start": 34590,
      "stop": 35690,
      "text": "l\n"
    },
    {
      "start": 35690,
      "stop": 37101,
      "text": "y\n"
    },
    {
      "start": 37101,
      "stop": 38600,
      "text": "ih\n"
    },
    {
      "start": 38600,
      "stop": 41080,
      "text": "axr\n"
    },
    {
      "start": 41080,
      "stop": 42480,
      "text": "h#\n"
    }
  ],
  "phonetic_codes": [
    "/sh iy1/",
    "/hh ae1 d/",
    "/y uh1 r/",
    "/d aa1 r k/",
    "/s uw1 t/",
    "/ih1 n/",
    "/g r iy1 s iy/",
    "/w ao1 sh/",
    "/w ao1 t axr/",
    "/ao1 l/"
  ],
  "race": "White",
  "recording_date": "04/01/86",
  "sentence": "She had your dark suit in greasy wash water all year.",
  "sentence_id": "SA1",
  "sentence_time": {
    "start": 0,
    "stop": 42599,
    "text": "She had your dark suit in greasy wash water all year.\n"
  },
  "sex": "M",
  "speaker_id": "PAR0",
  "speech": "SA1PAR0",
  "speech_dataset": "timit",
  "use": "System training speaker",
  "word_times": [
    {
      "start": 0,
      "stop": 2167,
      "text": "h#\n"
    },
    {
      "start": 2167,
      "stop": 4090,
      "text": "sh\n"
    },
    {
      "start": 4090,
      "stop": 4804,
      "text": "ih\n"
    },
    {
      "start": 4804,
      "stop": 5899,
      "text": "eh\n"
    },
    {
      "start": 5899,
      "stop": 6562,
      "text": "dcl\n"
    },
    {
      "start": 6562,
      "stop": 7158,
      "text": "jh\n"
    },
    {
      "start": 7158,
      "stop": 8062,
      "text": "axr\n"
    },
    {
      "start": 8062,
      "stop": 8736,
      "text": "dcl\n"
    },
    {
      "start": 8736,
      "stop": 8909,
      "text": "d\n"
    },
    {
      "start": 8909,
      "stop": 10648,
      "text": "aa\n"
    },
    {
      "start": 10648,
      "stop": 11340,
      "text": "r\n"
    },
    {
      "start": 11340,
      "stop": 11840,
      "text": "kcl\n"
    },
    {
      "start": 11840,
      "stop": 12366,
      "text": "k\n"
    },
    {
      "start": 12366,
      "stop": 13905,
      "text": "s\n"
    },
    {
      "start": 13905,
      "stop": 15379,
      "text": "ux\n"
    },
    {
      "start": 15379,
      "stop": 16021,
      "text": "q\n"
    },
    {
      "start": 16021,
      "stop": 17617,
      "text": "en\n"
    },
    {
      "start": 17617,
      "stop": 17848,
      "text": "gcl\n"
    },
    {
      "start": 17848,
      "stop": 18300,
      "text": "g\n"
    },
    {
      "start": 18300,
      "stop": 19049,
      "text": "r\n"
    },
    {
      "start": 19049,
      "stop": 19762,
      "text": "ih\n"
    },
    {
      "start": 19762,
      "stop": 21769,
      "text": "s\n"
    },
    {
      "start": 21769,
      "stop": 22767,
      "text": "ix\n"
    },
    {
      "start": 22767,
      "stop": 23996,
      "text": "w\n"
    },
    {
      "start": 23996,
      "stop": 25894,
      "text": "aa\n"
    },
    {
      "start": 25894,
      "stop": 27721,
      "text": "sh\n"
    },
    {
      "start": 27721,
      "stop": 28773,
      "text": "w\n"
    },
    {
      "start": 28773,
      "stop": 30351,
      "text": "ao\n"
    },
    {
      "start": 30351,
      "stop": 30947,
      "text": "dx\n"
    },
    {
      "start": 30947,
      "stop": 32334,
      "text": "axr\n"
    },
    {
      "start": 32334,
      "stop": 34590,
      "text": "ao\n"
    },
    {
      "start": 34590,
      "stop": 35690,
      "text": "l\n"
    },
    {
      "start": 35690,
      "stop": 37101,
      "text": "y\n"
    },
    {
      "start": 37101,
      "stop": 38600,
      "text": "ih\n"
    },
    {
      "start": 38600,
      "stop": 41080,
      "text": "axr\n"
    },
    {
      "start": 41080,
      "stop": 42480,
      "text": "h#\n"
    }
  ]
}