{
  "algo": "consensus",
  "birth_date": "02/23/59",
  "comments": "",
  "dialect": "Army Brat (moved around)",
  "education": "Bachelor's Degree (BS or BA)",
  "height": 1.4478,
  "noise_dataset": null,
  "phoneme_times": [
    {
      "start": 0,
      "stop": 2180,
      "text": "h#\n"
    },
    {
      "start": 2180,
      "stop": 2950,
      "text": "k\n"
    },
    {
      "start": 2950,
      "stop": 4720,
      "text": "ae\n"
    },
    {
      "start": 4720,
      "stop": 5400,
      "text": "n\n"
    },
    {
      "start": 5400,
      "stop": 5720,
      "text": "dh\n"
    },
    {
      "start": 5720,
      "stop": 6684,
      "text": "iy\n"
    },
    {
      "start": 6684,
      "stop": 8731,
      "text": "ey\n"
    },
    {
      "start": 8731,
      "stop": 9390,
      "text": "dcl\n"
    },
    {
      "start": 9390,
      "stop": 9870,
      "text": "jh\n"
    },
    {
      "start": 9870,
      "stop": 10819,
      "text": "ih\n"
    },
    {
      "start": 10819,
      "stop": 11655,
      "text": "n\n"
    },
    {
      "start": 11655,
      "stop": 13580,
      "text": "s\n"
    },
    {
      "start": 13580,
      "stop": 15441,
      "text": "iy\n"
    },
    {
      "start": 15441,
      "stop": 16378,
      "text": "q\n"
    },
    {
      "start": 16378,
      "stop": 17551,
      "text": "ow\n"
    },
    {
      "start": 17551,
      "stop": 18200,
      "text": "v\n"
    },
    {
      "start": 18200,
      "stop": 19480,
      "text": "axr\n"
    },
    {
      "start": 19480,
      "stop": 20900,
      "text": "th\n"
    },
    {
      "start": 20900,
      "stop": 21556,
      "text": "r\n"
    },
    {
      "start": 21556,
      "stop": 23018,
      "text": "ow\n"
    },
    {
      "start": 23018,
      "stop": 24019,
      "text": "q\n"
    },
    {
      "start": 24019,
      "stop": 26318,
      "text": "ey\n"
    },
    {
      "start": 26318,
      "stop": 27195,
      "text": "l\n"
    },
    {
      "start": 27195,
      "stop": 28529,
      "text": "iy\n"
    },
    {
      "start": 28529,
      "stop": 28895,
      "text": "ix\n"
    },
    {
      "start": 28895,
      "stop": 29478,
      "text": "n\n"
    },
    {
      "start": 29478,
      "stop": 31150,
      "text": "f\n"
    },
    {
      "start": 31150,
      "stop": 32600,
      "text": "ao\n"
    },
    {
      "start": 32600,
      "stop": 33295,
      "text": "r\n"
    },
    {
      "start": 33295,
      "stop": 35010,
      "text": "s\n"
    },
    {
      "start": 35010,
      "stop": 36762,
      "text": "ih\n"
    },
    {
      "start": 36762,
      "stop": 38590,
      "text": "z\n"
    },
    {
      "start": 38590,
      "stop": 41600,
      "text": "h#\n"
    }
  ],
  "phonetic_codes": [
    "/k ae1 n/",
    "/dh ax/",
    "/ey1 jh ix n s iy/",
    "/ow2 v axr th r ow1/",
    "/ey1 l iy ax n/"
  ],
  "race": "Unknown",
  "recording_date": "04/09/86",
  "sentence": "Can the agency overthrow alien forces?",
  "sentence_id": "SX262",
  "sentence_time": {
    "start": 0,
    "stop": 41677,
    "text": "Can the agency overthrow alien forces?\n"
  },
  "sex": "F",
  "speaker_id": "BCG1",
  "speech": "SX262BCG1",
  "speech_dataset": "timit",
  "use": "System training speaker",
  "word_times": [
    {
      "start": 0,
      "stop": 2180,
      "text": "h#\n"
    },
    {
      "start": 2180,
      "stop": 2950,
      "text": "k\n"
    },
    {
      "start": 2950,
      "stop": 4720,
      "text": "ae\n"
    },
    {
      "start": 4720,
      "stop": 5400,
      "text": "n\n"
    },
    {
      "start": 5400,
      "stop": 5720,
      "text": "dh\n"
    },
    {
      "start": 5720,
      "stop": 6684,
      "text": "iy\n"
    },
    {
      "start": 6684,
      "stop": 8731,
      "text": "ey\n"
    },
    {
      "start": 8731,
      "stop": 9390,
      "text": "dcl\n"
    },
    {
      "start": 9390,
      "stop": 9870,
      "text": "jh\n"
    },
    {
      "start": 9870,
      "stop": 10819,
      "text": "ih\n"
    },
    {
      "start": 10819,
      "stop": 11655,
      "text": "n\n"
    },
    {
      "start": 11655,
      "stop": 13580,
      "text": "s\n"
    },
    {
      "start": 13580,
      "stop": 15441,
      "text": "iy\n"
    },
    {
      "start": 15441,
      "stop": 16378,
      "text": "q\n"
    },
    {
      "start": 16378,
      "stop": 17551,
      "text": "ow\n"
    },
    {
      "start": 17551,
      "stop": 18200,
      "text": "v\n"
    },
    {
      "start": 18200,
      "stop": 19480,
      "text": "axr\n"
    },
    {
      "start": 19480,
      "stop": 20900,
      "text": "th\n"
    },
    {
      "start": 20900,
      "stop": 21556,
      "text": "r\n"
    },
    {
      "start": 21556,
      "stop": 23018,
      "text": "ow\n"
    },
    {
      "start": 23018,
      "stop": 24019,
      "text": "q\n"
    },
    {
      "start": 24019,
      "stop": 26318,
      "text": "ey\n"
    },
    {
      "start": 26318,
      "stop": 27195,
      "text": "l\n"
    },
    {
      "start": 27195,
      "stop": 28529,
      "text": "iy\n"
    },
    {
      "start": 28529,
      "stop": 28895,
      "text": "ix\n"
    },
    {
      "start": 28895,
      "stop": 29478,
      "text": "n\n"
    },
    {
      "start": 29478,
      "stop": 31150,
      "text": "f\n"
    },
    {
      "start": 31150,
      "stop": 32600,
      "text": "ao\n"
    },
    {
      "start": 32600,
      "stop": 33295,
      "text": "r\n"
    },
    {
      "start": 33295,
      "stop": 35010,
      "text": "s\n"
    },
    {
      "start": 35010,
      "stop": 36762,
      "text": "ih\n"
    },
    {
      "start": 36762,
      "stop": 38590,
      "text": "z\n"
    },
    {
      "start": 38590,
      "stop": 41600,
      "text": "h#\n"
    }
  ]
}