{
  "algo": "consensus",
  "birth_date": "08/08/59",
  "comments": "",
  "dialect": "Southern",
  "education": "Bachelor's Degree (BS or BA)",
  "height": 1.8034,
  "noise_dataset": null,
  "phoneme_times": [
    {
      "start": 0,
      "stop": 2080,
      "text": "h#\n"
    },
    {
      "start": 2080,
      "stop": 2919,
      "text": "r\n"
    },
    {
      "start": 2919,
      "stop": 4600,
      "text": "ih\n"
    },
    {
      "start": 4600,
      "stop": 5210,
      "text": "tcl\n"
    },
    {
      "start": 5210,
      "stop": 6320,
      "text": "ch\n"
    },
    {
      "start": 6320,
      "stop": 7660,
      "text": "pcl\n"
    },
    {
      "start": 7660,
      "stop": 7970,
      "text": "p\n"
    },
    {
      "start": 7970,
      "stop": 9800,
      "text": "er\n"
    },
    {
      "start": 9800,
      "stop": 10470,
      "text": "tcl\n"
    },
    {
      "start": 10470,
      "stop": 11470,
      "text": "ch\n"
    },
    {
      "start": 11470,
      "stop": 12520,
      "text": "ix\n"
    },
    {
      "start": 12520,
      "stop": 15230,
      "text": "s\n"
    },
    {
      "start": 15230,
      "stop": 16863,
      "text": "eh\n"
    },
    {
      "start": 16863,
      "stop": 18120,
      "text": "v\n"
    },
    {
      "start": 18120,
      "stop": 19133,
      "text": "axr\n"
    },
    {
      "start": 19133,
      "stop": 19880,
      "text": "l\n"
    },
    {
      "start": 19880,
      "stop": 22000,
      "text": "s\n"
    },
    {
      "start": 22000,
      "stop": 25760,
      "text": "ay\n"
    },
    {
      "start": 25760,
      "stop": 26200,
      "text": "n\n"
    },
    {
      "start": 26200,
      "stop": 26660,
      "text": "dcl\n"
    },
    {
      "start": 26660,
      "stop": 26819,
      "text": "d\n"
    },
    {
      "start": 26819,
      "stop": 27738,
      "text": "l\n"
    },
    {
      "start": 27738,
      "stop": 29160,
      "text": "ih\n"
    },
    {
      "start": 29160,
      "stop": 30100,
      "text": "th\n"
    },
    {
      "start": 30100,
      "stop": 30840,
      "text": "ax\n"
    },
    {
      "start": 30840,
      "stop": 31410,
      "text": "gcl\n"
    },
    {
      "start": 31410,
      "stop": 31930,
      "text": "g\n"
    },
    {
      "start": 31930,
      "stop": 33060,
      "text": "r\n"
    },
    {
      "start": 33060,
      "stop": 35320,
      "text": "ae\n"
    },
    {
      "start": 35320,
      "stop": 36380,
      "text": "f\n"
    },
    {
      "start": 36380,
      "stop": 38760,
      "text": "s\n"
    },
    {
      "start": 38760,
      "stop": 41360,
      "text": "h#\n"
    }
  ],
  "phonetic_codes": [
    "/r ih1 ch/",
    "/p er1 ch ix s t/",
    "/s eh1 v axr el/",
    "/s ay1 n d/"
  ],
  "race": "White",
  "recording_date": "02/25/86",
  "sentence": "Rich purchased several signed lithographs.",
  "sentence_id": "SX285",
  "sentence_time": {
    "start": 0,
    "stop": 41370,
    "text": "Rich purchased several signed lithographs.\n"
  },
  "sex": "M",
  "speaker_id": "HMG0",
  "speech": "SX285HMG0",
  "speech_dataset": "timit",
  "use": "System training speaker",
  "word_times": [
    {
      "start": 0,
      "stop": 2080,
      "text": "h#\n"
    },
    {
      "start": 2080,
      "stop": 2919,
      "text": "r\n"
    },
    {
      "start": 2919,
      "stop": 4600,
      "text": "ih\n"
    },
    {
      "start": 4600,
      "stop": 5210,
      "text": "tcl\n"
    },
    {
      "start": 5210,
      "stop": 6320,
      "text": "ch\n"
    },
    {
      "start": 6320,
      "stop": 7660,
      "text": "pcl\n"
    },
    {
      "start": 7660,
      "stop": 7970,
      "text": "p\n"
    },
    {
      "start": 7970,
      "stop": 9800,
      "text": "er\n"
    },
    {
      "start": 9800,
      "stop": 10470,
      "text": "tcl\n"
    },
    {
      "start": 10470,
      "stop": 11470,
      "text": "ch\n"
    },
    {
      "start": 11470,
      "stop": 12520,
      "text": "ix\n"
    },
    {
      "start": 12520,
      "stop": 15230,
      "text": "s\n"
    },
    {
      "start": 15230,
      "stop": 16863,
      "text": "eh\n"
    },
    {
      "start": 16863,
      "stop": 18120,
      "text": "v\n"
    },
    {
      "start": 18120,
      "stop": 19133,
      "text": "axr\n"
    },
    {
      "start": 19133,
      "stop": 19880,
      "text": "l\n"
    },
    {
      "start": 19880,
      "stop": 22000,
      "text": "s\n"
    },
    {
      "start": 22000,
      "stop": 25760,
      "text": "ay\n"
    },
    {
      "start": 25760,
      "stop": 26200,
      "text": "n\n"
    },
    {
      "start": 26200,
      "stop": 26660,
      "text": "dcl\n"
    },
    {
      "start": 26660,
      "stop": 26819,
      "text": "d\n"
    },
    {
      "start": 26819,
      "stop": 27738,
      "text": "l\n"
    },
    {
      "start": 27738,
      "stop": 29160,
      "text": "ih\n"
    },
    {
      "start": 29160,
      "stop": 30100,
      "text": "th\n"
    },
    {
      "start": 30100,
      "stop": 30840,
      "text": "ax\n"
    },
    {
      "start": 30840,
      "stop": 31410,
      "text": "gcl\n"
    },
    {
      "start": 31410,
      "stop": 31930,
      "text": "g\n"
    },
    {
      "start": 31930,
      "stop": 33060,
      "text": "r\n"
    },
    {
      "start": 33060,
      "stop": 35320,
      "text": "ae\n"
    },
    {
      "start": 35320,
      "stop": 36380,
      "text": "f\n"
    },
    {
      "start": 36380,
      "stop": 38760,
      "text": "s\n"
    },
    {
      "start": 38760,
      "stop": 41360,
      "text": "h#\n"
    }
  ]
}