{
  "algo": "consensus",
  "birth_date": "05/11/62",
  "comments": "",
  "dialect": "Western",
  "education": "Bachelor's Degree (BS or BA)",
  "height": 1.8796000000000002,
  "noise_dataset": null,
  "phoneme_times": [
    {
      "start": 0,
      "stop": 2300,
      "text": "h#\n"
    },
    {
      "start": 2300,
      "stop": 4290,
      "text": "sh\n"
    },
    {
      "start": 4290,
      "stop": 5440,
      "text": "iy\n"
    },
    {
      "start": 5440,
      "stop": 6800,
      "text": "hv\n"
    },
    {
      "start": 6800,
      "stop": 9240,
      "text": "ae\n"
    },
    {
      "start": 9240,
      "stop": 9760,
      "text": "dcl\n"
    },
    {
      "start": 9760,
      "stop": 10440,
      "text": "jh\n"
    },
    {
      "start": 10440,
      "stop": 11800,
      "text": "axr\n"
    },
    {
      "start": 11800,
      "stop": 12850,
      "text": "dcl\n"
    },
    {
      "start": 12850,
      "stop": 13100,
      "text": "d\n"
    },
    {
      "start": 13100,
      "stop": 14813,
      "text": "aa\n"
    },
    {
      "start": 14813,
      "stop": 15720,
      "text": "r\n"
    },
    {
      "start": 15720,
      "stop": 16330,
      "text": "kcl\n"
    },
    {
      "start": 16330,
      "stop": 16800,
      "text": "k\n"
    },
    {
      "start": 16800,
      "stop": 18280,
      "text": "s\n"
    },
    {
      "start": 18280,
      "stop": 20400,
      "text": "ux\n"
    },
    {
      "start": 20400,
      "stop": 20804,
      "text": "dx\n"
    },
    {
      "start": 20804,
      "stop": 21765,
      "text": "ix\n"
    },
    {
      "start": 21765,
      "stop": 22680,
      "text": "ng\n"
    },
    {
      "start": 22680,
      "stop": 23120,
      "text": "gcl\n"
    },
    {
      "start": 23120,
      "stop": 23540,
      "text": "g\n"
    },
    {
      "start": 23540,
      "stop": 24266,
      "text": "r\n"
    },
    {
      "start": 24266,
      "stop": 25720,
      "text": "iy\n"
    },
    {
      "start": 25720,
      "stop": 27500,
      "text": "s\n"
    },
    {
      "start": 27500,
      "stop": 29033,
      "text": "iy\n"
    },
    {
      "start": 29033,
      "stop": 30663,
      "text": "w\n"
    },
    {
      "start": 30663,
      "stop": 33610,
      "text": "aa\n"
    },
    {
      "start": 33610,
      "stop": 35290,
      "text": "sh\n"
    },
    {
      "start": 35290,
      "stop": 35676,
      "text": "epi\n"
    },
    {
      "start": 35676,
      "stop": 36840,
      "text": "w\n"
    },
    {
      "start": 36840,
      "stop": 39000,
      "text": "ao\n"
    },
    {
      "start": 39000,
      "stop": 39560,
      "text": "dx\n"
    },
    {
      "start": 39560,
      "stop": 41415,
      "text": "axr\n"
    },
    {
      "start": 41415,
      "stop": 43845,
      "text": "q\n"
    },
    {
      "start": 43845,
      "stop": 45892,
      "text": "ao\n"
    },
    {
      "start": 45892,
      "stop": 46811,
      "text": "l\n"
    },
    {
      "start": 46811,
      "stop": 48482,
      "text": "y\n"
    },
    {
      "start": 48482,
      "stop": 50028,
      "text": "ih\n"
    },
    {
      "start": 50028,
      "stop": 51448,
      "text": "axr\n"
    },
    {
      "start": 51448,
      "stop": 60640,
      "text": "h#\n"
    }
  ],
  "phonetic_codes": [
    "/sh iy1/",
    "/hh ae1 d/",
    "/y uh1 r/",
    "/d aa1 r k/",
    "/s uw1 t/",
    "/ih1 n/",
    "/g r iy1 s iy/",
    "/w ao1 sh/",
    "/w ao1 t axr/",
    "/ao1 l/"
  ],
  "race": "White",
  "recording_date": "03/12/86",
  "sentence": "She had your dark suit in greasy wash water all year.",
  "sentence_id": "SA1",
  "sentence_time": {
    "start": 0,
    "stop": 60724,
    "text": "She had your dark suit in greasy wash water all year.\n"
  },
  "sex": "M",
  "speaker_id": "BTH0",
  "speech": "SA1BTH0",
  "speech_dataset": "timit",
  "use": "System training speaker",
  "word_times": [
    {
      "start": 0,
      "stop": 2300,
      "text": "h#\n"
    },
    {
      "start": 2300,
      "stop": 4290,
      "text": "sh\n"
    },
    {
      "start": 4290,
      "stop": 5440,
      "text": "iy\n"
    },
    {
      "start": 5440,
      "stop": 6800,
      "text": "hv\n"
    },
    {
      "start": 6800,
      "stop": 9240,
      "text": "ae\n"
    },
    {
      "start": 9240,
      "stop": 9760,
      "text": "dcl\n"
    },
    {
      "start": 9760,
      "stop": 10440,
      "text": "jh\n"
    },
    {
      "start": 10440,
      "stop": 11800,
      "text": "axr\n"
    },
    {
      "start": 11800,
      "stop": 12850,
      "text": "dcl\n"
    },
    {
      "start": 12850,
      "stop": 13100,
      "text": "d\n"
    },
    {
      "start": 13100,
      "stop": 14813,
      "text": "aa\n"
    },
    {
      "start": 14813,
      "stop": 15720,
      "text": "r\n"
    },
    {
      "start": 15720,
      "stop": 16330,
      "text": "kcl\n"
    },
    {
      "start": 16330,
      "stop": 16800,
      "text": "k\n"
    },
    {
      "start": 16800,
      "stop": 18280,
      "text": "s\n"
    },
    {
      "start": 18280,
      "stop": 20400,
      "text": "ux\n"
    },
    {
      "start": 20400,
      "stop": 20804,
      "text": "dx\n"
    },
    {
      "start": 20804,
      "stop": 21765,
      "text": "ix\n"
    },
    {
      "start": 21765,
      "stop": 22680,
      "text": "ng\n"
    },
    {
      "start": 22680,
      "stop": 23120,
      "text": "gcl\n"
    },
    {
      "start": 23120,
      "stop": 23540,
      "text": "g\n"
    },
    {
      "start": 23540,
      "stop": 24266,
      "text": "r\n"
    },
    {
      "start": 24266,
      "stop": 25720,
      "text": "iy\n"
    },
    {
      "start": 25720,
      "stop": 27500,
      "text": "s\n"
    },
    {
      "start": 27500,
      "stop": 29033,
      "text": "iy\n"
    },
    {
      "start": 29033,
      "stop": 30663,
      "text": "w\n"
    },
    {
      "start": 30663,
      "stop": 33610,
      "text": "aa\n"
    },
    {
      "start": 33610,
      "stop": 35290,
      "text": "sh\n"
    },
    {
      "start": 35290,
      "stop": 35676,
      "text": "epi\n"
    },
    {
      "start": 35676,
      "stop": 36840,
      "text": "w\n"
    },
    {
      "start": 36840,
      "stop": 39000,
      "text": "ao\n"
    },
    {
      "start": 39000,
      "stop": 39560,
      "text": "dx\n"
    },
    {
      "start": 39560,
      "stop": 41415,
      "text": "axr\n"
    },
    {
      "start": 41415,
      "stop": 43845,
      "text": "q\n"
    },
    {
      "start": 43845,
      "stop": 45892,
      "text": "ao\n"
    },
    {
      "start": 45892,
      "stop": 46811,
      "text": "l\n"
    },
    {
      "start": 46811,
      "stop": 48482,
      "text": "y\n"
    },
    {
      "start": 48482,
      "stop": 50028,
      "text": "ih\n"
    },
    {
      "start": 50028,
      "stop": 51448,
      "text": "axr\n"
    },
    {
      "start": 51448,
      "stop": 60640,
      "text": "h#\n"
    }
  ]
}