{
  "algo": "consensus",
  "birth_date": "01/21/62",
  "comments": "",
  "dialect": "North Midland",
  "education": "Bachelor's Degree (BS or BA)",
  "height": 1.778,
  "noise_dataset": null,
  "phoneme_times": [
    {
      "start": 0,
      "stop": 2360,
      "text": "h#\n"
    },
    {
      "start": 2360,
      "stop": 4177,
      "text": "ae\n"
    },
    {
      "start": 4177,
      "stop": 4929,
      "text": "ng\n"
    },
    {
      "start": 4929,
      "stop": 5430,
      "text": "gcl\n"
    },
    {
      "start": 5430,
      "stop": 5848,
      "text": "g\n"
    },
    {
      "start": 5848,
      "stop": 7824,
      "text": "ao\n"
    },
    {
      "start": 7824,
      "stop": 9800,
      "text": "axr\n"
    },
    {
      "start": 9800,
      "stop": 10840,
      "text": "kcl\n"
    },
    {
      "start": 10840,
      "stop": 12040,
      "text": "k\n"
    },
    {
      "start": 12040,
      "stop": 14760,
      "text": "ae\n"
    },
    {
      "start": 14760,
      "stop": 15160,
      "text": "tcl\n"
    },
    {
      "start": 15160,
      "stop": 16600,
      "text": "s\n"
    },
    {
      "start": 16600,
      "stop": 17880,
      "text": "aa\n"
    },
    {
      "start": 17880,
      "stop": 18520,
      "text": "r\n"
    },
    {
      "start": 18520,
      "stop": 20760,
      "text": "f\n"
    },
    {
      "start": 20760,
      "stop": 23106,
      "text": "er\n"
    },
    {
      "start": 23106,
      "stop": 25453,
      "text": "ih\n"
    },
    {
      "start": 25453,
      "stop": 27800,
      "text": "er\n"
    },
    {
      "start": 27800,
      "stop": 28574,
      "text": "dh\n"
    },
    {
      "start": 28574,
      "stop": 30496,
      "text": "eh\n"
    },
    {
      "start": 30496,
      "stop": 31480,
      "text": "n\n"
    },
    {
      "start": 31480,
      "stop": 33080,
      "text": "s\n"
    },
    {
      "start": 33080,
      "stop": 35640,
      "text": "ay\n"
    },
    {
      "start": 35640,
      "stop": 36440,
      "text": "m\n"
    },
    {
      "start": 36440,
      "stop": 40040,
      "text": "iy\n"
    },
    {
      "start": 40040,
      "stop": 42840,
      "text": "z\n"
    },
    {
      "start": 42840,
      "stop": 47440,
      "text": "h#\n"
    }
  ],
  "phonetic_codes": [
    "/ae ng g ao1 r ax/",
    "/k ae1 t s/",
    "/aa1 r/",
    "/f er1 iy axr/",
    "/dh ae1 n/"
  ],
  "race": "White",
  "recording_date": "01/22/86",
  "sentence": "Angora cats are furrier than Siamese.",
  "sentence_id": "SX129",
  "sentence_time": {
    "start": 0,
    "stop": 47515,
    "text": "Angora cats are furrier than Siamese.\n"
  },
  "sex": "M",
  "speaker_id": "HMR0",
  "speech": "SX129HMR0",
  "speech_dataset": "timit",
  "use": "System training speaker",
  "word_times": [
    {
      "start": 0,
      "stop": 2360,
      "text": "h#\n"
    },
    {
      "start": 2360,
      "stop": 4177,
      "text": "ae\n"
    },
    {
      "start": 4177,
      "stop": 4929,
      "text": "ng\n"
    },
    {
      "start": 4929,
      "stop": 5430,
      "text": "gcl\n"
    },
    {
      "start": 5430,
      "stop": 5848,
      "text": "g\n"
    },
    {
      "start": 5848,
      "stop": 7824,
      "text": "ao\n"
    },
    {
      "start": 7824,
      "stop": 9800,
      "text": "axr\n"
    },
    {
      "start": 9800,
      "stop": 10840,
      "text": "kcl\n"
    },
    {
      "start": 10840,
      "stop": 12040,
      "text": "k\n"
    },
    {
      "start": 12040,
      "stop": 14760,
      "text": "ae\n"
    },
    {
      "start": 14760,
      "stop": 15160,
      "text": "tcl\n"
    },
    {
      "start": 15160,
      "stop": 16600,
      "text": "s\n"
    },
    {
      "start": 16600,
      "stop": 17880,
      "text": "aa\n"
    },
    {
      "start": 17880,
      "stop": 18520,
      "text": "r\n"
    },
    {
      "start": 18520,
      "stop": 20760,
      "text": "f\n"
    },
    {
      "start": 20760,
      "stop": 23106,
      "text": "er\n"
    },
    {
      "start": 23106,
      "stop": 25453,
      "text": "ih\n"
    },
    {
      "start": 25453,
      "stop": 27800,
      "text": "er\n"
    },
    {
      "start": 27800,
      "stop": 28574,
      "text": "dh\n"
    },
    {
      "start": 28574,
      "stop": 30496,
      "text": "eh\n"
    },
    {
      "start": 30496,
      "stop": 31480,
      "text": "n\n"
    },
    {
      "start": 31480,
      "stop": 33080,
      "text": "s\n"
    },
    {
      "start": 33080,
      "stop": 35640,
      "text": "ay\n"
    },
    {
      "start": 35640,
      "stop": 36440,
      "text": "m\n"
    },
    {
      "start": 36440,
      "stop": 40040,
      "text": "iy\n"
    },
    {
      "start": 40040,
      "stop": 42840,
      "text": "z\n"
    },
    {
      "start": 42840,
      "stop": 47440,
      "text": "h#\n"
    }
  ]
}