{
  "algo": "consensus",
  "birth_date": "05/17/61",
  "comments": "SUBJECT CALLS SPEECH \"HICK\" \n",
  "dialect": "South Midland",
  "education": "Bachelor's Degree (BS or BA)",
  "height": 1.8288000000000002,
  "noise_dataset": null,
  "phoneme_times": [
    {
      "start": 0,
      "stop": 2330,
      "text": "h#\n"
    },
    {
      "start": 2330,
      "stop": 3400,
      "text": "s\n"
    },
    {
      "start": 3400,
      "stop": 3780,
      "text": "tcl\n"
    },
    {
      "start": 3780,
      "stop": 4200,
      "text": "t\n"
    },
    {
      "start": 4200,
      "stop": 5639,
      "text": "iy\n"
    },
    {
      "start": 5639,
      "stop": 6840,
      "text": "v\n"
    },
    {
      "start": 6840,
      "stop": 7770,
      "text": "w\n"
    },
    {
      "start": 7770,
      "stop": 9399,
      "text": "ao\n"
    },
    {
      "start": 9399,
      "stop": 10520,
      "text": "axr\n"
    },
    {
      "start": 10520,
      "stop": 11720,
      "text": "bcl\n"
    },
    {
      "start": 11720,
      "stop": 11950,
      "text": "b\n"
    },
    {
      "start": 11950,
      "stop": 12940,
      "text": "r\n"
    },
    {
      "start": 12940,
      "stop": 14880,
      "text": "ay\n"
    },
    {
      "start": 14880,
      "stop": 15752,
      "text": "q\n"
    },
    {
      "start": 15752,
      "stop": 16866,
      "text": "r\n"
    },
    {
      "start": 16866,
      "stop": 18440,
      "text": "eh\n"
    },
    {
      "start": 18440,
      "stop": 20190,
      "text": "dcl\n"
    },
    {
      "start": 20190,
      "stop": 20910,
      "text": "k\n"
    },
    {
      "start": 20910,
      "stop": 24380,
      "text": "ae\n"
    },
    {
      "start": 24380,
      "stop": 25140,
      "text": "zh\n"
    },
    {
      "start": 25140,
      "stop": 25719,
      "text": "epi\n"
    },
    {
      "start": 25719,
      "stop": 26280,
      "text": "m\n"
    },
    {
      "start": 26280,
      "stop": 27453,
      "text": "ih\n"
    },
    {
      "start": 27453,
      "stop": 28170,
      "text": "r\n"
    },
    {
      "start": 28170,
      "stop": 29730,
      "text": "s\n"
    },
    {
      "start": 29730,
      "stop": 30575,
      "text": "epi\n"
    },
    {
      "start": 30575,
      "stop": 31874,
      "text": "w\n"
    },
    {
      "start": 31874,
      "stop": 33211,
      "text": "eh\n"
    },
    {
      "start": 33211,
      "stop": 33629,
      "text": "dx\n"
    },
    {
      "start": 33629,
      "stop": 34655,
      "text": "axr\n"
    },
    {
      "start": 34655,
      "stop": 35007,
      "text": "h#\n"
    }
  ],
  "phonetic_codes": [
    "/s t iy1 v/",
    "/w ao1 r/",
    "/ax/",
    "/b r ay1 t/",
    "/r eh1 d/",
    "/k ae1 zh m ih2 r/"
  ],
  "race": "White",
  "recording_date": "03/07/86",
  "sentence": "Steve wore a bright red cashmere sweater.",
  "sentence_id": "SX275",
  "sentence_time": {
    "start": 0,
    "stop": 38503,
    "text": "Steve wore a bright red cashmere sweater.\n"
  },
  "sex": "M",
  "speaker_id": "JDM1",
  "speech": "SX275JDM1",
  "speech_dataset": "timit",
  "use": "System test speaker",
  "word_times": [
    {
      "start": 0,
      "stop": 2330,
      "text": "h#\n"
    },
    {
      "start": 2330,
      "stop": 3400,
      "text": "s\n"
    },
    {
      "start": 3400,
      "stop": 3780,
      "text": "tcl\n"
    },
    {
      "start": 3780,
      "stop": 4200,
      "text": "t\n"
    },
    {
      "start": 4200,
      "stop": 5639,
      "text": "iy\n"
    },
    {
      "start": 5639,
      "stop": 6840,
      "text": "v\n"
    },
    {
      "start": 6840,
      "stop": 7770,
      "text": "w\n"
    },
    {
      "start": 7770,
      "stop": 9399,
      "text": "ao\n"
    },
    {
      "start": 9399,
      "stop": 10520,
      "text": "axr\n"
    },
    {
      "start": 10520,
      "stop": 11720,
      "text": "bcl\n"
    },
    {
      "start": 11720,
      "stop": 11950,
      "text": "b\n"
    },
    {
      "start": 11950,
      "stop": 12940,
      "text": "r\n"
    },
    {
      "start": 12940,
      "stop": 14880,
      "text": "ay\n"
    },
    {
      "start": 14880,
      "stop": 15752,
      "text": "q\n"
    },
    {
      "start": 15752,
      "stop": 16866,
      "text": "r\n"
    },
    {
      "start": 16866,
      "stop": 18440,
      "text": "eh\n"
    },
    {
      "start": 18440,
      "stop": 20190,
      "text": "dcl\n"
    },
    {
      "start": 20190,
      "stop": 20910,
      "text": "k\n"
    },
    {
      "start": 20910,
      "stop": 24380,
      "text": "ae\n"
    },
    {
      "start": 24380,
      "stop": 25140,
      "text": "zh\n"
    },
    {
      "start": 25140,
      "stop": 25719,
      "text": "epi\n"
    },
    {
      "start": 25719,
      "stop": 26280,
      "text": "m\n"
    },
    {
      "start": 26280,
      "stop": 27453,
      "text": "ih\n"
    },
    {
      "start": 27453,
      "stop": 28170,
      "text": "r\n"
    },
    {
      "start": 28170,
      "stop": 29730,
      "text": "s\n"
    },
    {
      "start": 29730,
      "stop": 30575,
      "text": "epi\n"
    },
    {
      "start": 30575,
      "stop": 31874,
      "text": "w\n"
    },
    {
      "start": 31874,
      "stop": 33211,
      "text": "eh\n"
    },
    {
      "start": 33211,
      "stop": 33629,
      "text": "dx\n"
    },
    {
      "start": 33629,
      "stop": 34655,
      "text": "axr\n"
    },
    {
      "start": 34655,
      "stop": 35007,
      "text": "h#\n"
    }
  ]
}