{
  "algo": "consensus",
  "birth_date": "07/15/53",
  "comments": "",
  "dialect": "New England",
  "education": "Master's Degree (MS or MA)",
  "height": 1.7272,
  "noise_dataset": null,
  "phoneme_times": [
    {
      "start": 0,
      "stop": 2276,
      "text": "h#\n"
    },
    {
      "start": 2276,
      "stop": 3320,
      "text": "hh\n"
    },
    {
      "start": 3320,
      "stop": 5111,
      "text": "aw\n"
    },
    {
      "start": 5111,
      "stop": 5931,
      "text": "dcl\n"
    },
    {
      "start": 5931,
      "stop": 6143,
      "text": "d\n"
    },
    {
      "start": 6143,
      "stop": 7272,
      "text": "ih\n"
    },
    {
      "start": 7272,
      "stop": 8003,
      "text": "dcl\n"
    },
    {
      "start": 8003,
      "stop": 9869,
      "text": "w\n"
    },
    {
      "start": 9869,
      "stop": 11224,
      "text": "ah\n"
    },
    {
      "start": 11224,
      "stop": 12560,
      "text": "n\n"
    },
    {
      "start": 12560,
      "stop": 12879,
      "text": "dcl\n"
    },
    {
      "start": 12879,
      "stop": 14160,
      "text": "jh\n"
    },
    {
      "start": 14160,
      "stop": 17560,
      "text": "oy\n"
    },
    {
      "start": 17560,
      "stop": 19174,
      "text": "n\n"
    },
    {
      "start": 19174,
      "stop": 19533,
      "text": "dh\n"
    },
    {
      "start": 19533,
      "stop": 21400,
      "text": "eh\n"
    },
    {
      "start": 21400,
      "stop": 22747,
      "text": "m\n"
    },
    {
      "start": 22747,
      "stop": 26000,
      "text": "h#\n"
    }
  ],
  "phonetic_codes": [
    "/hh aw1/",
    "/d ih1 d/",
    "/w ah1 n/",
    "/jh oy1 n/"
  ],
  "race": "White",
  "recording_date": "04/16/86",
  "sentence": "How did one join them?",
  "sentence_id": "SI1640",
  "sentence_time": {
    "start": 0,
    "stop": 26112,
    "text": "How did one join them?\n"
  },
  "sex": "M",
  "speaker_id": "JSW0",
  "speech": "SI1640JSW0",
  "speech_dataset": "timit",
  "use": "System test speaker",
  "word_times": [
    {
      "start": 0,
      "stop": 2276,
      "text": "h#\n"
    },
    {
      "start": 2276,
      "stop": 3320,
      "text": "hh\n"
    },
    {
      "start": 3320,
      "stop": 5111,
      "text": "aw\n"
    },
    {
      "start": 5111,
      "stop": 5931,
      "text": "dcl\n"
    },
    {
      "start": 5931,
      "stop": 6143,
      "text": "d\n"
    },
    {
      "start": 6143,
      "stop": 7272,
      "text": "ih\n"
    },
    {
      "start": 7272,
      "stop": 8003,
      "text": "dcl\n"
    },
    {
      "start": 8003,
      "stop": 9869,
      "text": "w\n"
    },
    {
      "start": 9869,
      "stop": 11224,
      "text": "ah\n"
    },
    {
      "start": 11224,
      "stop": 12560,
      "text": "n\n"
    },
    {
      "start": 12560,
      "stop": 12879,
      "text": "dcl\n"
    },
    {
      "start": 12879,
      "stop": 14160,
      "text": "jh\n"
    },
    {
      "start": 14160,
      "stop": 17560,
      "text": "oy\n"
    },
    {
      "start": 17560,
      "stop": 19174,
      "text": "n\n"
    },
    {
      "start": 19174,
      "stop": 19533,
      "text": "dh\n"
    },
    {
      "start": 19533,
      "stop": 21400,
      "text": "eh\n"
    },
    {
      "start": 21400,
      "stop": 22747,
      "text": "m\n"
    },
    {
      "start": 22747,
      "stop": 26000,
      "text": "h#\n"
    }
  ]
}