{
  "algo": "consensus",
  "birth_date": "09/26/60",
  "comments": "",
  "dialect": "New York City",
  "education": "Bachelor's Degree (BS or BA)",
  "height": 1.7272,
  "noise_dataset": null,
  "phoneme_times": [
    {
      "start": 0,
      "stop": 1960,
      "text": "h#\n"
    },
    {
      "start": 1960,
      "stop": 3000,
      "text": "hh\n"
    },
    {
      "start": 3000,
      "stop": 4840,
      "text": "aw\n"
    },
    {
      "start": 4840,
      "stop": 5720,
      "text": "gcl\n"
    },
    {
      "start": 5720,
      "stop": 6308,
      "text": "g\n"
    },
    {
      "start": 6308,
      "stop": 7880,
      "text": "uh\n"
    },
    {
      "start": 7880,
      "stop": 8355,
      "text": "dcl\n"
    },
    {
      "start": 8355,
      "stop": 8760,
      "text": "d\n"
    },
    {
      "start": 8760,
      "stop": 9800,
      "text": "ih\n"
    },
    {
      "start": 9800,
      "stop": 11640,
      "text": "zh\n"
    },
    {
      "start": 11640,
      "stop": 14287,
      "text": "er\n"
    },
    {
      "start": 14287,
      "stop": 15039,
      "text": "ix\n"
    },
    {
      "start": 15039,
      "stop": 16167,
      "text": "n\n"
    },
    {
      "start": 16167,
      "stop": 16600,
      "text": "dcl\n"
    },
    {
      "start": 16600,
      "stop": 17240,
      "text": "d\n"
    },
    {
      "start": 17240,
      "stop": 20120,
      "text": "er\n"
    },
    {
      "start": 20120,
      "stop": 21670,
      "text": "en\n"
    },
    {
      "start": 21670,
      "stop": 23185,
      "text": "tcl\n"
    },
    {
      "start": 23185,
      "stop": 23561,
      "text": "t\n"
    },
    {
      "start": 23561,
      "stop": 26040,
      "text": "s\n"
    },
    {
      "start": 26040,
      "stop": 27920,
      "text": "h#\n"
    }
  ],
  "phonetic_codes": [
    "/hh aw1/",
    "/g uh1 d/",
    "/ih1 z/",
    "/y uh1 r/"
  ],
  "race": "White",
  "recording_date": "02/03/86",
  "sentence": "How good is your endurance?",
  "sentence_id": "SX224",
  "sentence_time": {
    "start": 0,
    "stop": 27956,
    "text": "How good is your endurance?\n"
  },
  "sex": "F",
  "speaker_id": "LNH0",
  "speech": "SX224LNH0",
  "speech_dataset": "timit",
  "use": "System test speaker",
  "word_times": [
    {
      "start": 0,
      "stop": 1960,
      "text": "h#\n"
    },
    {
      "start": 1960,
      "stop": 3000,
      "text": "hh\n"
    },
    {
      "start": 3000,
      "stop": 4840,
      "text": "aw\n"
    },
    {
      "start": 4840,
      "stop": 5720,
      "text": "gcl\n"
    },
    {
      "start": 5720,
      "stop": 6308,
      "text": "g\n"
    },
    {
      "start": 6308,
      "stop": 7880,
      "text": "uh\n"
    },
    {
      "start": 7880,
      "stop": 8355,
      "text": "dcl\n"
    },
    {
      "start": 8355,
      "stop": 8760,
      "text": "d\n"
    },
    {
      "start": 8760,
      "stop": 9800,
      "text": "ih\n"
    },
    {
      "start": 9800,
      "stop": 11640,
      "text": "zh\n"
    },
    {
      "start": 11640,
      "stop": 14287,
      "text": "er\n"
    },
    {
      "start": 14287,
      "stop": 15039,
      "text": "ix\n"
    },
    {
      "start": 15039,
      "stop": 16167,
      "text": "n\n"
    },
    {
      "start": 16167,
      "stop": 16600,
      "text": "dcl\n"
    },
    {
      "start": 16600,
      "stop": 17240,
      "text": "d\n"
    },
    {
      "start": 17240,
      "stop": 20120,
      "text": "er\n"
    },
    {
      "start": 20120,
      "stop": 21670,
      "text": "en\n"
    },
    {
      "start": 21670,
      "stop": 23185,
      "text": "tcl\n"
    },
    {
      "start": 23185,
      "stop": 23561,
      "text": "t\n"
    },
    {
      "start": 23561,
      "stop": 26040,
      "text": "s\n"
    },
    {
      "start": 26040,
      "stop": 27920,
      "text": "h#\n"
    }
  ]
}