{
  "algo": "consensus",
  "birth_date": "04/15/54",
  "comments": "",
  "dialect": "North Midland",
  "education": "Bachelor's Degree (BS or BA)",
  "height": 1.651,
  "noise_dataset": null,
  "phoneme_times": [
    {
      "start": 0,
      "stop": 2757,
      "text": "h#\n"
    },
    {
      "start": 2757,
      "stop": 3766,
      "text": "s\n"
    },
    {
      "start": 3766,
      "stop": 4590,
      "text": "kcl\n"
    },
    {
      "start": 4590,
      "stop": 4940,
      "text": "k\n"
    },
    {
      "start": 4940,
      "stop": 5263,
      "text": "ax\n"
    },
    {
      "start": 5263,
      "stop": 6213,
      "text": "l\n"
    },
    {
      "start": 6213,
      "stop": 8760,
      "text": "ae\n"
    },
    {
      "start": 8760,
      "stop": 9691,
      "text": "s\n"
    },
    {
      "start": 9691,
      "stop": 10530,
      "text": "tcl\n"
    },
    {
      "start": 10530,
      "stop": 10830,
      "text": "t\n"
    },
    {
      "start": 10830,
      "stop": 11640,
      "text": "ix\n"
    },
    {
      "start": 11640,
      "stop": 12400,
      "text": "kcl\n"
    },
    {
      "start": 12400,
      "stop": 12580,
      "text": "k\n"
    },
    {
      "start": 12580,
      "stop": 14663,
      "text": "ae\n"
    },
    {
      "start": 14663,
      "stop": 16299,
      "text": "pcl\n"
    },
    {
      "start": 16299,
      "stop": 16720,
      "text": "t\n"
    },
    {
      "start": 16720,
      "stop": 17378,
      "text": "ix\n"
    },
    {
      "start": 17378,
      "stop": 18410,
      "text": "tcl\n"
    },
    {
      "start": 18410,
      "stop": 19780,
      "text": "t\n"
    },
    {
      "start": 19780,
      "stop": 21240,
      "text": "ux\n"
    },
    {
      "start": 21240,
      "stop": 21720,
      "text": "dx\n"
    },
    {
      "start": 21720,
      "stop": 23060,
      "text": "ix\n"
    },
    {
      "start": 23060,
      "stop": 24210,
      "text": "z\n"
    },
    {
      "start": 24210,
      "stop": 25020,
      "text": "dcl\n"
    },
    {
      "start": 25020,
      "stop": 25600,
      "text": "jh\n"
    },
    {
      "start": 25600,
      "stop": 27571,
      "text": "ah\n"
    },
    {
      "start": 27571,
      "stop": 28036,
      "text": "dcl\n"
    },
    {
      "start": 28036,
      "stop": 29350,
      "text": "jh\n"
    },
    {
      "start": 29350,
      "stop": 30500,
      "text": "bcl\n"
    },
    {
      "start": 30500,
      "stop": 30694,
      "text": "b\n"
    },
    {
      "start": 30694,
      "stop": 32480,
      "text": "ay\n"
    },
    {
      "start": 32480,
      "stop": 34088,
      "text": "s\n"
    },
    {
      "start": 34088,
      "stop": 34600,
      "text": "tcl\n"
    },
    {
      "start": 34600,
      "stop": 34990,
      "text": "t\n"
    },
    {
      "start": 34990,
      "stop": 36960,
      "text": "ae\n"
    },
    {
      "start": 36960,
      "stop": 37430,
      "text": "n\n"
    },
    {
      "start": 37430,
      "stop": 37770,
      "text": "dcl\n"
    },
    {
      "start": 37770,
      "stop": 38020,
      "text": "d\n"
    },
    {
      "start": 38020,
      "stop": 39006,
      "text": "axr\n"
    },
    {
      "start": 39006,
      "stop": 39621,
      "text": "dx\n"
    },
    {
      "start": 39621,
      "stop": 42806,
      "text": "ay\n"
    },
    {
      "start": 42806,
      "stop": 44769,
      "text": "s\n"
    },
    {
      "start": 44769,
      "stop": 45840,
      "text": "tcl\n"
    },
    {
      "start": 45840,
      "stop": 47210,
      "text": "t\n"
    },
    {
      "start": 47210,
      "stop": 49093,
      "text": "eh\n"
    },
    {
      "start": 49093,
      "stop": 50952,
      "text": "s\n"
    },
    {
      "start": 50952,
      "stop": 52060,
      "text": "tcl\n"
    },
    {
      "start": 52060,
      "stop": 53960,
      "text": "s\n"
    },
    {
      "start": 53960,
      "stop": 56720,
      "text": "h#\n"
    }
  ],
  "phonetic_codes": [
    "/s k ax l ae1 s t ih k/",
    "/ae1 p t ix t uw2 d/",
    "/ih1 z/",
    "/jh ah1 jh d/",
    "/b ay1/",
    "/s t ae1 n d axr d ay2 z d/"
  ],
  "race": "White",
  "recording_date": "04/02/86",
  "sentence": "Scholastic aptitude is judged by standardized tests.",
  "sentence_id": "SX153",
  "sentence_time": {
    "start": 0,
    "stop": 56832,
    "text": "Scholastic aptitude is judged by standardized tests.\n"
  },
  "sex": "F",
  "speaker_id": "PAZ0",
  "speech": "SX153PAZ0",
  "speech_dataset": "timit",
  "use": "System training speaker",
  "word_times": [
    {
      "start": 0,
      "stop": 2757,
      "text": "h#\n"
    },
    {
      "start": 2757,
      "stop": 3766,
      "text": "s\n"
    },
    {
      "start": 3766,
      "stop": 4590,
      "text": "kcl\n"
    },
    {
      "start": 4590,
      "stop": 4940,
      "text": "k\n"
    },
    {
      "start": 4940,
      "stop": 5263,
      "text": "ax\n"
    },
    {
      "start": 5263,
      "stop": 6213,
      "text": "l\n"
    },
    {
      "start": 6213,
      "stop": 8760,
      "text": "ae\n"
    },
    {
      "start": 8760,
      "stop": 9691,
      "text": "s\n"
    },
    {
      "start": 9691,
      "stop": 10530,
      "text": "tcl\n"
    },
    {
      "start": 10530,
      "stop": 10830,
      "text": "t\n"
    },
    {
      "start": 10830,
      "stop": 11640,
      "text": "ix\n"
    },
    {
      "start": 11640,
      "stop": 12400,
      "text": "kcl\n"
    },
    {
      "start": 12400,
      "stop": 12580,
      "text": "k\n"
    },
    {
      "start": 12580,
      "stop": 14663,
      "text": "ae\n"
    },
    {
      "start": 14663,
      "stop": 16299,
      "text": "pcl\n"
    },
    {
      "start": 16299,
      "stop": 16720,
      "text": "t\n"
    },
    {
      "start": 16720,
      "stop": 17378,
      "text": "ix\n"
    },
    {
      "start": 17378,
      "stop": 18410,
      "text": "tcl\n"
    },
    {
      "start": 18410,
      "stop": 19780,
      "text": "t\n"
    },
    {
      "start": 19780,
      "stop": 21240,
      "text": "ux\n"
    },
    {
      "start": 21240,
      "stop": 21720,
      "text": "dx\n"
    },
    {
      "start": 21720,
      "stop": 23060,
      "text": "ix\n"
    },
    {
      "start": 23060,
      "stop": 24210,
      "text": "z\n"
    },
    {
      "start": 24210,
      "stop": 25020,
      "text": "dcl\n"
    },
    {
      "start": 25020,
      "stop": 25600,
      "text": "jh\n"
    },
    {
      "start": 25600,
      "stop": 27571,
      "text": "ah\n"
    },
    {
      "start": 27571,
      "stop": 28036,
      "text": "dcl\n"
    },
    {
      "start": 28036,
      "stop": 29350,
      "text": "jh\n"
    },
    {
      "start": 29350,
      "stop": 30500,
      "text": "bcl\n"
    },
    {
      "start": 30500,
      "stop": 30694,
      "text": "b\n"
    },
    {
      "start": 30694,
      "stop": 32480,
      "text": "ay\n"
    },
    {
      "start": 32480,
      "stop": 34088,
      "text": "s\n"
    },
    {
      "start": 34088,
      "stop": 34600,
      "text": "tcl\n"
    },
    {
      "start": 34600,
      "stop": 34990,
      "text": "t\n"
    },
    {
      "start": 34990,
      "stop": 36960,
      "text": "ae\n"
    },
    {
      "start": 36960,
      "stop": 37430,
      "text": "n\n"
    },
    {
      "start": 37430,
      "stop": 37770,
      "text": "dcl\n"
    },
    {
      "start": 37770,
      "stop": 38020,
      "text": "d\n"
    },
    {
      "start": 38020,
      "stop": 39006,
      "text": "axr\n"
    },
    {
      "start": 39006,
      "stop": 39621,
      "text": "dx\n"
    },
    {
      "start": 39621,
      "stop": 42806,
      "text": "ay\n"
    },
    {
      "start": 42806,
      "stop": 44769,
      "text": "s\n"
    },
    {
      "start": 44769,
      "stop": 45840,
      "text": "tcl\n"
    },
    {
      "start": 45840,
      "stop": 47210,
      "text": "t\n"
    },
    {
      "start": 47210,
      "stop": 49093,
      "text": "eh\n"
    },
    {
      "start": 49093,
      "stop": 50952,
      "text": "s\n"
    },
    {
      "start": 50952,
      "stop": 52060,
      "text": "tcl\n"
    },
    {
      "start": 52060,
      "stop": 53960,
      "text": "s\n"
    },
    {
      "start": 53960,
      "stop": 56720,
      "text": "h#\n"
    }
  ]
}