{
  "algo": "consensus",
  "birth_date": "02/15/62",
  "comments": "",
  "dialect": "Western",
  "education": "Bachelor's Degree (BS or BA)",
  "height": 1.778,
  "noise_dataset": null,
  "phoneme_times": [
    {
      "start": 0,
      "stop": 2230,
      "text": "h#\n"
    },
    {
      "start": 2230,
      "stop": 3320,
      "text": "k\n"
    },
    {
      "start": 3320,
      "stop": 4135,
      "text": "iy\n"
    },
    {
      "start": 4135,
      "stop": 5036,
      "text": "pcl\n"
    },
    {
      "start": 5036,
      "stop": 5640,
      "text": "th\n"
    },
    {
      "start": 5640,
      "stop": 6440,
      "text": "ih\n"
    },
    {
      "start": 6440,
      "stop": 7970,
      "text": "th\n"
    },
    {
      "start": 7970,
      "stop": 9080,
      "text": "axr\n"
    },
    {
      "start": 9080,
      "stop": 9880,
      "text": "m\n"
    },
    {
      "start": 9880,
      "stop": 12440,
      "text": "aa\n"
    },
    {
      "start": 12440,
      "stop": 13000,
      "text": "m\n"
    },
    {
      "start": 13000,
      "stop": 13400,
      "text": "ix\n"
    },
    {
      "start": 13400,
      "stop": 13800,
      "text": "dx\n"
    },
    {
      "start": 13800,
      "stop": 15707,
      "text": "er\n"
    },
    {
      "start": 15707,
      "stop": 17040,
      "text": "ah\n"
    },
    {
      "start": 17040,
      "stop": 17665,
      "text": "n\n"
    },
    {
      "start": 17665,
      "stop": 17883,
      "text": "dcl\n"
    },
    {
      "start": 17883,
      "stop": 18240,
      "text": "d\n"
    },
    {
      "start": 18240,
      "stop": 19509,
      "text": "axr\n"
    },
    {
      "start": 19509,
      "stop": 20720,
      "text": "y\n"
    },
    {
      "start": 20720,
      "stop": 21880,
      "text": "axr\n"
    },
    {
      "start": 21880,
      "stop": 23060,
      "text": "tcl\n"
    },
    {
      "start": 23060,
      "stop": 23790,
      "text": "t\n"
    },
    {
      "start": 23790,
      "stop": 26109,
      "text": "ah\n"
    },
    {
      "start": 26109,
      "stop": 27864,
      "text": "ng\n"
    },
    {
      "start": 27864,
      "stop": 30000,
      "text": "h#\n"
    }
  ],
  "phonetic_codes": [
    "/k iy1 p/",
    "/dh ax/",
    "/th axr m aa1 m ax t axr/",
    "/ah1 n d axr/",
    "/y uh1 r/"
  ],
  "race": "White",
  "recording_date": "04/01/86",
  "sentence": "Keep the thermometer under your tongue!",
  "sentence_id": "SX225",
  "sentence_time": {
    "start": 0,
    "stop": 30106,
    "text": "Keep the thermometer under your tongue!\n"
  },
  "sex": "M",
  "speaker_id": "HBS0",
  "speech": "SX225HBS0",
  "speech_dataset": "timit",
  "use": "System training speaker",
  "word_times": [
    {
      "start": 0,
      "stop": 2230,
      "text": "h#\n"
    },
    {
      "start": 2230,
      "stop": 3320,
      "text": "k\n"
    },
    {
      "start": 3320,
      "stop": 4135,
      "text": "iy\n"
    },
    {
      "start": 4135,
      "stop": 5036,
      "text": "pcl\n"
    },
    {
      "start": 5036,
      "stop": 5640,
      "text": "th\n"
    },
    {
      "start": 5640,
      "stop": 6440,
      "text": "ih\n"
    },
    {
      "start": 6440,
      "stop": 7970,
      "text": "th\n"
    },
    {
      "start": 7970,
      "stop": 9080,
      "text": "axr\n"
    },
    {
      "start": 9080,
      "stop": 9880,
      "text": "m\n"
    },
    {
      "start": 9880,
      "stop": 12440,
      "text": "aa\n"
    },
    {
      "start": 12440,
      "stop": 13000,
      "text": "m\n"
    },
    {
      "start": 13000,
      "stop": 13400,
      "text": "ix\n"
    },
    {
      "start": 13400,
      "stop": 13800,
      "text": "dx\n"
    },
    {
      "start": 13800,
      "stop": 15707,
      "text": "er\n"
    },
    {
      "start": 15707,
      "stop": 17040,
      "text": "ah\n"
    },
    {
      "start": 17040,
      "stop": 17665,
      "text": "n\n"
    },
    {
      "start": 17665,
      "stop": 17883,
      "text": "dcl\n"
    },
    {
      "start": 17883,
      "stop": 18240,
      "text": "d\n"
    },
    {
      "start": 18240,
      "stop": 19509,
      "text": "axr\n"
    },
    {
      "start": 19509,
      "stop": 20720,
      "text": "y\n"
    },
    {
      "start": 20720,
      "stop": 21880,
      "text": "axr\n"
    },
    {
      "start": 21880,
      "stop": 23060,
      "text": "tcl\n"
    },
    {
      "start": 23060,
      "stop": 23790,
      "text": "t\n"
    },
    {
      "start": 23790,
      "stop": 26109,
      "text": "ah\n"
    },
    {
      "start": 26109,
      "stop": 27864,
      "text": "ng\n"
    },
    {
      "start": 27864,
      "stop": 30000,
      "text": "h#\n"
    }
  ]
}