{
  "algo": "consensus",
  "birth_date": "12/26/49",
  "comments": "HIGH PITCHED/HARSH VOICE QUALITY \n",
  "dialect": "South Midland",
  "education": "High School",
  "height": 1.8034,
  "noise_dataset": null,
  "phoneme_times": [
    {
      "start": 0,
      "stop": 2280,
      "text": "h#\n"
    },
    {
      "start": 2280,
      "stop": 2603,
      "text": "q\n"
    },
    {
      "start": 2603,
      "stop": 3960,
      "text": "ae\n"
    },
    {
      "start": 3960,
      "stop": 4360,
      "text": "nx\n"
    },
    {
      "start": 4360,
      "stop": 6120,
      "text": "ow\n"
    },
    {
      "start": 6120,
      "stop": 7900,
      "text": "f\n"
    },
    {
      "start": 7900,
      "stop": 9710,
      "text": "ih\n"
    },
    {
      "start": 9710,
      "stop": 11230,
      "text": "sh\n"
    },
    {
      "start": 11230,
      "stop": 12800,
      "text": "el\n"
    },
    {
      "start": 12800,
      "stop": 14000,
      "text": "dcl\n"
    },
    {
      "start": 14000,
      "stop": 14215,
      "text": "d\n"
    },
    {
      "start": 14215,
      "stop": 16520,
      "text": "eh\n"
    },
    {
      "start": 16520,
      "stop": 16960,
      "text": "dcl\n"
    },
    {
      "start": 16960,
      "stop": 18266,
      "text": "l\n"
    },
    {
      "start": 18266,
      "stop": 20880,
      "text": "ay\n"
    },
    {
      "start": 20880,
      "stop": 21440,
      "text": "n\n"
    },
    {
      "start": 21440,
      "stop": 22220,
      "text": "kcl\n"
    },
    {
      "start": 22220,
      "stop": 22770,
      "text": "k\n"
    },
    {
      "start": 22770,
      "stop": 23352,
      "text": "ix\n"
    },
    {
      "start": 23352,
      "stop": 24680,
      "text": "n\n"
    },
    {
      "start": 24680,
      "stop": 27320,
      "text": "aa\n"
    },
    {
      "start": 27320,
      "stop": 28520,
      "text": "pcl\n"
    },
    {
      "start": 28520,
      "stop": 28720,
      "text": "b\n"
    },
    {
      "start": 28720,
      "stop": 30440,
      "text": "iy\n"
    },
    {
      "start": 30440,
      "stop": 31800,
      "text": "pcl\n"
    },
    {
      "start": 31800,
      "stop": 32070,
      "text": "p\n"
    },
    {
      "start": 32070,
      "stop": 34280,
      "text": "ow\n"
    },
    {
      "start": 34280,
      "stop": 35880,
      "text": "s\n"
    },
    {
      "start": 35880,
      "stop": 37012,
      "text": "pcl\n"
    },
    {
      "start": 37012,
      "stop": 37179,
      "text": "p\n"
    },
    {
      "start": 37179,
      "stop": 40628,
      "text": "ow\n"
    },
    {
      "start": 40628,
      "stop": 42508,
      "text": "n\n"
    },
    {
      "start": 42508,
      "stop": 58560,
      "text": "h#\n"
    }
  ],
  "phonetic_codes": [
    "/ae n/",
    "/ax f ih1 sh el/",
    "/d eh1 d l ay2 n/",
    "/k ae1 n aa2 t/",
    "/b iy1/"
  ],
  "race": "Spanish-American",
  "recording_date": "03/04/86",
  "sentence": "An official deadline cannot be postponed.",
  "sentence_id": "SX74",
  "sentence_time": {
    "start": 0,
    "stop": 58676,
    "text": "An official deadline cannot be postponed.\n"
  },
  "sex": "M",
  "speaker_id": "JSR0",
  "speech": "SX74JSR0",
  "speech_dataset": "timit",
  "use": "System training speaker",
  "word_times": [
    {
      "start": 0,
      "stop": 2280,
      "text": "h#\n"
    },
    {
      "start": 2280,
      "stop": 2603,
      "text": "q\n"
    },
    {
      "start": 2603,
      "stop": 3960,
      "text": "ae\n"
    },
    {
      "start": 3960,
      "stop": 4360,
      "text": "nx\n"
    },
    {
      "start": 4360,
      "stop": 6120,
      "text": "ow\n"
    },
    {
      "start": 6120,
      "stop": 7900,
      "text": "f\n"
    },
    {
      "start": 7900,
      "stop": 9710,
      "text": "ih\n"
    },
    {
      "start": 9710,
      "stop": 11230,
      "text": "sh\n"
    },
    {
      "start": 11230,
      "stop": 12800,
      "text": "el\n"
    },
    {
      "start": 12800,
      "stop": 14000,
      "text": "dcl\n"
    },
    {
      "start": 14000,
      "stop": 14215,
      "text": "d\n"
    },
    {
      "start": 14215,
      "stop": 16520,
      "text": "eh\n"
    },
    {
      "start": 16520,
      "stop": 16960,
      "text": "dcl\n"
    },
    {
      "start": 16960,
      "stop": 18266,
      "text": "l\n"
    },
    {
      "start": 18266,
      "stop": 20880,
      "text": "ay\n"
    },
    {
      "start": 20880,
      "stop": 21440,
      "text": "n\n"
    },
    {
      "start": 21440,
      "stop": 22220,
      "text": "kcl\n"
    },
    {
      "start": 22220,
      "stop": 22770,
      "text": "k\n"
    },
    {
      "start": 22770,
      "stop": 23352,
      "text": "ix\n"
    },
    {
      "start": 23352,
      "stop": 24680,
      "text": "n\n"
    },
    {
      "start": 24680,
      "stop": 27320,
      "text": "aa\n"
    },
    {
      "start": 27320,
      "stop": 28520,
      "text": "pcl\n"
    },
    {
      "start": 28520,
      "stop": 28720,
      "text": "b\n"
    },
    {
      "start": 28720,
      "stop": 30440,
      "text": "iy\n"
    },
    {
      "start": 30440,
      "stop": 31800,
      "text": "pcl\n"
    },
    {
      "start": 31800,
      "stop": 32070,
      "text": "p\n"
    },
    {
      "start": 32070,
      "stop": 34280,
      "text": "ow\n"
    },
    {
      "start": 34280,
      "stop": 35880,
      "text": "s\n"
    },
    {
      "start": 35880,
      "stop": 37012,
      "text": "pcl\n"
    },
    {
      "start": 37012,
      "stop": 37179,
      "text": "p\n"
    },
    {
      "start": 37179,
      "stop": 40628,
      "text": "ow\n"
    },
    {
      "start": 40628,
      "stop": 42508,
      "text": "n\n"
    },
    {
      "start": 42508,
      "stop": 58560,
      "text": "h#\n"
    }
  ]
}