{
  "algo": "consensus",
  "birth_date": "05/20/54",
  "comments": "",
  "dialect": "New England",
  "education": "Bachelor's Degree (BS or BA)",
  "height": 1.6256,
  "noise_dataset": null,
  "phoneme_times": [
    {
      "start": 0,
      "stop": 2040,
      "text": "h#\n"
    },
    {
      "start": 2040,
      "stop": 2877,
      "text": "q\n"
    },
    {
      "start": 2877,
      "stop": 3634,
      "text": "aa\n"
    },
    {
      "start": 3634,
      "stop": 4093,
      "text": "r\n"
    },
    {
      "start": 4093,
      "stop": 4388,
      "text": "dx\n"
    },
    {
      "start": 4388,
      "stop": 5112,
      "text": "ix\n"
    },
    {
      "start": 5112,
      "stop": 6810,
      "text": "f\n"
    },
    {
      "start": 6810,
      "stop": 7781,
      "text": "ih\n"
    },
    {
      "start": 7781,
      "stop": 9775,
      "text": "sh\n"
    },
    {
      "start": 9775,
      "stop": 11195,
      "text": "el\n"
    },
    {
      "start": 11195,
      "stop": 11840,
      "text": "ix\n"
    },
    {
      "start": 11840,
      "stop": 12556,
      "text": "n\n"
    },
    {
      "start": 12556,
      "stop": 12934,
      "text": "tcl\n"
    },
    {
      "start": 12934,
      "stop": 14054,
      "text": "t\n"
    },
    {
      "start": 14054,
      "stop": 15206,
      "text": "eh\n"
    },
    {
      "start": 15206,
      "stop": 16334,
      "text": "l\n"
    },
    {
      "start": 16334,
      "stop": 16960,
      "text": "ix\n"
    },
    {
      "start": 16960,
      "stop": 17540,
      "text": "dcl\n"
    },
    {
      "start": 17540,
      "stop": 18422,
      "text": "jh\n"
    },
    {
      "start": 18422,
      "stop": 19267,
      "text": "ix\n"
    },
    {
      "start": 19267,
      "stop": 20410,
      "text": "n\n"
    },
    {
      "start": 20410,
      "stop": 22352,
      "text": "s\n"
    },
    {
      "start": 22352,
      "stop": 23120,
      "text": "ix\n"
    },
    {
      "start": 23120,
      "stop": 24856,
      "text": "z\n"
    },
    {
      "start": 24856,
      "stop": 26220,
      "text": "f\n"
    },
    {
      "start": 26220,
      "stop": 27272,
      "text": "axr\n"
    },
    {
      "start": 27272,
      "stop": 29117,
      "text": "r\n"
    },
    {
      "start": 29117,
      "stop": 31289,
      "text": "iy\n"
    },
    {
      "start": 31289,
      "stop": 33253,
      "text": "l\n"
    },
    {
      "start": 33253,
      "stop": 46560,
      "text": "h#\n"
    }
  ],
  "phonetic_codes": [
    "/aa2 r t ix f ih1 sh el/",
    "/ih n t eh1 l ix jh ix n s/",
    "/ih1 z/",
    "/f ao1 r/"
  ],
  "race": "White",
  "recording_date": "02/26/86",
  "sentence": "Artificial intelligence is for real.",
  "sentence_id": "SX126",
  "sentence_time": {
    "start": 0,
    "stop": 46592,
    "text": "Artificial intelligence is for real.\n"
  },
  "sex": "F",
  "speaker_id": "ELC0",
  "speech": "SX126ELC0",
  "speech_dataset": "timit",
  "use": "System test speaker",
  "word_times": [
    {
      "start": 0,
      "stop": 2040,
      "text": "h#\n"
    },
    {
      "start": 2040,
      "stop": 2877,
      "text": "q\n"
    },
    {
      "start": 2877,
      "stop": 3634,
      "text": "aa\n"
    },
    {
      "start": 3634,
      "stop": 4093,
      "text": "r\n"
    },
    {
      "start": 4093,
      "stop": 4388,
      "text": "dx\n"
    },
    {
      "start": 4388,
      "stop": 5112,
      "text": "ix\n"
    },
    {
      "start": 5112,
      "stop": 6810,
      "text": "f\n"
    },
    {
      "start": 6810,
      "stop": 7781,
      "text": "ih\n"
    },
    {
      "start": 7781,
      "stop": 9775,
      "text": "sh\n"
    },
    {
      "start": 9775,
      "stop": 11195,
      "text": "el\n"
    },
    {
      "start": 11195,
      "stop": 11840,
      "text": "ix\n"
    },
    {
      "start": 11840,
      "stop": 12556,
      "text": "n\n"
    },
    {
      "start": 12556,
      "stop": 12934,
      "text": "tcl\n"
    },
    {
      "start": 12934,
      "stop": 14054,
      "text": "t\n"
    },
    {
      "start": 14054,
      "stop": 15206,
      "text": "eh\n"
    },
    {
      "start": 15206,
      "stop": 16334,
      "text": "l\n"
    },
    {
      "start": 16334,
      "stop": 16960,
      "text": "ix\n"
    },
    {
      "start": 16960,
      "stop": 17540,
      "text": "dcl\n"
    },
    {
      "start": 17540,
      "stop": 18422,
      "text": "jh\n"
    },
    {
      "start": 18422,
      "stop": 19267,
      "text": "ix\n"
    },
    {
      "start": 19267,
      "stop": 20410,
      "text": "n\n"
    },
    {
      "start": 20410,
      "stop": 22352,
      "text": "s\n"
    },
    {
      "start": 22352,
      "stop": 23120,
      "text": "ix\n"
    },
    {
      "start": 23120,
      "stop": 24856,
      "text": "z\n"
    },
    {
      "start": 24856,
      "stop": 26220,
      "text": "f\n"
    },
    {
      "start": 26220,
      "stop": 27272,
      "text": "axr\n"
    },
    {
      "start": 27272,
      "stop": 29117,
      "text": "r\n"
    },
    {
      "start": 29117,
      "stop": 31289,
      "text": "iy\n"
    },
    {
      "start": 31289,
      "stop": 33253,
      "text": "l\n"
    },
    {
      "start": 33253,
      "stop": 46560,
      "text": "h#\n"
    }
  ]
}