{
  "algo": "consensus",
  "birth_date": "12/08/58",
  "comments": "",
  "dialect": "South Midland",
  "education": "High School",
  "height": 1.9050000000000002,
  "noise_dataset": null,
  "phoneme_times": [
    {
      "start": 0,
      "stop": 2120,
      "text": "h#\n"
    },
    {
      "start": 2120,
      "stop": 4600,
      "text": "sh\n"
    },
    {
      "start": 4600,
      "stop": 6558,
      "text": "iy\n"
    },
    {
      "start": 6558,
      "stop": 8280,
      "text": "ae\n"
    },
    {
      "start": 8280,
      "stop": 8760,
      "text": "dcl\n"
    },
    {
      "start": 8760,
      "stop": 9148,
      "text": "d\n"
    },
    {
      "start": 9148,
      "stop": 9733,
      "text": "y\n"
    },
    {
      "start": 9733,
      "stop": 10920,
      "text": "axr\n"
    },
    {
      "start": 10920,
      "stop": 11800,
      "text": "dcl\n"
    },
    {
      "start": 11800,
      "stop": 12120,
      "text": "d\n"
    },
    {
      "start": 12120,
      "stop": 14200,
      "text": "aa\n"
    },
    {
      "start": 14200,
      "stop": 15240,
      "text": "r\n"
    },
    {
      "start": 15240,
      "stop": 16200,
      "text": "kcl\n"
    },
    {
      "start": 16200,
      "stop": 16560,
      "text": "k\n"
    },
    {
      "start": 16560,
      "stop": 18600,
      "text": "s\n"
    },
    {
      "start": 18600,
      "stop": 20553,
      "text": "ux\n"
    },
    {
      "start": 20553,
      "stop": 21263,
      "text": "dx\n"
    },
    {
      "start": 21263,
      "stop": 22224,
      "text": "ix\n"
    },
    {
      "start": 22224,
      "stop": 23009,
      "text": "n\n"
    },
    {
      "start": 23009,
      "stop": 23644,
      "text": "gcl\n"
    },
    {
      "start": 23644,
      "stop": 24146,
      "text": "g\n"
    },
    {
      "start": 24146,
      "stop": 25274,
      "text": "r\n"
    },
    {
      "start": 25274,
      "stop": 26920,
      "text": "iy\n"
    },
    {
      "start": 26920,
      "stop": 28440,
      "text": "z\n"
    },
    {
      "start": 28440,
      "stop": 29000,
      "text": "iy\n"
    },
    {
      "start": 29000,
      "stop": 30280,
      "text": "w\n"
    },
    {
      "start": 30280,
      "stop": 32920,
      "text": "ao\n"
    },
    {
      "start": 32920,
      "stop": 34271,
      "text": "sh\n"
    },
    {
      "start": 34271,
      "stop": 35160,
      "text": "epi\n"
    },
    {
      "start": 35160,
      "stop": 36122,
      "text": "w\n"
    },
    {
      "start": 36122,
      "stop": 37848,
      "text": "aa\n"
    },
    {
      "start": 37848,
      "stop": 38433,
      "text": "dx\n"
    },
    {
      "start": 38433,
      "stop": 40647,
      "text": "axr\n"
    },
    {
      "start": 40647,
      "stop": 42694,
      "text": "ao\n"
    },
    {
      "start": 42694,
      "stop": 43697,
      "text": "l\n"
    },
    {
      "start": 43697,
      "stop": 45368,
      "text": "y\n"
    },
    {
      "start": 45368,
      "stop": 47039,
      "text": "ih\n"
    },
    {
      "start": 47039,
      "stop": 48440,
      "text": "r\n"
    },
    {
      "start": 48440,
      "stop": 50560,
      "text": "h#\n"
    }
  ],
  "phonetic_codes": [
    "/sh iy1/",
    "/hh ae1 d/",
    "/y uh1 r/",
    "/d aa1 r k/",
    "/s uw1 t/",
    "/ih1 n/",
    "/g r iy1 s iy/",
    "/w ao1 sh/",
    "/w ao1 t axr/",
    "/ao1 l/"
  ],
  "race": "White",
  "recording_date": "02/18/86",
  "sentence": "She had your dark suit in greasy wash water all year.",
  "sentence_id": "SA1",
  "sentence_time": {
    "start": 0,
    "stop": 50586,
    "text": "She had your dark suit in greasy wash water all year.\n"
  },
  "sex": "M",
  "speaker_id": "MDM0",
  "speech": "SA1MDM0",
  "speech_dataset": "timit",
  "use": "System training speaker",
  "word_times": [
    {
      "start": 0,
      "stop": 2120,
      "text": "h#\n"
    },
    {
      "start": 2120,
      "stop": 4600,
      "text": "sh\n"
    },
    {
      "start": 4600,
      "stop": 6558,
      "text": "iy\n"
    },
    {
      "start": 6558,
      "stop": 8280,
      "text": "ae\n"
    },
    {
      "start": 8280,
      "stop": 8760,
      "text": "dcl\n"
    },
    {
      "start": 8760,
      "stop": 9148,
      "text": "d\n"
    },
    {
      "start": 9148,
      "stop": 9733,
      "text": "y\n"
    },
    {
      "start": 9733,
      "stop": 10920,
      "text": "axr\n"
    },
    {
      "start": 10920,
      "stop": 11800,
      "text": "dcl\n"
    },
    {
      "start": 11800,
      "stop": 12120,
      "text": "d\n"
    },
    {
      "start": 12120,
      "stop": 14200,
      "text": "aa\n"
    },
    {
      "start": 14200,
      "stop": 15240,
      "text": "r\n"
    },
    {
      "start": 15240,
      "stop": 16200,
      "text": "kcl\n"
    },
    {
      "start": 16200,
      "stop": 16560,
      "text": "k\n"
    },
    {
      "start": 16560,
      "stop": 18600,
      "text": "s\n"
    },
    {
      "start": 18600,
      "stop": 20553,
      "text": "ux\n"
    },
    {
      "start": 20553,
      "stop": 21263,
      "text": "dx\n"
    },
    {
      "start": 21263,
      "stop": 22224,
      "text": "ix\n"
    },
    {
      "start": 22224,
      "stop": 23009,
      "text": "n\n"
    },
    {
      "start": 23009,
      "stop": 23644,
      "text": "gcl\n"
    },
    {
      "start": 23644,
      "stop": 24146,
      "text": "g\n"
    },
    {
      "start": 24146,
      "stop": 25274,
      "text": "r\n"
    },
    {
      "start": 25274,
      "stop": 26920,
      "text": "iy\n"
    },
    {
      "start": 26920,
      "stop": 28440,
      "text": "z\n"
    },
    {
      "start": 28440,
      "stop": 29000,
      "text": "iy\n"
    },
    {
      "start": 29000,
      "stop": 30280,
      "text": "w\n"
    },
    {
      "start": 30280,
      "stop": 32920,
      "text": "ao\n"
    },
    {
      "start": 32920,
      "stop": 34271,
      "text": "sh\n"
    },
    {
      "start": 34271,
      "stop": 35160,
      "text": "epi\n"
    },
    {
      "start": 35160,
      "stop": 36122,
      "text": "w\n"
    },
    {
      "start": 36122,
      "stop": 37848,
      "text": "aa\n"
    },
    {
      "start": 37848,
      "stop": 38433,
      "text": "dx\n"
    },
    {
      "start": 38433,
      "stop": 40647,
      "text": "axr\n"
    },
    {
      "start": 40647,
      "stop": 42694,
      "text": "ao\n"
    },
    {
      "start": 42694,
      "stop": 43697,
      "text": "l\n"
    },
    {
      "start": 43697,
      "stop": 45368,
      "text": "y\n"
    },
    {
      "start": 45368,
      "stop": 47039,
      "text": "ih\n"
    },
    {
      "start": 47039,
      "stop": 48440,
      "text": "r\n"
    },
    {
      "start": 48440,
      "stop": 50560,
      "text": "h#\n"
    }
  ]
}