{
  "algo": "consensus",
  "birth_date": "12/11/53",
  "comments": "",
  "dialect": "North Midland",
  "education": "Bachelor's Degree (BS or BA)",
  "height": 1.8542000000000003,
  "noise_dataset": null,
  "phoneme_times": [
    {
      "start": 0,
      "stop": 2140,
      "text": "h#\n"
    },
    {
      "start": 2140,
      "stop": 2310,
      "text": "b\n"
    },
    {
      "start": 2310,
      "stop": 4386,
      "text": "ey\n"
    },
    {
      "start": 4386,
      "stop": 4892,
      "text": "gcl\n"
    },
    {
      "start": 4892,
      "stop": 5360,
      "text": "g\n"
    },
    {
      "start": 5360,
      "stop": 6060,
      "text": "dh\n"
    },
    {
      "start": 6060,
      "stop": 7975,
      "text": "eh\n"
    },
    {
      "start": 7975,
      "stop": 9110,
      "text": "tcl\n"
    },
    {
      "start": 9110,
      "stop": 9700,
      "text": "g\n"
    },
    {
      "start": 9700,
      "stop": 11400,
      "text": "aa\n"
    },
    {
      "start": 11400,
      "stop": 12360,
      "text": "r\n"
    },
    {
      "start": 12360,
      "stop": 12760,
      "text": "dcl\n"
    },
    {
      "start": 12760,
      "stop": 14825,
      "text": "f\n"
    },
    {
      "start": 14825,
      "stop": 15800,
      "text": "axr\n"
    },
    {
      "start": 15800,
      "stop": 17240,
      "text": "w\n"
    },
    {
      "start": 17240,
      "stop": 18297,
      "text": "ah\n"
    },
    {
      "start": 18297,
      "stop": 19520,
      "text": "n\n"
    },
    {
      "start": 19520,
      "stop": 20370,
      "text": "gcl\n"
    },
    {
      "start": 20370,
      "stop": 20935,
      "text": "g\n"
    },
    {
      "start": 20935,
      "stop": 22394,
      "text": "eh\n"
    },
    {
      "start": 22394,
      "stop": 23911,
      "text": "l\n"
    },
    {
      "start": 23911,
      "stop": 24559,
      "text": "ax\n"
    },
    {
      "start": 24559,
      "stop": 25495,
      "text": "n\n"
    },
    {
      "start": 25495,
      "stop": 26120,
      "text": "ix\n"
    },
    {
      "start": 26120,
      "stop": 27080,
      "text": "v\n"
    },
    {
      "start": 27080,
      "stop": 27750,
      "text": "gcl\n"
    },
    {
      "start": 27750,
      "stop": 28380,
      "text": "g\n"
    },
    {
      "start": 28380,
      "stop": 31817,
      "text": "ae\n"
    },
    {
      "start": 31817,
      "stop": 35090,
      "text": "s\n"
    },
    {
      "start": 35090,
      "stop": 38240,
      "text": "h#\n"
    }
  ],
  "phonetic_codes": [
    "/b eh1 g/",
    "/dh ae1 t/",
    "/g aa1 r d/",
    "/f ao1 r/",
    "/w ah1 n/",
    "/g ae1 l ix n/",
    "/ax v/"
  ],
  "race": "White",
  "recording_date": "04/17/86",
  "sentence": "Beg that guard for one gallon of gas.",
  "sentence_id": "SX28",
  "sentence_time": {
    "start": 0,
    "stop": 38298,
    "text": "Beg that guard for one gallon of gas.\n"
  },
  "sex": "M",
  "speaker_id": "MJR0",
  "speech": "SX28MJR0",
  "speech_dataset": "timit",
  "use": "System test speaker",
  "word_times": [
    {
      "start": 0,
      "stop": 2140,
      "text": "h#\n"
    },
    {
      "start": 2140,
      "stop": 2310,
      "text": "b\n"
    },
    {
      "start": 2310,
      "stop": 4386,
      "text": "ey\n"
    },
    {
      "start": 4386,
      "stop": 4892,
      "text": "gcl\n"
    },
    {
      "start": 4892,
      "stop": 5360,
      "text": "g\n"
    },
    {
      "start": 5360,
      "stop": 6060,
      "text": "dh\n"
    },
    {
      "start": 6060,
      "stop": 7975,
      "text": "eh\n"
    },
    {
      "start": 7975,
      "stop": 9110,
      "text": "tcl\n"
    },
    {
      "start": 9110,
      "stop": 9700,
      "text": "g\n"
    },
    {
      "start": 9700,
      "stop": 11400,
      "text": "aa\n"
    },
    {
      "start": 11400,
      "stop": 12360,
      "text": "r\n"
    },
    {
      "start": 12360,
      "stop": 12760,
      "text": "dcl\n"
    },
    {
      "start": 12760,
      "stop": 14825,
      "text": "f\n"
    },
    {
      "start": 14825,
      "stop": 15800,
      "text": "axr\n"
    },
    {
      "start": 15800,
      "stop": 17240,
      "text": "w\n"
    },
    {
      "start": 17240,
      "stop": 18297,
      "text": "ah\n"
    },
    {
      "start": 18297,
      "stop": 19520,
      "text": "n\n"
    },
    {
      "start": 19520,
      "stop": 20370,
      "text": "gcl\n"
    },
    {
      "start": 20370,
      "stop": 20935,
      "text": "g\n"
    },
    {
      "start": 20935,
      "stop": 22394,
      "text": "eh\n"
    },
    {
      "start": 22394,
      "stop": 23911,
      "text": "l\n"
    },
    {
      "start": 23911,
      "stop": 24559,
      "text": "ax\n"
    },
    {
      "start": 24559,
      "stop": 25495,
      "text": "n\n"
    },
    {
      "start": 25495,
      "stop": 26120,
      "text": "ix\n"
    },
    {
      "start": 26120,
      "stop": 27080,
      "text": "v\n"
    },
    {
      "start": 27080,
      "stop": 27750,
      "text": "gcl\n"
    },
    {
      "start": 27750,
      "stop": 28380,
      "text": "g\n"
    },
    {
      "start": 28380,
      "stop": 31817,
      "text": "ae\n"
    },
    {
      "start": 31817,
      "stop": 35090,
      "text": "s\n"
    },
    {
      "start": 35090,
      "stop": 38240,
      "text": "h#\n"
    }
  ]
}