{
  "algo": "consensus",
  "birth_date": "10/10/40",
  "comments": "",
  "dialect": "South Midland",
  "education": "Bachelor's Degree (BS or BA)",
  "height": 1.7272,
  "noise_dataset": null,
  "phoneme_times": [
    {
      "start": 0,
      "stop": 2076,
      "text": "h#\n"
    },
    {
      "start": 2076,
      "stop": 2386,
      "text": "dh\n"
    },
    {
      "start": 2386,
      "stop": 3160,
      "text": "ix\n"
    },
    {
      "start": 3160,
      "stop": 5030,
      "text": "f\n"
    },
    {
      "start": 5030,
      "stop": 6486,
      "text": "ih\n"
    },
    {
      "start": 6486,
      "stop": 7412,
      "text": "f\n"
    },
    {
      "start": 7412,
      "stop": 8520,
      "text": "dcl\n"
    },
    {
      "start": 8520,
      "stop": 9315,
      "text": "jh\n"
    },
    {
      "start": 9315,
      "stop": 10109,
      "text": "y\n"
    },
    {
      "start": 10109,
      "stop": 11960,
      "text": "aa\n"
    },
    {
      "start": 11960,
      "stop": 13240,
      "text": "r\n"
    },
    {
      "start": 13240,
      "stop": 14167,
      "text": "kcl\n"
    },
    {
      "start": 14167,
      "stop": 14597,
      "text": "k\n"
    },
    {
      "start": 14597,
      "stop": 15120,
      "text": "ix\n"
    },
    {
      "start": 15120,
      "stop": 16091,
      "text": "n\n"
    },
    {
      "start": 16091,
      "stop": 16770,
      "text": "tcl\n"
    },
    {
      "start": 16770,
      "stop": 17530,
      "text": "t\n"
    },
    {
      "start": 17530,
      "stop": 19920,
      "text": "ey\n"
    },
    {
      "start": 19920,
      "stop": 20755,
      "text": "n\n"
    },
    {
      "start": 20755,
      "stop": 21620,
      "text": "z\n"
    },
    {
      "start": 21620,
      "stop": 23730,
      "text": "bcl\n"
    },
    {
      "start": 23730,
      "stop": 23959,
      "text": "b\n"
    },
    {
      "start": 23959,
      "stop": 27240,
      "text": "ih\n"
    },
    {
      "start": 27240,
      "stop": 28510,
      "text": "gcl\n"
    },
    {
      "start": 28510,
      "stop": 28760,
      "text": "g\n"
    },
    {
      "start": 28760,
      "stop": 31970,
      "text": "pau\n"
    },
    {
      "start": 31970,
      "stop": 32890,
      "text": "jh\n"
    },
    {
      "start": 32890,
      "stop": 34860,
      "text": "ux\n"
    },
    {
      "start": 34860,
      "stop": 36210,
      "text": "s\n"
    },
    {
      "start": 36210,
      "stop": 37560,
      "text": "iy\n"
    },
    {
      "start": 37560,
      "stop": 38960,
      "text": "pcl\n"
    },
    {
      "start": 38960,
      "stop": 39740,
      "text": "p\n"
    },
    {
      "start": 39740,
      "stop": 41237,
      "text": "iy\n"
    },
    {
      "start": 41237,
      "stop": 41890,
      "text": "tcl\n"
    },
    {
      "start": 41890,
      "stop": 42880,
      "text": "ch\n"
    },
    {
      "start": 42880,
      "stop": 44370,
      "text": "ix\n"
    },
    {
      "start": 44370,
      "stop": 47890,
      "text": "s\n"
    },
    {
      "start": 47890,
      "stop": 52080,
      "text": "h#\n"
    }
  ],
  "phonetic_codes": [
    "/dh ax/",
    "/f ih1 f th/",
    "/jh aa1 r/",
    "/k ax n t ey1 n z/",
    "/jh uw1 s iy/"
  ],
  "race": "White",
  "recording_date": "02/20/86",
  "sentence": "The fifth jar contains big, juicy peaches.",
  "sentence_id": "SX431",
  "sentence_time": {
    "start": 0,
    "stop": 52122,
    "text": "The fifth jar contains big, juicy peaches.\n"
  },
  "sex": "M",
  "speaker_id": "JAC0",
  "speech": "SX431JAC0",
  "speech_dataset": "timit",
  "use": "System training speaker",
  "word_times": [
    {
      "start": 0,
      "stop": 2076,
      "text": "h#\n"
    },
    {
      "start": 2076,
      "stop": 2386,
      "text": "dh\n"
    },
    {
      "start": 2386,
      "stop": 3160,
      "text": "ix\n"
    },
    {
      "start": 3160,
      "stop": 5030,
      "text": "f\n"
    },
    {
      "start": 5030,
      "stop": 6486,
      "text": "ih\n"
    },
    {
      "start": 6486,
      "stop": 7412,
      "text": "f\n"
    },
    {
      "start": 7412,
      "stop": 8520,
      "text": "dcl\n"
    },
    {
      "start": 8520,
      "stop": 9315,
      "text": "jh\n"
    },
    {
      "start": 9315,
      "stop": 10109,
      "text": "y\n"
    },
    {
      "start": 10109,
      "stop": 11960,
      "text": "aa\n"
    },
    {
      "start": 11960,
      "stop": 13240,
      "text": "r\n"
    },
    {
      "start": 13240,
      "stop": 14167,
      "text": "kcl\n"
    },
    {
      "start": 14167,
      "stop": 14597,
      "text": "k\n"
    },
    {
      "start": 14597,
      "stop": 15120,
      "text": "ix\n"
    },
    {
      "start": 15120,
      "stop": 16091,
      "text": "n\n"
    },
    {
      "start": 16091,
      "stop": 16770,
      "text": "tcl\n"
    },
    {
      "start": 16770,
      "stop": 17530,
      "text": "t\n"
    },
    {
      "start": 17530,
      "stop": 19920,
      "text": "ey\n"
    },
    {
      "start": 19920,
      "stop": 20755,
      "text": "n\n"
    },
    {
      "start": 20755,
      "stop": 21620,
      "text": "z\n"
    },
    {
      "start": 21620,
      "stop": 23730,
      "text": "bcl\n"
    },
    {
      "start": 23730,
      "stop": 23959,
      "text": "b\n"
    },
    {
      "start": 23959,
      "stop": 27240,
      "text": "ih\n"
    },
    {
      "start": 27240,
      "stop": 28510,
      "text": "gcl\n"
    },
    {
      "start": 28510,
      "stop": 28760,
      "text": "g\n"
    },
    {
      "start": 28760,
      "stop": 31970,
      "text": "pau\n"
    },
    {
      "start": 31970,
      "stop": 32890,
      "text": "jh\n"
    },
    {
      "start": 32890,
      "stop": 34860,
      "text": "ux\n"
    },
    {
      "start": 34860,
      "stop": 36210,
      "text": "s\n"
    },
    {
      "start": 36210,
      "stop": 37560,
      "text": "iy\n"
    },
    {
      "start": 37560,
      "stop": 38960,
      "text": "pcl\n"
    },
    {
      "start": 38960,
      "stop": 39740,
      "text": "p\n"
    },
    {
      "start": 39740,
      "stop": 41237,
      "text": "iy\n"
    },
    {
      "start": 41237,
      "stop": 41890,
      "text": "tcl\n"
    },
    {
      "start": 41890,
      "stop": 42880,
      "text": "ch\n"
    },
    {
      "start": 42880,
      "stop": 44370,
      "text": "ix\n"
    },
    {
      "start": 44370,
      "stop": 47890,
      "text": "s\n"
    },
    {
      "start": 47890,
      "stop": 52080,
      "text": "h#\n"
    }
  ]
}