{
  "algo": "consensus",
  "birth_date": "12/25/58",
  "comments": "",
  "dialect": "Army Brat (moved around)",
  "education": "Bachelor's Degree (BS or BA)",
  "height": 1.8288000000000002,
  "noise_dataset": null,
  "phoneme_times": [
    {
      "start": 0,
      "stop": 2040,
      "text": "h#\n"
    },
    {
      "start": 2040,
      "stop": 2600,
      "text": "dh\n"
    },
    {
      "start": 2600,
      "stop": 3634,
      "text": "iy\n"
    },
    {
      "start": 3634,
      "stop": 5240,
      "text": "eh\n"
    },
    {
      "start": 5240,
      "stop": 5960,
      "text": "m\n"
    },
    {
      "start": 5960,
      "stop": 6520,
      "text": "bcl\n"
    },
    {
      "start": 6520,
      "stop": 6680,
      "text": "b\n"
    },
    {
      "start": 6680,
      "stop": 7310,
      "text": "l\n"
    },
    {
      "start": 7310,
      "stop": 8522,
      "text": "ah\n"
    },
    {
      "start": 8522,
      "stop": 9608,
      "text": "m\n"
    },
    {
      "start": 9608,
      "stop": 10600,
      "text": "dcl\n"
    },
    {
      "start": 10600,
      "stop": 10840,
      "text": "d\n"
    },
    {
      "start": 10840,
      "stop": 11800,
      "text": "ih\n"
    },
    {
      "start": 11800,
      "stop": 13090,
      "text": "pcl\n"
    },
    {
      "start": 13090,
      "stop": 14100,
      "text": "p\n"
    },
    {
      "start": 14100,
      "stop": 15240,
      "text": "ih\n"
    },
    {
      "start": 15240,
      "stop": 16420,
      "text": "kcl\n"
    },
    {
      "start": 16420,
      "stop": 19010,
      "text": "s\n"
    },
    {
      "start": 19010,
      "stop": 20219,
      "text": "iy\n"
    },
    {
      "start": 20219,
      "stop": 20680,
      "text": "ix\n"
    },
    {
      "start": 20680,
      "stop": 21900,
      "text": "kcl\n"
    },
    {
      "start": 21900,
      "stop": 22880,
      "text": "k\n"
    },
    {
      "start": 22880,
      "stop": 23613,
      "text": "r\n"
    },
    {
      "start": 23613,
      "stop": 25080,
      "text": "aa\n"
    },
    {
      "start": 25080,
      "stop": 25920,
      "text": "pcl\n"
    },
    {
      "start": 25920,
      "stop": 26320,
      "text": "p\n"
    },
    {
      "start": 26320,
      "stop": 27560,
      "text": "el\n"
    },
    {
      "start": 27560,
      "stop": 29180,
      "text": "ih\n"
    },
    {
      "start": 29180,
      "stop": 31800,
      "text": "s\n"
    },
    {
      "start": 31800,
      "stop": 33566,
      "text": "pau\n"
    },
    {
      "start": 33566,
      "stop": 35718,
      "text": "ao\n"
    },
    {
      "start": 35718,
      "stop": 36595,
      "text": "l\n"
    },
    {
      "start": 36595,
      "stop": 37440,
      "text": "ax\n"
    },
    {
      "start": 37440,
      "stop": 38570,
      "text": "gcl\n"
    },
    {
      "start": 38570,
      "stop": 38850,
      "text": "g\n"
    },
    {
      "start": 38850,
      "stop": 39680,
      "text": "l\n"
    },
    {
      "start": 39680,
      "stop": 42187,
      "text": "ow\n"
    },
    {
      "start": 42187,
      "stop": 46640,
      "text": "h#\n"
    }
  ],
  "phonetic_codes": [
    "/dh ax/",
    "/eh1 m b l ax m/",
    "/d ih p ih1 k t s/",
    "/dh ax/",
    "/ax k r aa1 p el ax s/",
    "/ao1 l/"
  ],
  "race": "White",
  "recording_date": "03/11/86",
  "sentence": "The emblem depicts the Acropolis all aglow.",
  "sentence_id": "SX115",
  "sentence_time": {
    "start": 0,
    "stop": 46695,
    "text": "The emblem depicts the Acropolis all aglow.\n"
  },
  "sex": "M",
  "speaker_id": "AJC0",
  "speech": "SX115AJC0",
  "speech_dataset": "timit",
  "use": "System test speaker",
  "word_times": [
    {
      "start": 0,
      "stop": 2040,
      "text": "h#\n"
    },
    {
      "start": 2040,
      "stop": 2600,
      "text": "dh\n"
    },
    {
      "start": 2600,
      "stop": 3634,
      "text": "iy\n"
    },
    {
      "start": 3634,
      "stop": 5240,
      "text": "eh\n"
    },
    {
      "start": 5240,
      "stop": 5960,
      "text": "m\n"
    },
    {
      "start": 5960,
      "stop": 6520,
      "text": "bcl\n"
    },
    {
      "start": 6520,
      "stop": 6680,
      "text": "b\n"
    },
    {
      "start": 6680,
      "stop": 7310,
      "text": "l\n"
    },
    {
      "start": 7310,
      "stop": 8522,
      "text": "ah\n"
    },
    {
      "start": 8522,
      "stop": 9608,
      "text": "m\n"
    },
    {
      "start": 9608,
      "stop": 10600,
      "text": "dcl\n"
    },
    {
      "start": 10600,
      "stop": 10840,
      "text": "d\n"
    },
    {
      "start": 10840,
      "stop": 11800,
      "text": "ih\n"
    },
    {
      "start": 11800,
      "stop": 13090,
      "text": "pcl\n"
    },
    {
      "start": 13090,
      "stop": 14100,
      "text": "p\n"
    },
    {
      "start": 14100,
      "stop": 15240,
      "text": "ih\n"
    },
    {
      "start": 15240,
      "stop": 16420,
      "text": "kcl\n"
    },
    {
      "start": 16420,
      "stop": 19010,
      "text": "s\n"
    },
    {
      "start": 19010,
      "stop": 20219,
      "text": "iy\n"
    },
    {
      "start": 20219,
      "stop": 20680,
      "text": "ix\n"
    },
    {
      "start": 20680,
      "stop": 21900,
      "text": "kcl\n"
    },
    {
      "start": 21900,
      "stop": 22880,
      "text": "k\n"
    },
    {
      "start": 22880,
      "stop": 23613,
      "text": "r\n"
    },
    {
      "start": 23613,
      "stop": 25080,
      "text": "aa\n"
    },
    {
      "start": 25080,
      "stop": 25920,
      "text": "pcl\n"
    },
    {
      "start": 25920,
      "stop": 26320,
      "text": "p\n"
    },
    {
      "start": 26320,
      "stop": 27560,
      "text": "el\n"
    },
    {
      "start": 27560,
      "stop": 29180,
      "text": "ih\n"
    },
    {
      "start": 29180,
      "stop": 31800,
      "text": "s\n"
    },
    {
      "start": 31800,
      "stop": 33566,
      "text": "pau\n"
    },
    {
      "start": 33566,
      "stop": 35718,
      "text": "ao\n"
    },
    {
      "start": 35718,
      "stop": 36595,
      "text": "l\n"
    },
    {
      "start": 36595,
      "stop": 37440,
      "text": "ax\n"
    },
    {
      "start": 37440,
      "stop": 38570,
      "text": "gcl\n"
    },
    {
      "start": 38570,
      "stop": 38850,
      "text": "g\n"
    },
    {
      "start": 38850,
      "stop": 39680,
      "text": "l\n"
    },
    {
      "start": 39680,
      "stop": 42187,
      "text": "ow\n"
    },
    {
      "start": 42187,
      "stop": 46640,
      "text": "h#\n"
    }
  ]
}