{
  "algo": "consensus",
  "birth_date": "03/29/58",
  "comments": "",
  "dialect": "Northern",
  "education": "Master's Degree (MS or MA)",
  "height": 1.7018,
  "noise_dataset": null,
  "phoneme_times": [
    {
      "start": 0,
      "stop": 2084,
      "text": "h#\n"
    },
    {
      "start": 2084,
      "stop": 2730,
      "text": "b\n"
    },
    {
      "start": 2730,
      "stop": 4168,
      "text": "ah\n"
    },
    {
      "start": 4168,
      "stop": 4713,
      "text": "tcl\n"
    },
    {
      "start": 4713,
      "stop": 6080,
      "text": "n\n"
    },
    {
      "start": 6080,
      "stop": 10280,
      "text": "aw\n"
    },
    {
      "start": 10280,
      "stop": 12210,
      "text": "sh\n"
    },
    {
      "start": 12210,
      "stop": 12965,
      "text": "ix\n"
    },
    {
      "start": 12965,
      "stop": 15248,
      "text": "s\n"
    },
    {
      "start": 15248,
      "stop": 17691,
      "text": "ey\n"
    },
    {
      "start": 17691,
      "stop": 18191,
      "text": "ng\n"
    },
    {
      "start": 18191,
      "stop": 19087,
      "text": "kcl\n"
    },
    {
      "start": 19087,
      "stop": 20030,
      "text": "k\n"
    },
    {
      "start": 20030,
      "stop": 20971,
      "text": "l\n"
    },
    {
      "start": 20971,
      "stop": 23317,
      "text": "ow\n"
    },
    {
      "start": 23317,
      "stop": 24680,
      "text": "er\n"
    },
    {
      "start": 24680,
      "stop": 25530,
      "text": "tcl\n"
    },
    {
      "start": 25530,
      "stop": 26369,
      "text": "t\n"
    },
    {
      "start": 26369,
      "stop": 26957,
      "text": "ax-h\n"
    },
    {
      "start": 26957,
      "stop": 27567,
      "text": "dh\n"
    },
    {
      "start": 27567,
      "stop": 28323,
      "text": "ih\n"
    },
    {
      "start": 28323,
      "stop": 29953,
      "text": "r\n"
    },
    {
      "start": 29953,
      "stop": 31987,
      "text": "aa\n"
    },
    {
      "start": 31987,
      "stop": 33670,
      "text": "kcl\n"
    },
    {
      "start": 33670,
      "stop": 33937,
      "text": "k\n"
    },
    {
      "start": 33937,
      "stop": 36480,
      "text": "h#\n"
    }
  ],
  "phonetic_codes": [
    "/b ah1 t/",
    "/n aw1/",
    "/sh iy1/",
    "/s ae1 ng k/",
    "/l ow1 axr/",
    "/t uw1/",
    "/dh ax/"
  ],
  "race": "White",
  "recording_date": "04/18/86",
  "sentence": "But now she sank lower to the rock.",
  "sentence_id": "SI1028",
  "sentence_time": {
    "start": 0,
    "stop": 36557,
    "text": "But now she sank lower to the rock.\n"
  },
  "sex": "M",
  "speaker_id": "JMD0",
  "speech": "SI1028JMD0",
  "speech_dataset": "timit",
  "use": "System training speaker",
  "word_times": [
    {
      "start": 0,
      "stop": 2084,
      "text": "h#\n"
    },
    {
      "start": 2084,
      "stop": 2730,
      "text": "b\n"
    },
    {
      "start": 2730,
      "stop": 4168,
      "text": "ah\n"
    },
    {
      "start": 4168,
      "stop": 4713,
      "text": "tcl\n"
    },
    {
      "start": 4713,
      "stop": 6080,
      "text": "n\n"
    },
    {
      "start": 6080,
      "stop": 10280,
      "text": "aw\n"
    },
    {
      "start": 10280,
      "stop": 12210,
      "text": "sh\n"
    },
    {
      "start": 12210,
      "stop": 12965,
      "text": "ix\n"
    },
    {
      "start": 12965,
      "stop": 15248,
      "text": "s\n"
    },
    {
      "start": 15248,
      "stop": 17691,
      "text": "ey\n"
    },
    {
      "start": 17691,
      "stop": 18191,
      "text": "ng\n"
    },
    {
      "start": 18191,
      "stop": 19087,
      "text": "kcl\n"
    },
    {
      "start": 19087,
      "stop": 20030,
      "text": "k\n"
    },
    {
      "start": 20030,
      "stop": 20971,
      "text": "l\n"
    },
    {
      "start": 20971,
      "stop": 23317,
      "text": "ow\n"
    },
    {
      "start": 23317,
      "stop": 24680,
      "text": "er\n"
    },
    {
      "start": 24680,
      "stop": 25530,
      "text": "tcl\n"
    },
    {
      "start": 25530,
      "stop": 26369,
      "text": "t\n"
    },
    {
      "start": 26369,
      "stop": 26957,
      "text": "ax-h\n"
    },
    {
      "start": 26957,
      "stop": 27567,
      "text": "dh\n"
    },
    {
      "start": 27567,
      "stop": 28323,
      "text": "ih\n"
    },
    {
      "start": 28323,
      "stop": 29953,
      "text": "r\n"
    },
    {
      "start": 29953,
      "stop": 31987,
      "text": "aa\n"
    },
    {
      "start": 31987,
      "stop": 33670,
      "text": "kcl\n"
    },
    {
      "start": 33670,
      "stop": 33937,
      "text": "k\n"
    },
    {
      "start": 33937,
      "stop": 36480,
      "text": "h#\n"
    }
  ]
}