{
  "algo": "consensus",
  "birth_date": "06/18/43",
  "comments": "",
  "dialect": "Northern",
  "education": "High School",
  "height": 1.6002,
  "noise_dataset": null,
  "phoneme_times": [
    {
      "start": 0,
      "stop": 1173,
      "text": "h#\n"
    },
    {
      "start": 1173,
      "stop": 2490,
      "text": "hh\n"
    },
    {
      "start": 2490,
      "stop": 3133,
      "text": "iy\n"
    },
    {
      "start": 3133,
      "stop": 4370,
      "text": "pcl\n"
    },
    {
      "start": 4370,
      "stop": 4800,
      "text": "p\n"
    },
    {
      "start": 4800,
      "stop": 5932,
      "text": "ih\n"
    },
    {
      "start": 5932,
      "stop": 7500,
      "text": "kcl\n"
    },
    {
      "start": 7500,
      "stop": 8010,
      "text": "d\n"
    },
    {
      "start": 8010,
      "stop": 9441,
      "text": "ah\n"
    },
    {
      "start": 9441,
      "stop": 10560,
      "text": "pcl\n"
    },
    {
      "start": 10560,
      "stop": 11906,
      "text": "n\n"
    },
    {
      "start": 11906,
      "stop": 16240,
      "text": "ay\n"
    },
    {
      "start": 16240,
      "stop": 17086,
      "text": "n\n"
    },
    {
      "start": 17086,
      "stop": 18440,
      "text": "pcl\n"
    },
    {
      "start": 18440,
      "stop": 19170,
      "text": "p\n"
    },
    {
      "start": 19170,
      "stop": 21305,
      "text": "eh\n"
    },
    {
      "start": 21305,
      "stop": 23510,
      "text": "axr\n"
    },
    {
      "start": 23510,
      "stop": 24974,
      "text": "z\n"
    },
    {
      "start": 24974,
      "stop": 25968,
      "text": "q\n"
    },
    {
      "start": 25968,
      "stop": 26365,
      "text": "ax\n"
    },
    {
      "start": 26365,
      "stop": 26850,
      "text": "v\n"
    },
    {
      "start": 26850,
      "stop": 29290,
      "text": "s\n"
    },
    {
      "start": 29290,
      "stop": 32710,
      "text": "aa\n"
    },
    {
      "start": 32710,
      "stop": 33860,
      "text": "kcl\n"
    },
    {
      "start": 33860,
      "stop": 34088,
      "text": "k\n"
    },
    {
      "start": 34088,
      "stop": 35680,
      "text": "s\n"
    },
    {
      "start": 35680,
      "stop": 37090,
      "text": "f\n"
    },
    {
      "start": 37090,
      "stop": 37719,
      "text": "axr\n"
    },
    {
      "start": 37719,
      "stop": 38662,
      "text": "q\n"
    },
    {
      "start": 38662,
      "stop": 40520,
      "text": "iy\n"
    },
    {
      "start": 40520,
      "stop": 41180,
      "text": "tcl\n"
    },
    {
      "start": 41180,
      "stop": 42660,
      "text": "ch\n"
    },
    {
      "start": 42660,
      "stop": 44040,
      "text": "bcl\n"
    },
    {
      "start": 44040,
      "stop": 44250,
      "text": "b\n"
    },
    {
      "start": 44250,
      "stop": 45284,
      "text": "r\n"
    },
    {
      "start": 45284,
      "stop": 46760,
      "text": "ah\n"
    },
    {
      "start": 46760,
      "stop": 47330,
      "text": "dh\n"
    },
    {
      "start": 47330,
      "stop": 49240,
      "text": "axr\n"
    },
    {
      "start": 49240,
      "stop": 51040,
      "text": "h#\n"
    }
  ],
  "phonetic_codes": [
    "/hh iy1/",
    "/p ih1 k t/",
    "/ah1 p/",
    "/n ay1 n/",
    "/p ae1 r z/",
    "/ax v/",
    "/s aa1 k s/",
    "/f ao1 r/",
    "/iy1 ch/"
  ],
  "race": "White",
  "recording_date": "03/31/86",
  "sentence": "He picked up nine pairs of socks for each brother.",
  "sentence_id": "SX390",
  "sentence_time": {
    "start": 0,
    "stop": 51098,
    "text": "He picked up nine pairs of socks for each brother.\n"
  },
  "sex": "F",
  "speaker_id": "HLM0",
  "speech": "SX390HLM0",
  "speech_dataset": "timit",
  "use": "System training speaker",
  "word_times": [
    {
      "start": 0,
      "stop": 1173,
      "text": "h#\n"
    },
    {
      "start": 1173,
      "stop": 2490,
      "text": "hh\n"
    },
    {
      "start": 2490,
      "stop": 3133,
      "text": "iy\n"
    },
    {
      "start": 3133,
      "stop": 4370,
      "text": "pcl\n"
    },
    {
      "start": 4370,
      "stop": 4800,
      "text": "p\n"
    },
    {
      "start": 4800,
      "stop": 5932,
      "text": "ih\n"
    },
    {
      "start": 5932,
      "stop": 7500,
      "text": "kcl\n"
    },
    {
      "start": 7500,
      "stop": 8010,
      "text": "d\n"
    },
    {
      "start": 8010,
      "stop": 9441,
      "text": "ah\n"
    },
    {
      "start": 9441,
      "stop": 10560,
      "text": "pcl\n"
    },
    {
      "start": 10560,
      "stop": 11906,
      "text": "n\n"
    },
    {
      "start": 11906,
      "stop": 16240,
      "text": "ay\n"
    },
    {
      "start": 16240,
      "stop": 17086,
      "text": "n\n"
    },
    {
      "start": 17086,
      "stop": 18440,
      "text": "pcl\n"
    },
    {
      "start": 18440,
      "stop": 19170,
      "text": "p\n"
    },
    {
      "start": 19170,
      "stop": 21305,
      "text": "eh\n"
    },
    {
      "start": 21305,
      "stop": 23510,
      "text": "axr\n"
    },
    {
      "start": 23510,
      "stop": 24974,
      "text": "z\n"
    },
    {
      "start": 24974,
      "stop": 25968,
      "text": "q\n"
    },
    {
      "start": 25968,
      "stop": 26365,
      "text": "ax\n"
    },
    {
      "start": 26365,
      "stop": 26850,
      "text": "v\n"
    },
    {
      "start": 26850,
      "stop": 29290,
      "text": "s\n"
    },
    {
      "start": 29290,
      "stop": 32710,
      "text": "aa\n"
    },
    {
      "start": 32710,
      "stop": 33860,
      "text": "kcl\n"
    },
    {
      "start": 33860,
      "stop": 34088,
      "text": "k\n"
    },
    {
      "start": 34088,
      "stop": 35680,
      "text": "s\n"
    },
    {
      "start": 35680,
      "stop": 37090,
      "text": "f\n"
    },
    {
      "start": 37090,
      "stop": 37719,
      "text": "axr\n"
    },
    {
      "start": 37719,
      "stop": 38662,
      "text": "q\n"
    },
    {
      "start": 38662,
      "stop": 40520,
      "text": "iy\n"
    },
    {
      "start": 40520,
      "stop": 41180,
      "text": "tcl\n"
    },
    {
      "start": 41180,
      "stop": 42660,
      "text": "ch\n"
    },
    {
      "start": 42660,
      "stop": 44040,
      "text": "bcl\n"
    },
    {
      "start": 44040,
      "stop": 44250,
      "text": "b\n"
    },
    {
      "start": 44250,
      "stop": 45284,
      "text": "r\n"
    },
    {
      "start": 45284,
      "stop": 46760,
      "text": "ah\n"
    },
    {
      "start": 46760,
      "stop": 47330,
      "text": "dh\n"
    },
    {
      "start": 47330,
      "stop": 49240,
      "text": "axr\n"
    },
    {
      "start": 49240,
      "stop": 51040,
      "text": "h#\n"
    }
  ]
}