{
  "algo": "consensus",
  "birth_date": "04/09/63",
  "comments": "",
  "dialect": "North Midland",
  "education": "Master's Degree (MS or MA)",
  "height": 1.8288000000000002,
  "noise_dataset": null,
  "phoneme_times": [
    {
      "start": 0,
      "stop": 2390,
      "text": "h#\n"
    },
    {
      "start": 2390,
      "stop": 2901,
      "text": "dh\n"
    },
    {
      "start": 2901,
      "stop": 3383,
      "text": "iy\n"
    },
    {
      "start": 3383,
      "stop": 4088,
      "text": "ih\n"
    },
    {
      "start": 4088,
      "stop": 4881,
      "text": "n\n"
    },
    {
      "start": 4881,
      "stop": 6767,
      "text": "oy\n"
    },
    {
      "start": 6767,
      "stop": 7644,
      "text": "ix\n"
    },
    {
      "start": 7644,
      "stop": 8094,
      "text": "n\n"
    },
    {
      "start": 8094,
      "stop": 9065,
      "text": "r\n"
    },
    {
      "start": 9065,
      "stop": 10903,
      "text": "ae\n"
    },
    {
      "start": 10903,
      "stop": 11650,
      "text": "kcl\n"
    },
    {
      "start": 11650,
      "stop": 12580,
      "text": "k\n"
    },
    {
      "start": 12580,
      "stop": 14997,
      "text": "ux\n"
    },
    {
      "start": 14997,
      "stop": 15820,
      "text": "n\n"
    },
    {
      "start": 15820,
      "stop": 17499,
      "text": "s\n"
    },
    {
      "start": 17499,
      "stop": 18072,
      "text": "epi\n"
    },
    {
      "start": 18072,
      "stop": 18590,
      "text": "l\n"
    },
    {
      "start": 18590,
      "stop": 19509,
      "text": "ih\n"
    },
    {
      "start": 19509,
      "stop": 20177,
      "text": "pcl\n"
    },
    {
      "start": 20177,
      "stop": 20710,
      "text": "t\n"
    },
    {
      "start": 20710,
      "stop": 21457,
      "text": "ix\n"
    },
    {
      "start": 21457,
      "stop": 22149,
      "text": "n\n"
    },
    {
      "start": 22149,
      "stop": 22800,
      "text": "tcl\n"
    },
    {
      "start": 22800,
      "stop": 23480,
      "text": "t\n"
    },
    {
      "start": 23480,
      "stop": 24379,
      "text": "ux\n"
    },
    {
      "start": 24379,
      "stop": 25942,
      "text": "f\n"
    },
    {
      "start": 25942,
      "stop": 27096,
      "text": "ih\n"
    },
    {
      "start": 27096,
      "stop": 27906,
      "text": "l\n"
    },
    {
      "start": 27906,
      "stop": 28926,
      "text": "z\n"
    },
    {
      "start": 28926,
      "stop": 29700,
      "text": "gcl\n"
    },
    {
      "start": 29700,
      "stop": 30110,
      "text": "g\n"
    },
    {
      "start": 30110,
      "stop": 31916,
      "text": "aa\n"
    },
    {
      "start": 31916,
      "stop": 33075,
      "text": "r\n"
    },
    {
      "start": 33075,
      "stop": 33477,
      "text": "dx\n"
    },
    {
      "start": 33477,
      "stop": 34207,
      "text": "en\n"
    },
    {
      "start": 34207,
      "stop": 35320,
      "text": "eh\n"
    },
    {
      "start": 35320,
      "stop": 35929,
      "text": "v\n"
    },
    {
      "start": 35929,
      "stop": 36544,
      "text": "r\n"
    },
    {
      "start": 36544,
      "stop": 36936,
      "text": "ix\n"
    },
    {
      "start": 36936,
      "stop": 38266,
      "text": "n\n"
    },
    {
      "start": 38266,
      "stop": 41037,
      "text": "ay\n"
    },
    {
      "start": 41037,
      "stop": 41851,
      "text": "q\n"
    },
    {
      "start": 41851,
      "stop": 43200,
      "text": "h#\n"
    }
  ],
  "phonetic_codes": [
    "/dh ax/",
    "/ax n oy1 ix ng/",
    "/r ae k uw1 n z/",
    "/s l ih1 p t/",
    "/ih1 n t uw2/",
    "/f ih1 l z/",
    "/g aa1 r d en/",
    "/eh1 v r iy/"
  ],
  "race": "White",
  "recording_date": "02/24/86",
  "sentence": "The annoying raccoons slipped into Phil's garden every night.",
  "sentence_id": "SX362",
  "sentence_time": {
    "start": 0,
    "stop": 43828,
    "text": "The annoying raccoons slipped into Phil's garden every night.\n"
  },
  "sex": "M",
  "speaker_id": "AKR0",
  "speech": "SX362AKR0",
  "speech_dataset": "timit",
  "use": "System training speaker",
  "word_times": [
    {
      "start": 0,
      "stop": 2390,
      "text": "h#\n"
    },
    {
      "start": 2390,
      "stop": 2901,
      "text": "dh\n"
    },
    {
      "start": 2901,
      "stop": 3383,
      "text": "iy\n"
    },
    {
      "start": 3383,
      "stop": 4088,
      "text": "ih\n"
    },
    {
      "start": 4088,
      "stop": 4881,
      "text": "n\n"
    },
    {
      "start": 4881,
      "stop": 6767,
      "text": "oy\n"
    },
    {
      "start": 6767,
      "stop": 7644,
      "text": "ix\n"
    },
    {
      "start": 7644,
      "stop": 8094,
      "text": "n\n"
    },
    {
      "start": 8094,
      "stop": 9065,
      "text": "r\n"
    },
    {
      "start": 9065,
      "stop": 10903,
      "text": "ae\n"
    },
    {
      "start": 10903,
      "stop": 11650,
      "text": "kcl\n"
    },
    {
      "start": 11650,
      "stop": 12580,
      "text": "k\n"
    },
    {
      "start": 12580,
      "stop": 14997,
      "text": "ux\n"
    },
    {
      "start": 14997,
      "stop": 15820,
      "text": "n\n"
    },
    {
      "start": 15820,
      "stop": 17499,
      "text": "s\n"
    },
    {
      "start": 17499,
      "stop": 18072,
      "text": "epi\n"
    },
    {
      "start": 18072,
      "stop": 18590,
      "text": "l\n"
    },
    {
      "start": 18590,
      "stop": 19509,
      "text": "ih\n"
    },
    {
      "start": 19509,
      "stop": 20177,
      "text": "pcl\n"
    },
    {
      "start": 20177,
      "stop": 20710,
      "text": "t\n"
    },
    {
      "start": 20710,
      "stop": 21457,
      "text": "ix\n"
    },
    {
      "start": 21457,
      "stop": 22149,
      "text": "n\n"
    },
    {
      "start": 22149,
      "stop": 22800,
      "text": "tcl\n"
    },
    {
      "start": 22800,
      "stop": 23480,
      "text": "t\n"
    },
    {
      "start": 23480,
      "stop": 24379,
      "text": "ux\n"
    },
    {
      "start": 24379,
      "stop": 25942,
      "text": "f\n"
    },
    {
      "start": 25942,
      "stop": 27096,
      "text": "ih\n"
    },
    {
      "start": 27096,
      "stop": 27906,
      "text": "l\n"
    },
    {
      "start": 27906,
      "stop": 28926,
      "text": "z\n"
    },
    {
      "start": 28926,
      "stop": 29700,
      "text": "gcl\n"
    },
    {
      "start": 29700,
      "stop": 30110,
      "text": "g\n"
    },
    {
      "start": 30110,
      "stop": 31916,
      "text": "aa\n"
    },
    {
      "start": 31916,
      "stop": 33075,
      "text": "r\n"
    },
    {
      "start": 33075,
      "stop": 33477,
      "text": "dx\n"
    },
    {
      "start": 33477,
      "stop": 34207,
      "text": "en\n"
    },
    {
      "start": 34207,
      "stop": 35320,
      "text": "eh\n"
    },
    {
      "start": 35320,
      "stop": 35929,
      "text": "v\n"
    },
    {
      "start": 35929,
      "stop": 36544,
      "text": "r\n"
    },
    {
      "start": 36544,
      "stop": 36936,
      "text": "ix\n"
    },
    {
      "start": 36936,
      "stop": 38266,
      "text": "n\n"
    },
    {
      "start": 38266,
      "stop": 41037,
      "text": "ay\n"
    },
    {
      "start": 41037,
      "stop": 41851,
      "text": "q\n"
    },
    {
      "start": 41851,
      "stop": 43200,
      "text": "h#\n"
    }
  ]
}