{
  "algo": "consensus",
  "birth_date": "06/17/60",
  "comments": "",
  "dialect": "New York City",
  "education": "Bachelor's Degree (BS or BA)",
  "height": 1.8034,
  "noise_dataset": null,
  "phoneme_times": [
    {
      "start": 0,
      "stop": 2738,
      "text": "h#\n"
    },
    {
      "start": 2738,
      "stop": 3116,
      "text": "dh\n"
    },
    {
      "start": 3116,
      "stop": 4093,
      "text": "hv\n"
    },
    {
      "start": 4093,
      "stop": 5180,
      "text": "ao\n"
    },
    {
      "start": 5180,
      "stop": 6266,
      "text": "w\n"
    },
    {
      "start": 6266,
      "stop": 7895,
      "text": "ey\n"
    },
    {
      "start": 7895,
      "stop": 9320,
      "text": "ow\n"
    },
    {
      "start": 9320,
      "stop": 10200,
      "text": "pcl\n"
    },
    {
      "start": 10200,
      "stop": 10360,
      "text": "p\n"
    },
    {
      "start": 10360,
      "stop": 10720,
      "text": "ix\n"
    },
    {
      "start": 10720,
      "stop": 11960,
      "text": "n\n"
    },
    {
      "start": 11960,
      "stop": 12670,
      "text": "z\n"
    },
    {
      "start": 12670,
      "stop": 12920,
      "text": "ix\n"
    },
    {
      "start": 12920,
      "stop": 14000,
      "text": "n\n"
    },
    {
      "start": 14000,
      "stop": 15331,
      "text": "ux\n"
    },
    {
      "start": 15331,
      "stop": 16120,
      "text": "ix\n"
    },
    {
      "start": 16120,
      "stop": 17710,
      "text": "hh\n"
    },
    {
      "start": 17710,
      "stop": 18464,
      "text": "y\n"
    },
    {
      "start": 18464,
      "stop": 19400,
      "text": "ux\n"
    },
    {
      "start": 19400,
      "stop": 20260,
      "text": "dcl\n"
    },
    {
      "start": 20260,
      "stop": 21360,
      "text": "jh\n"
    },
    {
      "start": 21360,
      "stop": 21900,
      "text": "tcl\n"
    },
    {
      "start": 21900,
      "stop": 23030,
      "text": "ch\n"
    },
    {
      "start": 23030,
      "stop": 24880,
      "text": "ey\n"
    },
    {
      "start": 24880,
      "stop": 25608,
      "text": "m\n"
    },
    {
      "start": 25608,
      "stop": 26241,
      "text": "bcl\n"
    },
    {
      "start": 26241,
      "stop": 26453,
      "text": "b\n"
    },
    {
      "start": 26453,
      "stop": 27710,
      "text": "axr\n"
    },
    {
      "start": 27710,
      "stop": 31840,
      "text": "h#\n"
    }
  ],
  "phonetic_codes": [
    "/dh ax/",
    "/hh ao1 l w ey2/",
    "/ow1 p ax n z/",
    "/ih1 n t uw2/",
    "/ax/",
    "/hh y uw1 jh/"
  ],
  "race": "White",
  "recording_date": "03/03/86",
  "sentence": "The hallway opens into a huge chamber.",
  "sentence_id": "SX241",
  "sentence_time": {
    "start": 0,
    "stop": 31949,
    "text": "The hallway opens into a huge chamber.\n"
  },
  "sex": "M",
  "speaker_id": "ABC0",
  "speech": "SX241ABC0",
  "speech_dataset": "timit",
  "use": "System training speaker",
  "word_times": [
    {
      "start": 0,
      "stop": 2738,
      "text": "h#\n"
    },
    {
      "start": 2738,
      "stop": 3116,
      "text": "dh\n"
    },
    {
      "start": 3116,
      "stop": 4093,
      "text": "hv\n"
    },
    {
      "start": 4093,
      "stop": 5180,
      "text": "ao\n"
    },
    {
      "start": 5180,
      "stop": 6266,
      "text": "w\n"
    },
    {
      "start": 6266,
      "stop": 7895,
      "text": "ey\n"
    },
    {
      "start": 7895,
      "stop": 9320,
      "text": "ow\n"
    },
    {
      "start": 9320,
      "stop": 10200,
      "text": "pcl\n"
    },
    {
      "start": 10200,
      "stop": 10360,
      "text": "p\n"
    },
    {
      "start": 10360,
      "stop": 10720,
      "text": "ix\n"
    },
    {
      "start": 10720,
      "stop": 11960,
      "text": "n\n"
    },
    {
      "start": 11960,
      "stop": 12670,
      "text": "z\n"
    },
    {
      "start": 12670,
      "stop": 12920,
      "text": "ix\n"
    },
    {
      "start": 12920,
      "stop": 14000,
      "text": "n\n"
    },
    {
      "start": 14000,
      "stop": 15331,
      "text": "ux\n"
    },
    {
      "start": 15331,
      "stop": 16120,
      "text": "ix\n"
    },
    {
      "start": 16120,
      "stop": 17710,
      "text": "hh\n"
    },
    {
      "start": 17710,
      "stop": 18464,
      "text": "y\n"
    },
    {
      "start": 18464,
      "stop": 19400,
      "text": "ux\n"
    },
    {
      "start": 19400,
      "stop": 20260,
      "text": "dcl\n"
    },
    {
      "start": 20260,
      "stop": 21360,
      "text": "jh\n"
    },
    {
      "start": 21360,
      "stop": 21900,
      "text": "tcl\n"
    },
    {
      "start": 21900,
      "stop": 23030,
      "text": "ch\n"
    },
    {
      "start": 23030,
      "stop": 24880,
      "text": "ey\n"
    },
    {
      "start": 24880,
      "stop": 25608,
      "text": "m\n"
    },
    {
      "start": 25608,
      "stop": 26241,
      "text": "bcl\n"
    },
    {
      "start": 26241,
      "stop": 26453,
      "text": "b\n"
    },
    {
      "start": 26453,
      "stop": 27710,
      "text": "axr\n"
    },
    {
      "start": 27710,
      "stop": 31840,
      "text": "h#\n"
    }
  ]
}