{
  "algo": "consensus",
  "birth_date": "02/03/63",
  "comments": "",
  "dialect": "North Midland",
  "education": "Bachelor's Degree (BS or BA)",
  "height": 1.778,
  "noise_dataset": null,
  "phoneme_times": [
    {
      "start": 0,
      "stop": 2120,
      "text": "h#\n"
    },
    {
      "start": 2120,
      "stop": 2520,
      "text": "d\n"
    },
    {
      "start": 2520,
      "stop": 3880,
      "text": "ow\n"
    },
    {
      "start": 3880,
      "stop": 4344,
      "text": "nx\n"
    },
    {
      "start": 4344,
      "stop": 6725,
      "text": "ae\n"
    },
    {
      "start": 6725,
      "stop": 7937,
      "text": "s\n"
    },
    {
      "start": 7937,
      "stop": 8355,
      "text": "kcl\n"
    },
    {
      "start": 8355,
      "stop": 8731,
      "text": "m\n"
    },
    {
      "start": 8731,
      "stop": 9840,
      "text": "iy\n"
    },
    {
      "start": 9840,
      "stop": 10240,
      "text": "dx\n"
    },
    {
      "start": 10240,
      "stop": 11000,
      "text": "ix\n"
    },
    {
      "start": 11000,
      "stop": 11720,
      "text": "kcl\n"
    },
    {
      "start": 11720,
      "stop": 13400,
      "text": "k\n"
    },
    {
      "start": 13400,
      "stop": 14788,
      "text": "eh\n"
    },
    {
      "start": 14788,
      "stop": 16250,
      "text": "r\n"
    },
    {
      "start": 16250,
      "stop": 18798,
      "text": "iy\n"
    },
    {
      "start": 18798,
      "stop": 19425,
      "text": "q\n"
    },
    {
      "start": 19425,
      "stop": 20052,
      "text": "ix\n"
    },
    {
      "start": 20052,
      "stop": 20840,
      "text": "n\n"
    },
    {
      "start": 20840,
      "stop": 23853,
      "text": "oy\n"
    },
    {
      "start": 23853,
      "stop": 24640,
      "text": "l\n"
    },
    {
      "start": 24640,
      "stop": 25720,
      "text": "ih\n"
    },
    {
      "start": 25720,
      "stop": 26945,
      "text": "r\n"
    },
    {
      "start": 26945,
      "stop": 30040,
      "text": "ae\n"
    },
    {
      "start": 30040,
      "stop": 30840,
      "text": "gcl\n"
    },
    {
      "start": 30840,
      "stop": 31720,
      "text": "l\n"
    },
    {
      "start": 31720,
      "stop": 33480,
      "text": "ay\n"
    },
    {
      "start": 33480,
      "stop": 34040,
      "text": "kcl\n"
    },
    {
      "start": 34040,
      "stop": 34506,
      "text": "k\n"
    },
    {
      "start": 34506,
      "stop": 35560,
      "text": "dh\n"
    },
    {
      "start": 35560,
      "stop": 39000,
      "text": "ae\n"
    },
    {
      "start": 39000,
      "stop": 41660,
      "text": "tcl\n"
    },
    {
      "start": 41660,
      "stop": 44320,
      "text": "h#\n"
    }
  ],
  "phonetic_codes": [
    "/d ow1 n t/",
    "/ae1 s k/",
    "/m iy1/",
    "/t uw1/",
    "/k ae1 r iy/",
    "/ae n/",
    "/oy1 l iy/",
    "/r ae1 g/",
    "/l ay1 k/"
  ],
  "race": "White",
  "recording_date": "01/21/86",
  "sentence": "Don't ask me to carry an oily rag like that.",
  "sentence_id": "SA2",
  "sentence_time": {
    "start": 0,
    "stop": 44340,
    "text": "Don't ask me to carry an oily rag like that.\n"
  },
  "sex": "M",
  "speaker_id": "MSM0",
  "speech": "SA2MSM0",
  "speech_dataset": "timit",
  "use": "System training speaker",
  "word_times": [
    {
      "start": 0,
      "stop": 2120,
      "text": "h#\n"
    },
    {
      "start": 2120,
      "stop": 2520,
      "text": "d\n"
    },
    {
      "start": 2520,
      "stop": 3880,
      "text": "ow\n"
    },
    {
      "start": 3880,
      "stop": 4344,
      "text": "nx\n"
    },
    {
      "start": 4344,
      "stop": 6725,
      "text": "ae\n"
    },
    {
      "start": 6725,
      "stop": 7937,
      "text": "s\n"
    },
    {
      "start": 7937,
      "stop": 8355,
      "text": "kcl\n"
    },
    {
      "start": 8355,
      "stop": 8731,
      "text": "m\n"
    },
    {
      "start": 8731,
      "stop": 9840,
      "text": "iy\n"
    },
    {
      "start": 9840,
      "stop": 10240,
      "text": "dx\n"
    },
    {
      "start": 10240,
      "stop": 11000,
      "text": "ix\n"
    },
    {
      "start": 11000,
      "stop": 11720,
      "text": "kcl\n"
    },
    {
      "start": 11720,
      "stop": 13400,
      "text": "k\n"
    },
    {
      "start": 13400,
      "stop": 14788,
      "text": "eh\n"
    },
    {
      "start": 14788,
      "stop": 16250,
      "text": "r\n"
    },
    {
      "start": 16250,
      "stop": 18798,
      "text": "iy\n"
    },
    {
      "start": 18798,
      "stop": 19425,
      "text": "q\n"
    },
    {
      "start": 19425,
      "stop": 20052,
      "text": "ix\n"
    },
    {
      "start": 20052,
      "stop": 20840,
      "text": "n\n"
    },
    {
      "start": 20840,
      "stop": 23853,
      "text": "oy\n"
    },
    {
      "start": 23853,
      "stop": 24640,
      "text": "l\n"
    },
    {
      "start": 24640,
      "stop": 25720,
      "text": "ih\n"
    },
    {
      "start": 25720,
      "stop": 26945,
      "text": "r\n"
    },
    {
      "start": 26945,
      "stop": 30040,
      "text": "ae\n"
    },
    {
      "start": 30040,
      "stop": 30840,
      "text": "gcl\n"
    },
    {
      "start": 30840,
      "stop": 31720,
      "text": "l\n"
    },
    {
      "start": 31720,
      "stop": 33480,
      "text": "ay\n"
    },
    {
      "start": 33480,
      "stop": 34040,
      "text": "kcl\n"
    },
    {
      "start": 34040,
      "stop": 34506,
      "text": "k\n"
    },
    {
      "start": 34506,
      "stop": 35560,
      "text": "dh\n"
    },
    {
      "start": 35560,
      "stop": 39000,
      "text": "ae\n"
    },
    {
      "start": 39000,
      "stop": 41660,
      "text": "tcl\n"
    },
    {
      "start": 41660,
      "stop": 44320,
      "text": "h#\n"
    }
  ]
}