{
  "algo": "consensus",
  "birth_date": "11/18/59",
  "comments": "",
  "dialect": "Northern",
  "education": "Master's Degree (MS or MA)",
  "height": 1.7526,
  "noise_dataset": null,
  "phoneme_times": [
    {
      "start": 0,
      "stop": 2276,
      "text": "h#\n"
    },
    {
      "start": 2276,
      "stop": 4078,
      "text": "s\n"
    },
    {
      "start": 4078,
      "stop": 4347,
      "text": "ix\n"
    },
    {
      "start": 4347,
      "stop": 4860,
      "text": "n\n"
    },
    {
      "start": 4860,
      "stop": 5150,
      "text": "tcl\n"
    },
    {
      "start": 5150,
      "stop": 6210,
      "text": "s\n"
    },
    {
      "start": 6210,
      "stop": 6840,
      "text": "ax\n"
    },
    {
      "start": 6840,
      "stop": 8660,
      "text": "f\n"
    },
    {
      "start": 8660,
      "stop": 10109,
      "text": "ao\n"
    },
    {
      "start": 10109,
      "stop": 11488,
      "text": "l\n"
    },
    {
      "start": 11488,
      "stop": 12449,
      "text": "axr\n"
    },
    {
      "start": 12449,
      "stop": 13100,
      "text": "bcl\n"
    },
    {
      "start": 13100,
      "stop": 13535,
      "text": "b\n"
    },
    {
      "start": 13535,
      "stop": 14466,
      "text": "l\n"
    },
    {
      "start": 14466,
      "stop": 15832,
      "text": "ow\n"
    },
    {
      "start": 15832,
      "stop": 16584,
      "text": "m\n"
    },
    {
      "start": 16584,
      "stop": 17800,
      "text": "ay\n"
    },
    {
      "start": 17800,
      "stop": 18280,
      "text": "dx\n"
    },
    {
      "start": 18280,
      "stop": 18820,
      "text": "ix\n"
    },
    {
      "start": 18820,
      "stop": 19301,
      "text": "v\n"
    },
    {
      "start": 19301,
      "stop": 20140,
      "text": "kcl\n"
    },
    {
      "start": 20140,
      "stop": 21710,
      "text": "k\n"
    },
    {
      "start": 21710,
      "stop": 24040,
      "text": "ao\n"
    },
    {
      "start": 24040,
      "stop": 25694,
      "text": "z\n"
    },
    {
      "start": 25694,
      "stop": 26400,
      "text": "ix\n"
    },
    {
      "start": 26400,
      "stop": 26800,
      "text": "tcl\n"
    },
    {
      "start": 26800,
      "stop": 27370,
      "text": "t\n"
    },
    {
      "start": 27370,
      "stop": 27920,
      "text": "ax\n"
    },
    {
      "start": 27920,
      "stop": 28610,
      "text": "kcl\n"
    },
    {
      "start": 28610,
      "stop": 30490,
      "text": "k\n"
    },
    {
      "start": 30490,
      "stop": 31720,
      "text": "ow\n"
    },
    {
      "start": 31720,
      "stop": 32439,
      "text": "l\n"
    },
    {
      "start": 32439,
      "stop": 33350,
      "text": "dcl\n"
    },
    {
      "start": 33350,
      "stop": 34060,
      "text": "p\n"
    },
    {
      "start": 34060,
      "stop": 36200,
      "text": "ae\n"
    },
    {
      "start": 36200,
      "stop": 37080,
      "text": "kcl\n"
    },
    {
      "start": 37080,
      "stop": 37412,
      "text": "k\n"
    },
    {
      "start": 37412,
      "stop": 37932,
      "text": "w\n"
    },
    {
      "start": 37932,
      "stop": 38304,
      "text": "ax\n"
    },
    {
      "start": 38304,
      "stop": 39503,
      "text": "z\n"
    },
    {
      "start": 39503,
      "stop": 40271,
      "text": "y\n"
    },
    {
      "start": 40271,
      "stop": 40940,
      "text": "ux\n"
    },
    {
      "start": 40940,
      "stop": 42246,
      "text": "zh\n"
    },
    {
      "start": 42246,
      "stop": 43012,
      "text": "l\n"
    },
    {
      "start": 43012,
      "stop": 43933,
      "text": "iy\n"
    },
    {
      "start": 43933,
      "stop": 45530,
      "text": "f\n"
    },
    {
      "start": 45530,
      "stop": 47080,
      "text": "er\n"
    },
    {
      "start": 47080,
      "stop": 48487,
      "text": "s\n"
    },
    {
      "start": 48487,
      "stop": 48596,
      "text": "tcl\n"
    },
    {
      "start": 48596,
      "stop": 49270,
      "text": "t\n"
    },
    {
      "start": 49270,
      "stop": 52520,
      "text": "ey\n"
    },
    {
      "start": 52520,
      "stop": 53083,
      "text": "dcl\n"
    },
    {
      "start": 53083,
      "stop": 54120,
      "text": "d\n"
    },
    {
      "start": 54120,
      "stop": 62160,
      "text": "h#\n"
    }
  ],
  "phonetic_codes": [
    "/s ih1 n s/",
    "/ax/",
    "/f ao1 l/",
    "/ao1 r/",
    "/b l ow1/",
    "/m ay1 t/",
    "/hh ae1 v/",
    "/k ao1 z d/",
    "/ax/",
    "/k ow1 l d/",
    "/p ae1 k/",
    "/w ax z/",
    "/y uw1 zh uw ax l iy/",
    "/f er1 s t/"
  ],
  "race": "White",
  "recording_date": "04/09/86",
  "sentence": "Since a fall or blow might have caused it, a cold pack was usually first aid.",
  "sentence_id": "SI984",
  "sentence_time": {
    "start": 0,
    "stop": 62260,
    "text": "Since a fall or blow might have caused it, a cold pack was usually first aid.\n"
  },
  "sex": "M",
  "speaker_id": "DLC2",
  "speech": "SI984DLC2",
  "speech_dataset": "timit",
  "use": "System training speaker",
  "word_times": [
    {
      "start": 0,
      "stop": 2276,
      "text": "h#\n"
    },
    {
      "start": 2276,
      "stop": 4078,
      "text": "s\n"
    },
    {
      "start": 4078,
      "stop": 4347,
      "text": "ix\n"
    },
    {
      "start": 4347,
      "stop": 4860,
      "text": "n\n"
    },
    {
      "start": 4860,
      "stop": 5150,
      "text": "tcl\n"
    },
    {
      "start": 5150,
      "stop": 6210,
      "text": "s\n"
    },
    {
      "start": 6210,
      "stop": 6840,
      "text": "ax\n"
    },
    {
      "start": 6840,
      "stop": 8660,
      "text": "f\n"
    },
    {
      "start": 8660,
      "stop": 10109,
      "text": "ao\n"
    },
    {
      "start": 10109,
      "stop": 11488,
      "text": "l\n"
    },
    {
      "start": 11488,
      "stop": 12449,
      "text": "axr\n"
    },
    {
      "start": 12449,
      "stop": 13100,
      "text": "bcl\n"
    },
    {
      "start": 13100,
      "stop": 13535,
      "text": "b\n"
    },
    {
      "start": 13535,
      "stop": 14466,
      "text": "l\n"
    },
    {
      "start": 14466,
      "stop": 15832,
      "text": "ow\n"
    },
    {
      "start": 15832,
      "stop": 16584,
      "text": "m\n"
    },
    {
      "start": 16584,
      "stop": 17800,
      "text": "ay\n"
    },
    {
      "start": 17800,
      "stop": 18280,
      "text": "dx\n"
    },
    {
      "start": 18280,
      "stop": 18820,
      "text": "ix\n"
    },
    {
      "start": 18820,
      "stop": 19301,
      "text": "v\n"
    },
    {
      "start": 19301,
      "stop": 20140,
      "text": "kcl\n"
    },
    {
      "start": 20140,
      "stop": 21710,
      "text": "k\n"
    },
    {
      "start": 21710,
      "stop": 24040,
      "text": "ao\n"
    },
    {
      "start": 24040,
      "stop": 25694,
      "text": "z\n"
    },
    {
      "start": 25694,
      "stop": 26400,
      "text": "ix\n"
    },
    {
      "start": 26400,
      "stop": 26800,
      "text": "tcl\n"
    },
    {
      "start": 26800,
      "stop": 27370,
      "text": "t\n"
    },
    {
      "start": 27370,
      "stop": 27920,
      "text": "ax\n"
    },
    {
      "start": 27920,
      "stop": 28610,
      "text": "kcl\n"
    },
    {
      "start": 28610,
      "stop": 30490,
      "text": "k\n"
    },
    {
      "start": 30490,
      "stop": 31720,
      "text": "ow\n"
    },
    {
      "start": 31720,
      "stop": 32439,
      "text": "l\n"
    },
    {
      "start": 32439,
      "stop": 33350,
      "text": "dcl\n"
    },
    {
      "start": 33350,
      "stop": 34060,
      "text": "p\n"
    },
    {
      "start": 34060,
      "stop": 36200,
      "text": "ae\n"
    },
    {
      "start": 36200,
      "stop": 37080,
      "text": "kcl\n"
    },
    {
      "start": 37080,
      "stop": 37412,
      "text": "k\n"
    },
    {
      "start": 37412,
      "stop": 37932,
      "text": "w\n"
    },
    {
      "start": 37932,
      "stop": 38304,
      "text": "ax\n"
    },
    {
      "start": 38304,
      "stop": 39503,
      "text": "z\n"
    },
    {
      "start": 39503,
      "stop": 40271,
      "text": "y\n"
    },
    {
      "start": 40271,
      "stop": 40940,
      "text": "ux\n"
    },
    {
      "start": 40940,
      "stop": 42246,
      "text": "zh\n"
    },
    {
      "start": 42246,
      "stop": 43012,
      "text": "l\n"
    },
    {
      "start": 43012,
      "stop": 43933,
      "text": "iy\n"
    },
    {
      "start": 43933,
      "stop": 45530,
      "text": "f\n"
    },
    {
      "start": 45530,
      "stop": 47080,
      "text": "er\n"
    },
    {
      "start": 47080,
      "stop": 48487,
      "text": "s\n"
    },
    {
      "start": 48487,
      "stop": 48596,
      "text": "tcl\n"
    },
    {
      "start": 48596,
      "stop": 49270,
      "text": "t\n"
    },
    {
      "start": 49270,
      "stop": 52520,
      "text": "ey\n"
    },
    {
      "start": 52520,
      "stop": 53083,
      "text": "dcl\n"
    },
    {
      "start": 53083,
      "stop": 54120,
      "text": "d\n"
    },
    {
      "start": 54120,
      "stop": 62160,
      "text": "h#\n"
    }
  ]
}