{
  "algo": "consensus",
  "birth_date": "02/26/54",
  "comments": "",
  "dialect": "Northern",
  "education": "Master's Degree (MS or MA)",
  "height": 1.7018,
  "noise_dataset": null,
  "phoneme_times": [
    {
      "start": 0,
      "stop": 2040,
      "text": "h#\n"
    },
    {
      "start": 2040,
      "stop": 2440,
      "text": "b\n"
    },
    {
      "start": 2440,
      "stop": 2966,
      "text": "ax\n"
    },
    {
      "start": 2966,
      "stop": 3880,
      "text": "l\n"
    },
    {
      "start": 3880,
      "stop": 7000,
      "text": "ey\n"
    },
    {
      "start": 7000,
      "stop": 8647,
      "text": "z\n"
    },
    {
      "start": 8647,
      "stop": 9023,
      "text": "w\n"
    },
    {
      "start": 9023,
      "stop": 10151,
      "text": "axr\n"
    },
    {
      "start": 10151,
      "stop": 11028,
      "text": "epi\n"
    },
    {
      "start": 11028,
      "stop": 12470,
      "text": "y\n"
    },
    {
      "start": 12470,
      "stop": 13640,
      "text": "ux\n"
    },
    {
      "start": 13640,
      "stop": 15400,
      "text": "z\n"
    },
    {
      "start": 15400,
      "stop": 16120,
      "text": "ix\n"
    },
    {
      "start": 16120,
      "stop": 16680,
      "text": "n\n"
    },
    {
      "start": 16680,
      "stop": 18920,
      "text": "aa\n"
    },
    {
      "start": 18920,
      "stop": 20511,
      "text": "pcl\n"
    },
    {
      "start": 20511,
      "stop": 21129,
      "text": "p\n"
    },
    {
      "start": 21129,
      "stop": 22185,
      "text": "axr\n"
    },
    {
      "start": 22185,
      "stop": 24040,
      "text": "f\n"
    },
    {
      "start": 24040,
      "stop": 24600,
      "text": "r\n"
    },
    {
      "start": 24600,
      "stop": 25160,
      "text": "em\n"
    },
    {
      "start": 25160,
      "stop": 25880,
      "text": "ix\n"
    },
    {
      "start": 25880,
      "stop": 26681,
      "text": "tcl\n"
    },
    {
      "start": 26681,
      "stop": 27488,
      "text": "s\n"
    },
    {
      "start": 27488,
      "stop": 28449,
      "text": "bcl\n"
    },
    {
      "start": 28449,
      "stop": 28736,
      "text": "b\n"
    },
    {
      "start": 28736,
      "stop": 29240,
      "text": "iy\n"
    },
    {
      "start": 29240,
      "stop": 29960,
      "text": "gcl\n"
    },
    {
      "start": 29960,
      "stop": 30663,
      "text": "g\n"
    },
    {
      "start": 30663,
      "stop": 32599,
      "text": "ih\n"
    },
    {
      "start": 32599,
      "stop": 33135,
      "text": "n\n"
    },
    {
      "start": 33135,
      "stop": 34422,
      "text": "ih\n"
    },
    {
      "start": 34422,
      "stop": 36355,
      "text": "ng\n"
    },
    {
      "start": 36355,
      "stop": 49040,
      "text": "h#\n"
    }
  ],
  "phonetic_codes": [
    "/b ae l ey1 z/",
    "/w er/",
    "/y uw1 z d/",
    "/ih1 n/",
    "/aa1 p axr ax/",
    "/f r ah1 m/",
    "/ih1 t s/"
  ],
  "race": "White",
  "recording_date": "02/11/86",
  "sentence": "Ballets were used in opera from its beginning.",
  "sentence_id": "SI1265",
  "sentence_time": {
    "start": 0,
    "stop": 49050,
    "text": "Ballets were used in opera from its beginning.\n"
  },
  "sex": "F",
  "speaker_id": "JWB0",
  "speech": "SI1265JWB0",
  "speech_dataset": "timit",
  "use": "System test speaker",
  "word_times": [
    {
      "start": 0,
      "stop": 2040,
      "text": "h#\n"
    },
    {
      "start": 2040,
      "stop": 2440,
      "text": "b\n"
    },
    {
      "start": 2440,
      "stop": 2966,
      "text": "ax\n"
    },
    {
      "start": 2966,
      "stop": 3880,
      "text": "l\n"
    },
    {
      "start": 3880,
      "stop": 7000,
      "text": "ey\n"
    },
    {
      "start": 7000,
      "stop": 8647,
      "text": "z\n"
    },
    {
      "start": 8647,
      "stop": 9023,
      "text": "w\n"
    },
    {
      "start": 9023,
      "stop": 10151,
      "text": "axr\n"
    },
    {
      "start": 10151,
      "stop": 11028,
      "text": "epi\n"
    },
    {
      "start": 11028,
      "stop": 12470,
      "text": "y\n"
    },
    {
      "start": 12470,
      "stop": 13640,
      "text": "ux\n"
    },
    {
      "start": 13640,
      "stop": 15400,
      "text": "z\n"
    },
    {
      "start": 15400,
      "stop": 16120,
      "text": "ix\n"
    },
    {
      "start": 16120,
      "stop": 16680,
      "text": "n\n"
    },
    {
      "start": 16680,
      "stop": 18920,
      "text": "aa\n"
    },
    {
      "start": 18920,
      "stop": 20511,
      "text": "pcl\n"
    },
    {
      "start": 20511,
      "stop": 21129,
      "text": "p\n"
    },
    {
      "start": 21129,
      "stop": 22185,
      "text": "axr\n"
    },
    {
      "start": 22185,
      "stop": 24040,
      "text": "f\n"
    },
    {
      "start": 24040,
      "stop": 24600,
      "text": "r\n"
    },
    {
      "start": 24600,
      "stop": 25160,
      "text": "em\n"
    },
    {
      "start": 25160,
      "stop": 25880,
      "text": "ix\n"
    },
    {
      "start": 25880,
      "stop": 26681,
      "text": "tcl\n"
    },
    {
      "start": 26681,
      "stop": 27488,
      "text": "s\n"
    },
    {
      "start": 27488,
      "stop": 28449,
      "text": "bcl\n"
    },
    {
      "start": 28449,
      "stop": 28736,
      "text": "b\n"
    },
    {
      "start": 28736,
      "stop": 29240,
      "text": "iy\n"
    },
    {
      "start": 29240,
      "stop": 29960,
      "text": "gcl\n"
    },
    {
      "start": 29960,
      "stop": 30663,
      "text": "g\n"
    },
    {
      "start": 30663,
      "stop": 32599,
      "text": "ih\n"
    },
    {
      "start": 32599,
      "stop": 33135,
      "text": "n\n"
    },
    {
      "start": 33135,
      "stop": 34422,
      "text": "ih\n"
    },
    {
      "start": 34422,
      "stop": 36355,
      "text": "ng\n"
    },
    {
      "start": 36355,
      "stop": 49040,
      "text": "h#\n"
    }
  ]
}