{
  "algo": "consensus",
  "birth_date": "11/24/59",
  "comments": "",
  "dialect": "Western",
  "education": "Master's Degree (MS or MA)",
  "height": 1.8034,
  "noise_dataset": null,
  "phoneme_times": [
    {
      "start": 0,
      "stop": 2339,
      "text": "h#\n"
    },
    {
      "start": 2339,
      "stop": 3564,
      "text": "s\n"
    },
    {
      "start": 3564,
      "stop": 4093,
      "text": "tcl\n"
    },
    {
      "start": 4093,
      "stop": 4553,
      "text": "t\n"
    },
    {
      "start": 4553,
      "stop": 5378,
      "text": "ih\n"
    },
    {
      "start": 5378,
      "stop": 6475,
      "text": "m\n"
    },
    {
      "start": 6475,
      "stop": 6934,
      "text": "y\n"
    },
    {
      "start": 6934,
      "stop": 8396,
      "text": "ux\n"
    },
    {
      "start": 8396,
      "stop": 9399,
      "text": "ey\n"
    },
    {
      "start": 9399,
      "stop": 9650,
      "text": "dx\n"
    },
    {
      "start": 9650,
      "stop": 10903,
      "text": "iy\n"
    },
    {
      "start": 10903,
      "stop": 11864,
      "text": "ng\n"
    },
    {
      "start": 11864,
      "stop": 12327,
      "text": "dcl\n"
    },
    {
      "start": 12327,
      "stop": 12583,
      "text": "d\n"
    },
    {
      "start": 12583,
      "stop": 12955,
      "text": "ix\n"
    },
    {
      "start": 12955,
      "stop": 14412,
      "text": "s\n"
    },
    {
      "start": 14412,
      "stop": 15252,
      "text": "kcl\n"
    },
    {
      "start": 15252,
      "stop": 15592,
      "text": "k\n"
    },
    {
      "start": 15592,
      "stop": 17545,
      "text": "ah\n"
    },
    {
      "start": 17545,
      "stop": 19211,
      "text": "sh\n"
    },
    {
      "start": 19211,
      "stop": 20385,
      "text": "en\n"
    },
    {
      "start": 20385,
      "stop": 21329,
      "text": "z\n"
    },
    {
      "start": 21329,
      "stop": 21951,
      "text": "kcl\n"
    },
    {
      "start": 21951,
      "stop": 22669,
      "text": "k\n"
    },
    {
      "start": 22669,
      "stop": 23901,
      "text": "iy\n"
    },
    {
      "start": 23901,
      "stop": 24528,
      "text": "pcl\n"
    },
    {
      "start": 24528,
      "stop": 24907,
      "text": "p\n"
    },
    {
      "start": 24907,
      "stop": 26109,
      "text": "s\n"
    },
    {
      "start": 26109,
      "stop": 26821,
      "text": "tcl\n"
    },
    {
      "start": 26821,
      "stop": 27411,
      "text": "t\n"
    },
    {
      "start": 27411,
      "stop": 28873,
      "text": "ux\n"
    },
    {
      "start": 28873,
      "stop": 29368,
      "text": "dcl\n"
    },
    {
      "start": 29368,
      "stop": 30621,
      "text": "en\n"
    },
    {
      "start": 30621,
      "stop": 31221,
      "text": "tcl\n"
    },
    {
      "start": 31221,
      "stop": 31400,
      "text": "t\n"
    },
    {
      "start": 31400,
      "stop": 32682,
      "text": "s\n"
    },
    {
      "start": 32682,
      "stop": 33401,
      "text": "ix\n"
    },
    {
      "start": 33401,
      "stop": 34612,
      "text": "tcl\n"
    },
    {
      "start": 34612,
      "stop": 35690,
      "text": "t\n"
    },
    {
      "start": 35690,
      "stop": 37267,
      "text": "eh\n"
    },
    {
      "start": 37267,
      "stop": 38131,
      "text": "n\n"
    },
    {
      "start": 38131,
      "stop": 40167,
      "text": "sh\n"
    },
    {
      "start": 40167,
      "stop": 40744,
      "text": "ix\n"
    },
    {
      "start": 40744,
      "stop": 41803,
      "text": "n\n"
    },
    {
      "start": 41803,
      "stop": 44544,
      "text": "h#\n"
    }
  ],
  "phonetic_codes": [
    "/s t ih1 m y uw l ey2 t ix ng/",
    "/d ih s k ah1 sh ix n z/",
    "/k iy1 p/",
    "/s t uw1 d en t s/"
  ],
  "race": "White",
  "recording_date": "03/13/86",
  "sentence": "Stimulating discussions keep students' attention.",
  "sentence_id": "SX40",
  "sentence_time": {
    "start": 0,
    "stop": 44544,
    "text": "Stimulating discussions keep students' attention.\n"
  },
  "sex": "M",
  "speaker_id": "DCM0",
  "speech": "SX40DCM0",
  "speech_dataset": "timit",
  "use": "System training speaker",
  "word_times": [
    {
      "start": 0,
      "stop": 2339,
      "text": "h#\n"
    },
    {
      "start": 2339,
      "stop": 3564,
      "text": "s\n"
    },
    {
      "start": 3564,
      "stop": 4093,
      "text": "tcl\n"
    },
    {
      "start": 4093,
      "stop": 4553,
      "text": "t\n"
    },
    {
      "start": 4553,
      "stop": 5378,
      "text": "ih\n"
    },
    {
      "start": 5378,
      "stop": 6475,
      "text": "m\n"
    },
    {
      "start": 6475,
      "stop": 6934,
      "text": "y\n"
    },
    {
      "start": 6934,
      "stop": 8396,
      "text": "ux\n"
    },
    {
      "start": 8396,
      "stop": 9399,
      "text": "ey\n"
    },
    {
      "start": 9399,
      "stop": 9650,
      "text": "dx\n"
    },
    {
      "start": 9650,
      "stop": 10903,
      "text": "iy\n"
    },
    {
      "start": 10903,
      "stop": 11864,
      "text": "ng\n"
    },
    {
      "start": 11864,
      "stop": 12327,
      "text": "dcl\n"
    },
    {
      "start": 12327,
      "stop": 12583,
      "text": "d\n"
    },
    {
      "start": 12583,
      "stop": 12955,
      "text": "ix\n"
    },
    {
      "start": 12955,
      "stop": 14412,
      "text": "s\n"
    },
    {
      "start": 14412,
      "stop": 15252,
      "text": "kcl\n"
    },
    {
      "start": 15252,
      "stop": 15592,
      "text": "k\n"
    },
    {
      "start": 15592,
      "stop": 17545,
      "text": "ah\n"
    },
    {
      "start": 17545,
      "stop": 19211,
      "text": "sh\n"
    },
    {
      "start": 19211,
      "stop": 20385,
      "text": "en\n"
    },
    {
      "start": 20385,
      "stop": 21329,
      "text": "z\n"
    },
    {
      "start": 21329,
      "stop": 21951,
      "text": "kcl\n"
    },
    {
      "start": 21951,
      "stop": 22669,
      "text": "k\n"
    },
    {
      "start": 22669,
      "stop": 23901,
      "text": "iy\n"
    },
    {
      "start": 23901,
      "stop": 24528,
      "text": "pcl\n"
    },
    {
      "start": 24528,
      "stop": 24907,
      "text": "p\n"
    },
    {
      "start": 24907,
      "stop": 26109,
      "text": "s\n"
    },
    {
      "start": 26109,
      "stop": 26821,
      "text": "tcl\n"
    },
    {
      "start": 26821,
      "stop": 27411,
      "text": "t\n"
    },
    {
      "start": 27411,
      "stop": 28873,
      "text": "ux\n"
    },
    {
      "start": 28873,
      "stop": 29368,
      "text": "dcl\n"
    },
    {
      "start": 29368,
      "stop": 30621,
      "text": "en\n"
    },
    {
      "start": 30621,
      "stop": 31221,
      "text": "tcl\n"
    },
    {
      "start": 31221,
      "stop": 31400,
      "text": "t\n"
    },
    {
      "start": 31400,
      "stop": 32682,
      "text": "s\n"
    },
    {
      "start": 32682,
      "stop": 33401,
      "text": "ix\n"
    },
    {
      "start": 33401,
      "stop": 34612,
      "text": "tcl\n"
    },
    {
      "start": 34612,
      "stop": 35690,
      "text": "t\n"
    },
    {
      "start": 35690,
      "stop": 37267,
      "text": "eh\n"
    },
    {
      "start": 37267,
      "stop": 38131,
      "text": "n\n"
    },
    {
      "start": 38131,
      "stop": 40167,
      "text": "sh\n"
    },
    {
      "start": 40167,
      "stop": 40744,
      "text": "ix\n"
    },
    {
      "start": 40744,
      "stop": 41803,
      "text": "n\n"
    },
    {
      "start": 41803,
      "stop": 44544,
      "text": "h#\n"
    }
  ]
}