{
  "algo": "consensus",
  "birth_date": "02/26/56",
  "comments": "",
  "dialect": "Northern",
  "education": "Bachelor's Degree (BS or BA)",
  "height": 1.7272,
  "noise_dataset": null,
  "phoneme_times": [
    {
      "start": 0,
      "stop": 2280,
      "text": "h#\n"
    },
    {
      "start": 2280,
      "stop": 3801,
      "text": "sh\n"
    },
    {
      "start": 3801,
      "stop": 4760,
      "text": "iy\n"
    },
    {
      "start": 4760,
      "stop": 5806,
      "text": "hv\n"
    },
    {
      "start": 5806,
      "stop": 8105,
      "text": "ae\n"
    },
    {
      "start": 8105,
      "stop": 9399,
      "text": "y\n"
    },
    {
      "start": 9399,
      "stop": 11154,
      "text": "er\n"
    },
    {
      "start": 11154,
      "stop": 11640,
      "text": "dcl\n"
    },
    {
      "start": 11640,
      "stop": 12200,
      "text": "d\n"
    },
    {
      "start": 12200,
      "stop": 13906,
      "text": "aa\n"
    },
    {
      "start": 13906,
      "stop": 14913,
      "text": "r\n"
    },
    {
      "start": 14913,
      "stop": 16120,
      "text": "kcl\n"
    },
    {
      "start": 16120,
      "stop": 18760,
      "text": "s\n"
    },
    {
      "start": 18760,
      "stop": 22040,
      "text": "ux\n"
    },
    {
      "start": 22040,
      "stop": 23937,
      "text": "tcl\n"
    },
    {
      "start": 23937,
      "stop": 25232,
      "text": "ih\n"
    },
    {
      "start": 25232,
      "stop": 26276,
      "text": "n\n"
    },
    {
      "start": 26276,
      "stop": 27160,
      "text": "gcl\n"
    },
    {
      "start": 27160,
      "stop": 27571,
      "text": "g\n"
    },
    {
      "start": 27571,
      "stop": 28449,
      "text": "r\n"
    },
    {
      "start": 28449,
      "stop": 30120,
      "text": "iy\n"
    },
    {
      "start": 30120,
      "stop": 31720,
      "text": "s\n"
    },
    {
      "start": 31720,
      "stop": 33080,
      "text": "iy\n"
    },
    {
      "start": 33080,
      "stop": 34760,
      "text": "w\n"
    },
    {
      "start": 34760,
      "stop": 37720,
      "text": "aa\n"
    },
    {
      "start": 37720,
      "stop": 39880,
      "text": "sh\n"
    },
    {
      "start": 39880,
      "stop": 40939,
      "text": "w\n"
    },
    {
      "start": 40939,
      "stop": 42819,
      "text": "ao\n"
    },
    {
      "start": 42819,
      "stop": 43240,
      "text": "dx\n"
    },
    {
      "start": 43240,
      "stop": 44840,
      "text": "er\n"
    },
    {
      "start": 44840,
      "stop": 45720,
      "text": "q\n"
    },
    {
      "start": 45720,
      "stop": 48073,
      "text": "ao\n"
    },
    {
      "start": 48073,
      "stop": 48867,
      "text": "l\n"
    },
    {
      "start": 48867,
      "stop": 50280,
      "text": "y\n"
    },
    {
      "start": 50280,
      "stop": 52000,
      "text": "ih\n"
    },
    {
      "start": 52000,
      "stop": 54256,
      "text": "er\n"
    },
    {
      "start": 54256,
      "stop": 58400,
      "text": "h#\n"
    }
  ],
  "phonetic_codes": [
    "/sh iy1/",
    "/hh ae1 d/",
    "/y uh1 r/",
    "/d aa1 r k/",
    "/s uw1 t/",
    "/ih1 n/",
    "/g r iy1 s iy/",
    "/w ao1 sh/",
    "/w ao1 t axr/",
    "/ao1 l/"
  ],
  "race": "White",
  "recording_date": "01/16/86",
  "sentence": "She had your dark suit in greasy wash water all year.",
  "sentence_id": "SA1",
  "sentence_time": {
    "start": 0,
    "stop": 58472,
    "text": "She had your dark suit in greasy wash water all year.\n"
  },
  "sex": "M",
  "speaker_id": "EFG0",
  "speech": "SA1EFG0",
  "speech_dataset": "timit",
  "use": "System training speaker",
  "word_times": [
    {
      "start": 0,
      "stop": 2280,
      "text": "h#\n"
    },
    {
      "start": 2280,
      "stop": 3801,
      "text": "sh\n"
    },
    {
      "start": 3801,
      "stop": 4760,
      "text": "iy\n"
    },
    {
      "start": 4760,
      "stop": 5806,
      "text": "hv\n"
    },
    {
      "start": 5806,
      "stop": 8105,
      "text": "ae\n"
    },
    {
      "start": 8105,
      "stop": 9399,
      "text": "y\n"
    },
    {
      "start": 9399,
      "stop": 11154,
      "text": "er\n"
    },
    {
      "start": 11154,
      "stop": 11640,
      "text": "dcl\n"
    },
    {
      "start": 11640,
      "stop": 12200,
      "text": "d\n"
    },
    {
      "start": 12200,
      "stop": 13906,
      "text": "aa\n"
    },
    {
      "start": 13906,
      "stop": 14913,
      "text": "r\n"
    },
    {
      "start": 14913,
      "stop": 16120,
      "text": "kcl\n"
    },
    {
      "start": 16120,
      "stop": 18760,
      "text": "s\n"
    },
    {
      "start": 18760,
      "stop": 22040,
      "text": "ux\n"
    },
    {
      "start": 22040,
      "stop": 23937,
      "text": "tcl\n"
    },
    {
      "start": 23937,
      "stop": 25232,
      "text": "ih\n"
    },
    {
      "start": 25232,
      "stop": 26276,
      "text": "n\n"
    },
    {
      "start": 26276,
      "stop": 27160,
      "text": "gcl\n"
    },
    {
      "start": 27160,
      "stop": 27571,
      "text": "g\n"
    },
    {
      "start": 27571,
      "stop": 28449,
      "text": "r\n"
    },
    {
      "start": 28449,
      "stop": 30120,
      "text": "iy\n"
    },
    {
      "start": 30120,
      "stop": 31720,
      "text": "s\n"
    },
    {
      "start": 31720,
      "stop": 33080,
      "text": "iy\n"
    },
    {
      "start": 33080,
      "stop": 34760,
      "text": "w\n"
    },
    {
      "start": 34760,
      "stop": 37720,
      "text": "aa\n"
    },
    {
      "start": 37720,
      "stop": 39880,
      "text": "sh\n"
    },
    {
      "start": 39880,
      "stop": 40939,
      "text": "w\n"
    },
    {
      "start": 40939,
      "stop": 42819,
      "text": "ao\n"
    },
    {
      "start": 42819,
      "stop": 43240,
      "text": "dx\n"
    },
    {
      "start": 43240,
      "stop": 44840,
      "text": "er\n"
    },
    {
      "start": 44840,
      "stop": 45720,
      "text": "q\n"
    },
    {
      "start": 45720,
      "stop": 48073,
      "text": "ao\n"
    },
    {
      "start": 48073,
      "stop": 48867,
      "text": "l\n"
    },
    {
      "start": 48867,
      "stop": 50280,
      "text": "y\n"
    },
    {
      "start": 50280,
      "stop": 52000,
      "text": "ih\n"
    },
    {
      "start": 52000,
      "stop": 54256,
      "text": "er\n"
    },
    {
      "start": 54256,
      "stop": 58400,
      "text": "h#\n"
    }
  ]
}