{
  "algo": "consensus",
  "birth_date": "06/10/10",
  "comments": "",
  "dialect": "Southern",
  "education": "Bachelor's Degree (BS or BA)",
  "height": 1.7018,
  "noise_dataset": null,
  "phoneme_times": [
    {
      "start": 0,
      "stop": 16108,
      "text": "h#\n"
    },
    {
      "start": 16108,
      "stop": 17590,
      "text": "dh\n"
    },
    {
      "start": 17590,
      "stop": 19091,
      "text": "iy\n"
    },
    {
      "start": 19091,
      "stop": 21890,
      "text": "w\n"
    },
    {
      "start": 21890,
      "stop": 24920,
      "text": "er\n"
    },
    {
      "start": 24920,
      "stop": 26297,
      "text": "dcl\n"
    },
    {
      "start": 26297,
      "stop": 27471,
      "text": "m\n"
    },
    {
      "start": 27471,
      "stop": 30287,
      "text": "iy\n"
    },
    {
      "start": 30287,
      "stop": 32375,
      "text": "n\n"
    },
    {
      "start": 32375,
      "stop": 33960,
      "text": "z\n"
    },
    {
      "start": 33960,
      "stop": 34924,
      "text": "ih\n"
    },
    {
      "start": 34924,
      "stop": 36306,
      "text": "q\n"
    },
    {
      "start": 36306,
      "stop": 37146,
      "text": "w\n"
    },
    {
      "start": 37146,
      "stop": 38547,
      "text": "ow\n"
    },
    {
      "start": 38547,
      "stop": 39111,
      "text": "n\n"
    },
    {
      "start": 39111,
      "stop": 41370,
      "text": "tcl\n"
    },
    {
      "start": 41370,
      "stop": 41480,
      "text": "b\n"
    },
    {
      "start": 41480,
      "stop": 44986,
      "text": "ao\n"
    },
    {
      "start": 44986,
      "stop": 45529,
      "text": "l\n"
    },
    {
      "start": 45529,
      "stop": 46698,
      "text": "ax\n"
    },
    {
      "start": 46698,
      "stop": 48244,
      "text": "w\n"
    },
    {
      "start": 48244,
      "stop": 50458,
      "text": "ey\n"
    },
    {
      "start": 50458,
      "stop": 51850,
      "text": "q\n"
    },
    {
      "start": 51850,
      "stop": 53640,
      "text": "iy\n"
    },
    {
      "start": 53640,
      "stop": 55460,
      "text": "z\n"
    },
    {
      "start": 55460,
      "stop": 55973,
      "text": "ax\n"
    },
    {
      "start": 55973,
      "stop": 57685,
      "text": "l\n"
    },
    {
      "start": 57685,
      "stop": 59189,
      "text": "ix\n"
    },
    {
      "start": 59189,
      "stop": 67086,
      "text": "pau\n"
    },
    {
      "start": 67086,
      "stop": 68112,
      "text": "n\n"
    },
    {
      "start": 68112,
      "stop": 69272,
      "text": "ah\n"
    },
    {
      "start": 69272,
      "stop": 70840,
      "text": "th\n"
    },
    {
      "start": 70840,
      "stop": 71637,
      "text": "ih\n"
    },
    {
      "start": 71637,
      "stop": 72556,
      "text": "ng\n"
    },
    {
      "start": 72556,
      "stop": 73906,
      "text": "eh\n"
    },
    {
      "start": 73906,
      "stop": 74680,
      "text": "l\n"
    },
    {
      "start": 74680,
      "stop": 76730,
      "text": "tcl\n"
    },
    {
      "start": 76730,
      "stop": 77299,
      "text": "t\n"
    },
    {
      "start": 77299,
      "stop": 78980,
      "text": "s\n"
    },
    {
      "start": 78980,
      "stop": 97840,
      "text": "h#\n"
    }
  ],
  "phonetic_codes": [
    "/dh ax/",
    "/w er1 d/",
    "/m iy1 n z/",
    "/ih1 t/",
    "/w ow1 n t/",
    "/b oy1 l/",
    "/ax w ey1/",
    "/n ah1 th ih ng/"
  ],
  "race": "White",
  "recording_date": "03/18/86",
  "sentence": "The word means it won't boil away easily, nothing else.",
  "sentence_id": "SI871",
  "sentence_time": {
    "start": 0,
    "stop": 97895,
    "text": "The word means it won't boil away easily, nothing else.\n"
  },
  "sex": "M",
  "speaker_id": "PMB0",
  "speech": "SI871PMB0",
  "speech_dataset": "timit",
  "use": "System training speaker",
  "word_times": [
    {
      "start": 0,
      "stop": 16108,
      "text": "h#\n"
    },
    {
      "start": 16108,
      "stop": 17590,
      "text": "dh\n"
    },
    {
      "start": 17590,
      "stop": 19091,
      "text": "iy\n"
    },
    {
      "start": 19091,
      "stop": 21890,
      "text": "w\n"
    },
    {
      "start": 21890,
      "stop": 24920,
      "text": "er\n"
    },
    {
      "start": 24920,
      "stop": 26297,
      "text": "dcl\n"
    },
    {
      "start": 26297,
      "stop": 27471,
      "text": "m\n"
    },
    {
      "start": 27471,
      "stop": 30287,
      "text": "iy\n"
    },
    {
      "start": 30287,
      "stop": 32375,
      "text": "n\n"
    },
    {
      "start": 32375,
      "stop": 33960,
      "text": "z\n"
    },
    {
      "start": 33960,
      "stop": 34924,
      "text": "ih\n"
    },
    {
      "start": 34924,
      "stop": 36306,
      "text": "q\n"
    },
    {
      "start": 36306,
      "stop": 37146,
      "text": "w\n"
    },
    {
      "start": 37146,
      "stop": 38547,
      "text": "ow\n"
    },
    {
      "start": 38547,
      "stop": 39111,
      "text": "n\n"
    },
    {
      "start": 39111,
      "stop": 41370,
      "text": "tcl\n"
    },
    {
      "start": 41370,
      "stop": 41480,
      "text": "b\n"
    },
    {
      "start": 41480,
      "stop": 44986,
      "text": "ao\n"
    },
    {
      "start": 44986,
      "stop": 45529,
      "text": "l\n"
    },
    {
      "start": 45529,
      "stop": 46698,
      "text": "ax\n"
    },
    {
      "start": 46698,
      "stop": 48244,
      "text": "w\n"
    },
    {
      "start": 48244,
      "stop": 50458,
      "text": "ey\n"
    },
    {
      "start": 50458,
      "stop": 51850,
      "text": "q\n"
    },
    {
      "start": 51850,
      "stop": 53640,
      "text": "iy\n"
    },
    {
      "start": 53640,
      "stop": 55460,
      "text": "z\n"
    },
    {
      "start": 55460,
      "stop": 55973,
      "text": "ax\n"
    },
    {
      "start": 55973,
      "stop": 57685,
      "text": "l\n"
    },
    {
      "start": 57685,
      "stop": 59189,
      "text": "ix\n"
    },
    {
      "start": 59189,
      "stop": 67086,
      "text": "pau\n"
    },
    {
      "start": 67086,
      "stop": 68112,
      "text": "n\n"
    },
    {
      "start": 68112,
      "stop": 69272,
      "text": "ah\n"
    },
    {
      "start": 69272,
      "stop": 70840,
      "text": "th\n"
    },
    {
      "start": 70840,
      "stop": 71637,
      "text": "ih\n"
    },
    {
      "start": 71637,
      "stop": 72556,
      "text": "ng\n"
    },
    {
      "start": 72556,
      "stop": 73906,
      "text": "eh\n"
    },
    {
      "start": 73906,
      "stop": 74680,
      "text": "l\n"
    },
    {
      "start": 74680,
      "stop": 76730,
      "text": "tcl\n"
    },
    {
      "start": 76730,
      "stop": 77299,
      "text": "t\n"
    },
    {
      "start": 77299,
      "stop": 78980,
      "text": "s\n"
    },
    {
      "start": 78980,
      "stop": 97840,
      "text": "h#\n"
    }
  ]
}