{
  "algo": "consensus",
  "birth_date": "07/01/59",
  "comments": "",
  "dialect": "North Midland",
  "education": "Master's Degree (MS or MA)",
  "height": 1.778,
  "noise_dataset": null,
  "phoneme_times": [
    {
      "start": 0,
      "stop": 2360,
      "text": "h#\n"
    },
    {
      "start": 2360,
      "stop": 4219,
      "text": "s\n"
    },
    {
      "start": 4219,
      "stop": 5643,
      "text": "ah\n"
    },
    {
      "start": 5643,
      "stop": 6630,
      "text": "tcl\n"
    },
    {
      "start": 6630,
      "stop": 9337,
      "text": "ch\n"
    },
    {
      "start": 9337,
      "stop": 10485,
      "text": "pau\n"
    },
    {
      "start": 10485,
      "stop": 11160,
      "text": "hh\n"
    },
    {
      "start": 11160,
      "stop": 12941,
      "text": "aa\n"
    },
    {
      "start": 12941,
      "stop": 14150,
      "text": "pcl\n"
    },
    {
      "start": 14150,
      "stop": 14880,
      "text": "t\n"
    },
    {
      "start": 14880,
      "stop": 16205,
      "text": "em\n"
    },
    {
      "start": 16205,
      "stop": 17963,
      "text": "ih\n"
    },
    {
      "start": 17963,
      "stop": 18700,
      "text": "z\n"
    },
    {
      "start": 18700,
      "stop": 19425,
      "text": "ax\n"
    },
    {
      "start": 19425,
      "stop": 20554,
      "text": "m\n"
    },
    {
      "start": 20554,
      "stop": 21434,
      "text": "w\n"
    },
    {
      "start": 21434,
      "stop": 22408,
      "text": "ax\n"
    },
    {
      "start": 22408,
      "stop": 23520,
      "text": "z\n"
    },
    {
      "start": 23520,
      "stop": 23800,
      "text": "kcl\n"
    },
    {
      "start": 23800,
      "stop": 24402,
      "text": "k\n"
    },
    {
      "start": 24402,
      "stop": 25216,
      "text": "em\n"
    },
    {
      "start": 25216,
      "stop": 26090,
      "text": "pcl\n"
    },
    {
      "start": 26090,
      "stop": 27230,
      "text": "p\n"
    },
    {
      "start": 27230,
      "stop": 27793,
      "text": "l\n"
    },
    {
      "start": 27793,
      "stop": 28844,
      "text": "iy\n"
    },
    {
      "start": 28844,
      "stop": 29260,
      "text": "tcl\n"
    },
    {
      "start": 29260,
      "stop": 29959,
      "text": "l\n"
    },
    {
      "start": 29959,
      "stop": 31331,
      "text": "iy\n"
    },
    {
      "start": 31331,
      "stop": 32624,
      "text": "ah\n"
    },
    {
      "start": 32624,
      "stop": 33426,
      "text": "n\n"
    },
    {
      "start": 33426,
      "stop": 33700,
      "text": "dcl\n"
    },
    {
      "start": 33700,
      "stop": 34388,
      "text": "jh\n"
    },
    {
      "start": 34388,
      "stop": 35720,
      "text": "ah\n"
    },
    {
      "start": 35720,
      "stop": 36520,
      "text": "s\n"
    },
    {
      "start": 36520,
      "stop": 36830,
      "text": "tcl\n"
    },
    {
      "start": 36830,
      "stop": 37430,
      "text": "t\n"
    },
    {
      "start": 37430,
      "stop": 38142,
      "text": "ax-h\n"
    },
    {
      "start": 38142,
      "stop": 39560,
      "text": "f\n"
    },
    {
      "start": 39560,
      "stop": 42360,
      "text": "ay\n"
    },
    {
      "start": 42360,
      "stop": 42680,
      "text": "dcl\n"
    },
    {
      "start": 42680,
      "stop": 43240,
      "text": "d\n"
    },
    {
      "start": 43240,
      "stop": 45200,
      "text": "h#\n"
    }
  ],
  "phonetic_codes": [
    "/s ah1 ch/",
    "/aa1 p t ax m ih2 z em/",
    "/w ax z/",
    "/k ax m p l iy1 t l iy/"
  ],
  "race": "White",
  "recording_date": "04/16/86",
  "sentence": "Such optimism was completely unjustified.",
  "sentence_id": "SI1645",
  "sentence_time": {
    "start": 0,
    "stop": 45261,
    "text": "Such optimism was completely unjustified.\n"
  },
  "sex": "M",
  "speaker_id": "THC0",
  "speech": "SI1645THC0",
  "speech_dataset": "timit",
  "use": "System test speaker",
  "word_times": [
    {
      "start": 0,
      "stop": 2360,
      "text": "h#\n"
    },
    {
      "start": 2360,
      "stop": 4219,
      "text": "s\n"
    },
    {
      "start": 4219,
      "stop": 5643,
      "text": "ah\n"
    },
    {
      "start": 5643,
      "stop": 6630,
      "text": "tcl\n"
    },
    {
      "start": 6630,
      "stop": 9337,
      "text": "ch\n"
    },
    {
      "start": 9337,
      "stop": 10485,
      "text": "pau\n"
    },
    {
      "start": 10485,
      "stop": 11160,
      "text": "hh\n"
    },
    {
      "start": 11160,
      "stop": 12941,
      "text": "aa\n"
    },
    {
      "start": 12941,
      "stop": 14150,
      "text": "pcl\n"
    },
    {
      "start": 14150,
      "stop": 14880,
      "text": "t\n"
    },
    {
      "start": 14880,
      "stop": 16205,
      "text": "em\n"
    },
    {
      "start": 16205,
      "stop": 17963,
      "text": "ih\n"
    },
    {
      "start": 17963,
      "stop": 18700,
      "text": "z\n"
    },
    {
      "start": 18700,
      "stop": 19425,
      "text": "ax\n"
    },
    {
      "start": 19425,
      "stop": 20554,
      "text": "m\n"
    },
    {
      "start": 20554,
      "stop": 21434,
      "text": "w\n"
    },
    {
      "start": 21434,
      "stop": 22408,
      "text": "ax\n"
    },
    {
      "start": 22408,
      "stop": 23520,
      "text": "z\n"
    },
    {
      "start": 23520,
      "stop": 23800,
      "text": "kcl\n"
    },
    {
      "start": 23800,
      "stop": 24402,
      "text": "k\n"
    },
    {
      "start": 24402,
      "stop": 25216,
      "text": "em\n"
    },
    {
      "start": 25216,
      "stop": 26090,
      "text": "pcl\n"
    },
    {
      "start": 26090,
      "stop": 27230,
      "text": "p\n"
    },
    {
      "start": 27230,
      "stop": 27793,
      "text": "l\n"
    },
    {
      "start": 27793,
      "stop": 28844,
      "text": "iy\n"
    },
    {
      "start": 28844,
      "stop": 29260,
      "text": "tcl\n"
    },
    {
      "start": 29260,
      "stop": 29959,
      "text": "l\n"
    },
    {
      "start": 29959,
      "stop": 31331,
      "text": "iy\n"
    },
    {
      "start": 31331,
      "stop": 32624,
      "text": "ah\n"
    },
    {
      "start": 32624,
      "stop": 33426,
      "text": "n\n"
    },
    {
      "start": 33426,
      "stop": 33700,
      "text": "dcl\n"
    },
    {
      "start": 33700,
      "stop": 34388,
      "text": "jh\n"
    },
    {
      "start": 34388,
      "stop": 35720,
      "text": "ah\n"
    },
    {
      "start": 35720,
      "stop": 36520,
      "text": "s\n"
    },
    {
      "start": 36520,
      "stop": 36830,
      "text": "tcl\n"
    },
    {
      "start": 36830,
      "stop": 37430,
      "text": "t\n"
    },
    {
      "start": 37430,
      "stop": 38142,
      "text": "ax-h\n"
    },
    {
      "start": 38142,
      "stop": 39560,
      "text": "f\n"
    },
    {
      "start": 39560,
      "stop": 42360,
      "text": "ay\n"
    },
    {
      "start": 42360,
      "stop": 42680,
      "text": "dcl\n"
    },
    {
      "start": 42680,
      "stop": 43240,
      "text": "d\n"
    },
    {
      "start": 43240,
      "stop": 45200,
      "text": "h#\n"
    }
  ]
}