{
  "algo": "consensus",
  "birth_date": "03/05/55",
  "comments": "",
  "dialect": "Army Brat (moved around)",
  "education": "Master's Degree (MS or MA)",
  "height": 1.6764000000000001,
  "noise_dataset": null,
  "phoneme_times": [
    {
      "start": 0,
      "stop": 2040,
      "text": "h#\n"
    },
    {
      "start": 2040,
      "stop": 2760,
      "text": "dh\n"
    },
    {
      "start": 2760,
      "stop": 4440,
      "text": "ow\n"
    },
    {
      "start": 4440,
      "stop": 5430,
      "text": "z\n"
    },
    {
      "start": 5430,
      "stop": 6099,
      "text": "epi\n"
    },
    {
      "start": 6099,
      "stop": 6760,
      "text": "m\n"
    },
    {
      "start": 6760,
      "stop": 8280,
      "text": "ih\n"
    },
    {
      "start": 8280,
      "stop": 9400,
      "text": "z\n"
    },
    {
      "start": 9400,
      "stop": 10760,
      "text": "ih\n"
    },
    {
      "start": 10760,
      "stop": 12200,
      "text": "sh\n"
    },
    {
      "start": 12200,
      "stop": 13075,
      "text": "ih\n"
    },
    {
      "start": 13075,
      "stop": 14360,
      "text": "n\n"
    },
    {
      "start": 14360,
      "stop": 15320,
      "text": "z\n"
    },
    {
      "start": 15320,
      "stop": 16476,
      "text": "hh\n"
    },
    {
      "start": 16476,
      "stop": 17560,
      "text": "aa\n"
    },
    {
      "start": 17560,
      "stop": 18200,
      "text": "r\n"
    },
    {
      "start": 18200,
      "stop": 19216,
      "text": "m\n"
    },
    {
      "start": 19216,
      "stop": 19720,
      "text": "ix\n"
    },
    {
      "start": 19720,
      "stop": 20280,
      "text": "n\n"
    },
    {
      "start": 20280,
      "stop": 22520,
      "text": "ay\n"
    },
    {
      "start": 22520,
      "stop": 23477,
      "text": "z\n"
    },
    {
      "start": 23477,
      "stop": 24360,
      "text": "epi\n"
    },
    {
      "start": 24360,
      "stop": 25065,
      "text": "m\n"
    },
    {
      "start": 25065,
      "stop": 25984,
      "text": "aa\n"
    },
    {
      "start": 25984,
      "stop": 26694,
      "text": "r\n"
    },
    {
      "start": 26694,
      "stop": 27880,
      "text": "v\n"
    },
    {
      "start": 27880,
      "stop": 29075,
      "text": "el\n"
    },
    {
      "start": 29075,
      "stop": 29880,
      "text": "ax\n"
    },
    {
      "start": 29880,
      "stop": 32000,
      "text": "s\n"
    },
    {
      "start": 32000,
      "stop": 32710,
      "text": "epi\n"
    },
    {
      "start": 32710,
      "stop": 33462,
      "text": "l\n"
    },
    {
      "start": 33462,
      "stop": 34214,
      "text": "iy\n"
    },
    {
      "start": 34214,
      "stop": 36240,
      "text": "h#\n"
    }
  ],
  "phonetic_codes": [
    "/dh ow1 z/",
    "/m y uw z ih1 sh ix n z/",
    "/hh aa1 r m ax n ay2 z/"
  ],
  "race": "White",
  "recording_date": "01/30/86",
  "sentence": "Those musicians harmonize marvelously.",
  "sentence_id": "SX23",
  "sentence_time": {
    "start": 0,
    "stop": 36250,
    "text": "Those musicians harmonize marvelously.\n"
  },
  "sex": "M",
  "speaker_id": "SLB0",
  "speech": "SX23SLB0",
  "speech_dataset": "timit",
  "use": "System test speaker",
  "word_times": [
    {
      "start": 0,
      "stop": 2040,
      "text": "h#\n"
    },
    {
      "start": 2040,
      "stop": 2760,
      "text": "dh\n"
    },
    {
      "start": 2760,
      "stop": 4440,
      "text": "ow\n"
    },
    {
      "start": 4440,
      "stop": 5430,
      "text": "z\n"
    },
    {
      "start": 5430,
      "stop": 6099,
      "text": "epi\n"
    },
    {
      "start": 6099,
      "stop": 6760,
      "text": "m\n"
    },
    {
      "start": 6760,
      "stop": 8280,
      "text": "ih\n"
    },
    {
      "start": 8280,
      "stop": 9400,
      "text": "z\n"
    },
    {
      "start": 9400,
      "stop": 10760,
      "text": "ih\n"
    },
    {
      "start": 10760,
      "stop": 12200,
      "text": "sh\n"
    },
    {
      "start": 12200,
      "stop": 13075,
      "text": "ih\n"
    },
    {
      "start": 13075,
      "stop": 14360,
      "text": "n\n"
    },
    {
      "start": 14360,
      "stop": 15320,
      "text": "z\n"
    },
    {
      "start": 15320,
      "stop": 16476,
      "text": "hh\n"
    },
    {
      "start": 16476,
      "stop": 17560,
      "text": "aa\n"
    },
    {
      "start": 17560,
      "stop": 18200,
      "text": "r\n"
    },
    {
      "start": 18200,
      "stop": 19216,
      "text": "m\n"
    },
    {
      "start": 19216,
      "stop": 19720,
      "text": "ix\n"
    },
    {
      "start": 19720,
      "stop": 20280,
      "text": "n\n"
    },
    {
      "start": 20280,
      "stop": 22520,
      "text": "ay\n"
    },
    {
      "start": 22520,
      "stop": 23477,
      "text": "z\n"
    },
    {
      "start": 23477,
      "stop": 24360,
      "text": "epi\n"
    },
    {
      "start": 24360,
      "stop": 25065,
      "text": "m\n"
    },
    {
      "start": 25065,
      "stop": 25984,
      "text": "aa\n"
    },
    {
      "start": 25984,
      "stop": 26694,
      "text": "r\n"
    },
    {
      "start": 26694,
      "stop": 27880,
      "text": "v\n"
    },
    {
      "start": 27880,
      "stop": 29075,
      "text": "el\n"
    },
    {
      "start": 29075,
      "stop": 29880,
      "text": "ax\n"
    },
    {
      "start": 29880,
      "stop": 32000,
      "text": "s\n"
    },
    {
      "start": 32000,
      "stop": 32710,
      "text": "epi\n"
    },
    {
      "start": 32710,
      "stop": 33462,
      "text": "l\n"
    },
    {
      "start": 33462,
      "stop": 34214,
      "text": "iy\n"
    },
    {
      "start": 34214,
      "stop": 36240,
      "text": "h#\n"
    }
  ]
}