{
  "algo": "consensus",
  "birth_date": "02/15/62",
  "comments": "",
  "dialect": "Western",
  "education": "Bachelor's Degree (BS or BA)",
  "height": 1.778,
  "noise_dataset": null,
  "phoneme_times": [
    {
      "start": 0,
      "stop": 2460,
      "text": "h#\n"
    },
    {
      "start": 2460,
      "stop": 4290,
      "text": "sh\n"
    },
    {
      "start": 4290,
      "stop": 5205,
      "text": "iy\n"
    },
    {
      "start": 5205,
      "stop": 6042,
      "text": "hv\n"
    },
    {
      "start": 6042,
      "stop": 7603,
      "text": "ae\n"
    },
    {
      "start": 7603,
      "stop": 8370,
      "text": "dcl\n"
    },
    {
      "start": 8370,
      "stop": 8890,
      "text": "d\n"
    },
    {
      "start": 8890,
      "stop": 9380,
      "text": "y\n"
    },
    {
      "start": 9380,
      "stop": 10360,
      "text": "er\n"
    },
    {
      "start": 10360,
      "stop": 11600,
      "text": "dcl\n"
    },
    {
      "start": 11600,
      "stop": 11830,
      "text": "d\n"
    },
    {
      "start": 11830,
      "stop": 13368,
      "text": "aa\n"
    },
    {
      "start": 13368,
      "stop": 14440,
      "text": "r\n"
    },
    {
      "start": 14440,
      "stop": 15410,
      "text": "kcl\n"
    },
    {
      "start": 15410,
      "stop": 15707,
      "text": "k\n"
    },
    {
      "start": 15707,
      "stop": 17510,
      "text": "s\n"
    },
    {
      "start": 17510,
      "stop": 19800,
      "text": "ux\n"
    },
    {
      "start": 19800,
      "stop": 20360,
      "text": "dx\n"
    },
    {
      "start": 20360,
      "stop": 21400,
      "text": "ix\n"
    },
    {
      "start": 21400,
      "stop": 22320,
      "text": "ng\n"
    },
    {
      "start": 22320,
      "stop": 22770,
      "text": "gcl\n"
    },
    {
      "start": 22770,
      "stop": 23390,
      "text": "g\n"
    },
    {
      "start": 23390,
      "stop": 24522,
      "text": "r\n"
    },
    {
      "start": 24522,
      "stop": 25490,
      "text": "iy\n"
    },
    {
      "start": 25490,
      "stop": 27220,
      "text": "s\n"
    },
    {
      "start": 27220,
      "stop": 28294,
      "text": "iy\n"
    },
    {
      "start": 28294,
      "stop": 29785,
      "text": "w\n"
    },
    {
      "start": 29785,
      "stop": 31772,
      "text": "aa\n"
    },
    {
      "start": 31772,
      "stop": 33305,
      "text": "sh\n"
    },
    {
      "start": 33305,
      "stop": 33680,
      "text": "epi\n"
    },
    {
      "start": 33680,
      "stop": 34480,
      "text": "w\n"
    },
    {
      "start": 34480,
      "stop": 36080,
      "text": "ao\n"
    },
    {
      "start": 36080,
      "stop": 36595,
      "text": "dx\n"
    },
    {
      "start": 36595,
      "stop": 38308,
      "text": "axr\n"
    },
    {
      "start": 38308,
      "stop": 40898,
      "text": "ao\n"
    },
    {
      "start": 40898,
      "stop": 41666,
      "text": "l\n"
    },
    {
      "start": 41666,
      "stop": 42796,
      "text": "y\n"
    },
    {
      "start": 42796,
      "stop": 43924,
      "text": "ih\n"
    },
    {
      "start": 43924,
      "stop": 46680,
      "text": "axr\n"
    },
    {
      "start": 46680,
      "stop": 50720,
      "text": "h#\n"
    }
  ],
  "phonetic_codes": [
    "/sh iy1/",
    "/hh ae1 d/",
    "/y uh1 r/",
    "/d aa1 r k/",
    "/s uw1 t/",
    "/ih1 n/",
    "/g r iy1 s iy/",
    "/w ao1 sh/",
    "/w ao1 t axr/",
    "/ao1 l/"
  ],
  "race": "White",
  "recording_date": "04/01/86",
  "sentence": "She had your dark suit in greasy wash water all year.",
  "sentence_id": "SA1",
  "sentence_time": {
    "start": 0,
    "stop": 50791,
    "text": "She had your dark suit in greasy wash water all year.\n"
  },
  "sex": "M",
  "speaker_id": "HBS0",
  "speech": "SA1HBS0",
  "speech_dataset": "timit",
  "use": "System training speaker",
  "word_times": [
    {
      "start": 0,
      "stop": 2460,
      "text": "h#\n"
    },
    {
      "start": 2460,
      "stop": 4290,
      "text": "sh\n"
    },
    {
      "start": 4290,
      "stop": 5205,
      "text": "iy\n"
    },
    {
      "start": 5205,
      "stop": 6042,
      "text": "hv\n"
    },
    {
      "start": 6042,
      "stop": 7603,
      "text": "ae\n"
    },
    {
      "start": 7603,
      "stop": 8370,
      "text": "dcl\n"
    },
    {
      "start": 8370,
      "stop": 8890,
      "text": "d\n"
    },
    {
      "start": 8890,
      "stop": 9380,
      "text": "y\n"
    },
    {
      "start": 9380,
      "stop": 10360,
      "text": "er\n"
    },
    {
      "start": 10360,
      "stop": 11600,
      "text": "dcl\n"
    },
    {
      "start": 11600,
      "stop": 11830,
      "text": "d\n"
    },
    {
      "start": 11830,
      "stop": 13368,
      "text": "aa\n"
    },
    {
      "start": 13368,
      "stop": 14440,
      "text": "r\n"
    },
    {
      "start": 14440,
      "stop": 15410,
      "text": "kcl\n"
    },
    {
      "start": 15410,
      "stop": 15707,
      "text": "k\n"
    },
    {
      "start": 15707,
      "stop": 17510,
      "text": "s\n"
    },
    {
      "start": 17510,
      "stop": 19800,
      "text": "ux\n"
    },
    {
      "start": 19800,
      "stop": 20360,
      "text": "dx\n"
    },
    {
      "start": 20360,
      "stop": 21400,
      "text": "ix\n"
    },
    {
      "start": 21400,
      "stop": 22320,
      "text": "ng\n"
    },
    {
      "start": 22320,
      "stop": 22770,
      "text": "gcl\n"
    },
    {
      "start": 22770,
      "stop": 23390,
      "text": "g\n"
    },
    {
      "start": 23390,
      "stop": 24522,
      "text": "r\n"
    },
    {
      "start": 24522,
      "stop": 25490,
      "text": "iy\n"
    },
    {
      "start": 25490,
      "stop": 27220,
      "text": "s\n"
    },
    {
      "start": 27220,
      "stop": 28294,
      "text": "iy\n"
    },
    {
      "start": 28294,
      "stop": 29785,
      "text": "w\n"
    },
    {
      "start": 29785,
      "stop": 31772,
      "text": "aa\n"
    },
    {
      "start": 31772,
      "stop": 33305,
      "text": "sh\n"
    },
    {
      "start": 33305,
      "stop": 33680,
      "text": "epi\n"
    },
    {
      "start": 33680,
      "stop": 34480,
      "text": "w\n"
    },
    {
      "start": 34480,
      "stop": 36080,
      "text": "ao\n"
    },
    {
      "start": 36080,
      "stop": 36595,
      "text": "dx\n"
    },
    {
      "start": 36595,
      "stop": 38308,
      "text": "axr\n"
    },
    {
      "start": 38308,
      "stop": 40898,
      "text": "ao\n"
    },
    {
      "start": 40898,
      "stop": 41666,
      "text": "l\n"
    },
    {
      "start": 41666,
      "stop": 42796,
      "text": "y\n"
    },
    {
      "start": 42796,
      "stop": 43924,
      "text": "ih\n"
    },
    {
      "start": 43924,
      "stop": 46680,
      "text": "axr\n"
    },
    {
      "start": 46680,
      "stop": 50720,
      "text": "h#\n"
    }
  ]
}