{
  "algo": "consensus",
  "birth_date": "05/25/61",
  "comments": "",
  "dialect": "South Midland",
  "education": "Master's Degree (MS or MA)",
  "height": 1.5748,
  "noise_dataset": null,
  "phoneme_times": [
    {
      "start": 0,
      "stop": 2120,
      "text": "h#\n"
    },
    {
      "start": 2120,
      "stop": 2633,
      "text": "q\n"
    },
    {
      "start": 2633,
      "stop": 3216,
      "text": "axr\n"
    },
    {
      "start": 3216,
      "stop": 4637,
      "text": "r\n"
    },
    {
      "start": 4637,
      "stop": 6360,
      "text": "ae\n"
    },
    {
      "start": 6360,
      "stop": 6666,
      "text": "bcl\n"
    },
    {
      "start": 6666,
      "stop": 6873,
      "text": "b\n"
    },
    {
      "start": 6873,
      "stop": 7456,
      "text": "ih\n"
    },
    {
      "start": 7456,
      "stop": 8313,
      "text": "q\n"
    },
    {
      "start": 8313,
      "stop": 9354,
      "text": "pcl\n"
    },
    {
      "start": 9354,
      "stop": 10080,
      "text": "p\n"
    },
    {
      "start": 10080,
      "stop": 11680,
      "text": "ah\n"
    },
    {
      "start": 11680,
      "stop": 12074,
      "text": "n\n"
    },
    {
      "start": 12074,
      "stop": 12309,
      "text": "tcl\n"
    },
    {
      "start": 12309,
      "stop": 14165,
      "text": "ch\n"
    },
    {
      "start": 14165,
      "stop": 14523,
      "text": "r\n"
    },
    {
      "start": 14523,
      "stop": 15240,
      "text": "iy\n"
    },
    {
      "start": 15240,
      "stop": 16437,
      "text": "dcl\n"
    },
    {
      "start": 16437,
      "stop": 16661,
      "text": "d\n"
    },
    {
      "start": 16661,
      "stop": 18600,
      "text": "ah\n"
    },
    {
      "start": 18600,
      "stop": 19043,
      "text": "bcl\n"
    },
    {
      "start": 19043,
      "stop": 19319,
      "text": "b\n"
    },
    {
      "start": 19319,
      "stop": 20400,
      "text": "el\n"
    },
    {
      "start": 20400,
      "stop": 20778,
      "text": "dcl\n"
    },
    {
      "start": 20778,
      "stop": 21389,
      "text": "d\n"
    },
    {
      "start": 21389,
      "stop": 22346,
      "text": "hh\n"
    },
    {
      "start": 22346,
      "stop": 23120,
      "text": "ih\n"
    },
    {
      "start": 23120,
      "stop": 25118,
      "text": "m\n"
    },
    {
      "start": 25118,
      "stop": 26800,
      "text": "h#\n"
    }
  ],
  "phonetic_codes": [
    "/ax/",
    "/r ae1 b ix t/",
    "/p ah1 n ch/",
    "/r ax d ah1 b el d/"
  ],
  "race": "White",
  "recording_date": "02/14/86",
  "sentence": "A rabbit punch redoubled him.",
  "sentence_id": "SI1930",
  "sentence_time": {
    "start": 0,
    "stop": 26829,
    "text": "A rabbit punch redoubled him.\n"
  },
  "sex": "F",
  "speaker_id": "SAK0",
  "speech": "SI1930SAK0",
  "speech_dataset": "timit",
  "use": "System training speaker",
  "word_times": [
    {
      "start": 0,
      "stop": 2120,
      "text": "h#\n"
    },
    {
      "start": 2120,
      "stop": 2633,
      "text": "q\n"
    },
    {
      "start": 2633,
      "stop": 3216,
      "text": "axr\n"
    },
    {
      "start": 3216,
      "stop": 4637,
      "text": "r\n"
    },
    {
      "start": 4637,
      "stop": 6360,
      "text": "ae\n"
    },
    {
      "start": 6360,
      "stop": 6666,
      "text": "bcl\n"
    },
    {
      "start": 6666,
      "stop": 6873,
      "text": "b\n"
    },
    {
      "start": 6873,
      "stop": 7456,
      "text": "ih\n"
    },
    {
      "start": 7456,
      "stop": 8313,
      "text": "q\n"
    },
    {
      "start": 8313,
      "stop": 9354,
      "text": "pcl\n"
    },
    {
      "start": 9354,
      "stop": 10080,
      "text": "p\n"
    },
    {
      "start": 10080,
      "stop": 11680,
      "text": "ah\n"
    },
    {
      "start": 11680,
      "stop": 12074,
      "text": "n\n"
    },
    {
      "start": 12074,
      "stop": 12309,
      "text": "tcl\n"
    },
    {
      "start": 12309,
      "stop": 14165,
      "text": "ch\n"
    },
    {
      "start": 14165,
      "stop": 14523,
      "text": "r\n"
    },
    {
      "start": 14523,
      "stop": 15240,
      "text": "iy\n"
    },
    {
      "start": 15240,
      "stop": 16437,
      "text": "dcl\n"
    },
    {
      "start": 16437,
      "stop": 16661,
      "text": "d\n"
    },
    {
      "start": 16661,
      "stop": 18600,
      "text": "ah\n"
    },
    {
      "start": 18600,
      "stop": 19043,
      "text": "bcl\n"
    },
    {
      "start": 19043,
      "stop": 19319,
      "text": "b\n"
    },
    {
      "start": 19319,
      "stop": 20400,
      "text": "el\n"
    },
    {
      "start": 20400,
      "stop": 20778,
      "text": "dcl\n"
    },
    {
      "start": 20778,
      "stop": 21389,
      "text": "d\n"
    },
    {
      "start": 21389,
      "stop": 22346,
      "text": "hh\n"
    },
    {
      "start": 22346,
      "stop": 23120,
      "text": "ih\n"
    },
    {
      "start": 23120,
      "stop": 25118,
      "text": "m\n"
    },
    {
      "start": 25118,
      "stop": 26800,
      "text": "h#\n"
    }
  ]
}