{
  "algo": "consensus",
  "birth_date": "06/16/60",
  "comments": "",
  "dialect": "New England",
  "education": "Bachelor's Degree (BS or BA)",
  "height": 1.524,
  "noise_dataset": null,
  "phoneme_times": [
    {
      "start": 0,
      "stop": 2255,
      "text": "h#\n"
    },
    {
      "start": 2255,
      "stop": 3960,
      "text": "ch\n"
    },
    {
      "start": 3960,
      "stop": 6684,
      "text": "ey\n"
    },
    {
      "start": 6684,
      "stop": 7603,
      "text": "n\n"
    },
    {
      "start": 7603,
      "stop": 7895,
      "text": "dcl\n"
    },
    {
      "start": 7895,
      "stop": 8920,
      "text": "jh\n"
    },
    {
      "start": 8920,
      "stop": 10485,
      "text": "en\n"
    },
    {
      "start": 10485,
      "stop": 11720,
      "text": "v\n"
    },
    {
      "start": 11720,
      "stop": 13746,
      "text": "ao\n"
    },
    {
      "start": 13746,
      "stop": 14621,
      "text": "l\n"
    },
    {
      "start": 14621,
      "stop": 15080,
      "text": "v\n"
    },
    {
      "start": 15080,
      "stop": 16167,
      "text": "s\n"
    },
    {
      "start": 16167,
      "stop": 16584,
      "text": "dh\n"
    },
    {
      "start": 16584,
      "stop": 17963,
      "text": "ax\n"
    },
    {
      "start": 17963,
      "stop": 18840,
      "text": "dcl\n"
    },
    {
      "start": 18840,
      "stop": 19400,
      "text": "d\n"
    },
    {
      "start": 19400,
      "stop": 20280,
      "text": "ih\n"
    },
    {
      "start": 20280,
      "stop": 21681,
      "text": "s\n"
    },
    {
      "start": 21681,
      "stop": 22433,
      "text": "pcl\n"
    },
    {
      "start": 22433,
      "stop": 23000,
      "text": "p\n"
    },
    {
      "start": 23000,
      "stop": 23826,
      "text": "l\n"
    },
    {
      "start": 23826,
      "stop": 25480,
      "text": "ey\n"
    },
    {
      "start": 25480,
      "stop": 26986,
      "text": "s\n"
    },
    {
      "start": 26986,
      "stop": 27404,
      "text": "epi\n"
    },
    {
      "start": 27404,
      "stop": 27738,
      "text": "m\n"
    },
    {
      "start": 27738,
      "stop": 28490,
      "text": "ax\n"
    },
    {
      "start": 28490,
      "stop": 28783,
      "text": "n\n"
    },
    {
      "start": 28783,
      "stop": 29493,
      "text": "q\n"
    },
    {
      "start": 29493,
      "stop": 30872,
      "text": "ah\n"
    },
    {
      "start": 30872,
      "stop": 33560,
      "text": "f\n"
    },
    {
      "start": 33560,
      "stop": 37400,
      "text": "ao\n"
    },
    {
      "start": 37400,
      "stop": 38680,
      "text": "m\n"
    },
    {
      "start": 38680,
      "stop": 41040,
      "text": "h#\n"
    }
  ],
  "phonetic_codes": [
    "/ch ey1 n jh/",
    "/ih n v aa1 l v z/",
    "/dh ax/",
    "/d ih s p l ey1 s m ax n t/",
    "/ax v/"
  ],
  "race": "White",
  "recording_date": "01/24/86",
  "sentence": "Change involves the displacement of form.",
  "sentence_id": "SI1148",
  "sentence_time": {
    "start": 0,
    "stop": 41064,
    "text": "Change involves the displacement of form.\n"
  },
  "sex": "F",
  "speaker_id": "ETB0",
  "speech": "SI1148ETB0",
  "speech_dataset": "timit",
  "use": "System training speaker",
  "word_times": [
    {
      "start": 0,
      "stop": 2255,
      "text": "h#\n"
    },
    {
      "start": 2255,
      "stop": 3960,
      "text": "ch\n"
    },
    {
      "start": 3960,
      "stop": 6684,
      "text": "ey\n"
    },
    {
      "start": 6684,
      "stop": 7603,
      "text": "n\n"
    },
    {
      "start": 7603,
      "stop": 7895,
      "text": "dcl\n"
    },
    {
      "start": 7895,
      "stop": 8920,
      "text": "jh\n"
    },
    {
      "start": 8920,
      "stop": 10485,
      "text": "en\n"
    },
    {
      "start": 10485,
      "stop": 11720,
      "text": "v\n"
    },
    {
      "start": 11720,
      "stop": 13746,
      "text": "ao\n"
    },
    {
      "start": 13746,
      "stop": 14621,
      "text": "l\n"
    },
    {
      "start": 14621,
      "stop": 15080,
      "text": "v\n"
    },
    {
      "start": 15080,
      "stop": 16167,
      "text": "s\n"
    },
    {
      "start": 16167,
      "stop": 16584,
      "text": "dh\n"
    },
    {
      "start": 16584,
      "stop": 17963,
      "text": "ax\n"
    },
    {
      "start": 17963,
      "stop": 18840,
      "text": "dcl\n"
    },
    {
      "start": 18840,
      "stop": 19400,
      "text": "d\n"
    },
    {
      "start": 19400,
      "stop": 20280,
      "text": "ih\n"
    },
    {
      "start": 20280,
      "stop": 21681,
      "text": "s\n"
    },
    {
      "start": 21681,
      "stop": 22433,
      "text": "pcl\n"
    },
    {
      "start": 22433,
      "stop": 23000,
      "text": "p\n"
    },
    {
      "start": 23000,
      "stop": 23826,
      "text": "l\n"
    },
    {
      "start": 23826,
      "stop": 25480,
      "text": "ey\n"
    },
    {
      "start": 25480,
      "stop": 26986,
      "text": "s\n"
    },
    {
      "start": 26986,
      "stop": 27404,
      "text": "epi\n"
    },
    {
      "start": 27404,
      "stop": 27738,
      "text": "m\n"
    },
    {
      "start": 27738,
      "stop": 28490,
      "text": "ax\n"
    },
    {
      "start": 28490,
      "stop": 28783,
      "text": "n\n"
    },
    {
      "start": 28783,
      "stop": 29493,
      "text": "q\n"
    },
    {
      "start": 29493,
      "stop": 30872,
      "text": "ah\n"
    },
    {
      "start": 30872,
      "stop": 33560,
      "text": "f\n"
    },
    {
      "start": 33560,
      "stop": 37400,
      "text": "ao\n"
    },
    {
      "start": 37400,
      "stop": 38680,
      "text": "m\n"
    },
    {
      "start": 38680,
      "stop": 41040,
      "text": "h#\n"
    }
  ]
}