{
  "algo": "consensus",
  "birth_date": "12/01/60",
  "comments": "WHISTLING SIBILANTS \n",
  "dialect": "North Midland",
  "education": "Bachelor's Degree (BS or BA)",
  "height": 1.6256,
  "noise_dataset": null,
  "phoneme_times": [
    {
      "start": 0,
      "stop": 2130,
      "text": "h#\n"
    },
    {
      "start": 2130,
      "stop": 2432,
      "text": "dh\n"
    },
    {
      "start": 2432,
      "stop": 3300,
      "text": "ax\n"
    },
    {
      "start": 3300,
      "stop": 4637,
      "text": "hv\n"
    },
    {
      "start": 4637,
      "stop": 6532,
      "text": "ao\n"
    },
    {
      "start": 6532,
      "stop": 7480,
      "text": "l\n"
    },
    {
      "start": 7480,
      "stop": 8563,
      "text": "w\n"
    },
    {
      "start": 8563,
      "stop": 11613,
      "text": "ey\n"
    },
    {
      "start": 11613,
      "stop": 12760,
      "text": "q\n"
    },
    {
      "start": 12760,
      "stop": 14520,
      "text": "ow\n"
    },
    {
      "start": 14520,
      "stop": 15480,
      "text": "pcl\n"
    },
    {
      "start": 15480,
      "stop": 16040,
      "text": "p\n"
    },
    {
      "start": 16040,
      "stop": 16920,
      "text": "ix\n"
    },
    {
      "start": 16920,
      "stop": 18120,
      "text": "n\n"
    },
    {
      "start": 18120,
      "stop": 19400,
      "text": "z\n"
    },
    {
      "start": 19400,
      "stop": 20680,
      "text": "ih\n"
    },
    {
      "start": 20680,
      "stop": 21400,
      "text": "n\n"
    },
    {
      "start": 21400,
      "stop": 22224,
      "text": "tcl\n"
    },
    {
      "start": 22224,
      "stop": 23644,
      "text": "t\n"
    },
    {
      "start": 23644,
      "stop": 25202,
      "text": "ux\n"
    },
    {
      "start": 25202,
      "stop": 26760,
      "text": "ey\n"
    },
    {
      "start": 26760,
      "stop": 28680,
      "text": "hh\n"
    },
    {
      "start": 28680,
      "stop": 29773,
      "text": "y\n"
    },
    {
      "start": 29773,
      "stop": 31960,
      "text": "ux\n"
    },
    {
      "start": 31960,
      "stop": 32840,
      "text": "dcl\n"
    },
    {
      "start": 32840,
      "stop": 34631,
      "text": "jh\n"
    },
    {
      "start": 34631,
      "stop": 35480,
      "text": "tcl\n"
    },
    {
      "start": 35480,
      "stop": 37240,
      "text": "ch\n"
    },
    {
      "start": 37240,
      "stop": 38767,
      "text": "ey\n"
    },
    {
      "start": 38767,
      "stop": 39728,
      "text": "m\n"
    },
    {
      "start": 39728,
      "stop": 41148,
      "text": "bcl\n"
    },
    {
      "start": 41148,
      "stop": 41400,
      "text": "b\n"
    },
    {
      "start": 41400,
      "stop": 43320,
      "text": "axr\n"
    },
    {
      "start": 43320,
      "stop": 44800,
      "text": "h#\n"
    }
  ],
  "phonetic_codes": [
    "/dh ax/",
    "/hh ao1 l w ey2/",
    "/ow1 p ax n z/",
    "/ih1 n t uw2/",
    "/ax/",
    "/hh y uw1 jh/"
  ],
  "race": "White",
  "recording_date": "02/04/86",
  "sentence": "The hallway opens into a huge chamber.",
  "sentence_id": "SX241",
  "sentence_time": {
    "start": 0,
    "stop": 44852,
    "text": "The hallway opens into a huge chamber.\n"
  },
  "sex": "F",
  "speaker_id": "JLR0",
  "speech": "SX241JLR0",
  "speech_dataset": "timit",
  "use": "System training speaker",
  "word_times": [
    {
      "start": 0,
      "stop": 2130,
      "text": "h#\n"
    },
    {
      "start": 2130,
      "stop": 2432,
      "text": "dh\n"
    },
    {
      "start": 2432,
      "stop": 3300,
      "text": "ax\n"
    },
    {
      "start": 3300,
      "stop": 4637,
      "text": "hv\n"
    },
    {
      "start": 4637,
      "stop": 6532,
      "text": "ao\n"
    },
    {
      "start": 6532,
      "stop": 7480,
      "text": "l\n"
    },
    {
      "start": 7480,
      "stop": 8563,
      "text": "w\n"
    },
    {
      "start": 8563,
      "stop": 11613,
      "text": "ey\n"
    },
    {
      "start": 11613,
      "stop": 12760,
      "text": "q\n"
    },
    {
      "start": 12760,
      "stop": 14520,
      "text": "ow\n"
    },
    {
      "start": 14520,
      "stop": 15480,
      "text": "pcl\n"
    },
    {
      "start": 15480,
      "stop": 16040,
      "text": "p\n"
    },
    {
      "start": 16040,
      "stop": 16920,
      "text": "ix\n"
    },
    {
      "start": 16920,
      "stop": 18120,
      "text": "n\n"
    },
    {
      "start": 18120,
      "stop": 19400,
      "text": "z\n"
    },
    {
      "start": 19400,
      "stop": 20680,
      "text": "ih\n"
    },
    {
      "start": 20680,
      "stop": 21400,
      "text": "n\n"
    },
    {
      "start": 21400,
      "stop": 22224,
      "text": "tcl\n"
    },
    {
      "start": 22224,
      "stop": 23644,
      "text": "t\n"
    },
    {
      "start": 23644,
      "stop": 25202,
      "text": "ux\n"
    },
    {
      "start": 25202,
      "stop": 26760,
      "text": "ey\n"
    },
    {
      "start": 26760,
      "stop": 28680,
      "text": "hh\n"
    },
    {
      "start": 28680,
      "stop": 29773,
      "text": "y\n"
    },
    {
      "start": 29773,
      "stop": 31960,
      "text": "ux\n"
    },
    {
      "start": 31960,
      "stop": 32840,
      "text": "dcl\n"
    },
    {
      "start": 32840,
      "stop": 34631,
      "text": "jh\n"
    },
    {
      "start": 34631,
      "stop": 35480,
      "text": "tcl\n"
    },
    {
      "start": 35480,
      "stop": 37240,
      "text": "ch\n"
    },
    {
      "start": 37240,
      "stop": 38767,
      "text": "ey\n"
    },
    {
      "start": 38767,
      "stop": 39728,
      "text": "m\n"
    },
    {
      "start": 39728,
      "stop": 41148,
      "text": "bcl\n"
    },
    {
      "start": 41148,
      "stop": 41400,
      "text": "b\n"
    },
    {
      "start": 41400,
      "stop": 43320,
      "text": "axr\n"
    },
    {
      "start": 43320,
      "stop": 44800,
      "text": "h#\n"
    }
  ]
}