{
  "algo": "consensus",
  "birth_date": "04/11/62",
  "comments": "",
  "dialect": "Northern",
  "education": "Bachelor's Degree (BS or BA)",
  "height": 1.778,
  "noise_dataset": null,
  "phoneme_times": [
    {
      "start": 0,
      "stop": 2417,
      "text": "h#\n"
    },
    {
      "start": 2417,
      "stop": 2920,
      "text": "hh\n"
    },
    {
      "start": 2920,
      "stop": 4247,
      "text": "ih\n"
    },
    {
      "start": 4247,
      "stop": 5220,
      "text": "z\n"
    },
    {
      "start": 5220,
      "stop": 6280,
      "text": "bcl\n"
    },
    {
      "start": 6280,
      "stop": 6544,
      "text": "b\n"
    },
    {
      "start": 6544,
      "stop": 7549,
      "text": "l\n"
    },
    {
      "start": 7549,
      "stop": 9560,
      "text": "ae\n"
    },
    {
      "start": 9560,
      "stop": 10550,
      "text": "kcl\n"
    },
    {
      "start": 10550,
      "stop": 10800,
      "text": "k\n"
    },
    {
      "start": 10800,
      "stop": 11890,
      "text": "hh\n"
    },
    {
      "start": 11890,
      "stop": 14868,
      "text": "ae\n"
    },
    {
      "start": 14868,
      "stop": 16748,
      "text": "q\n"
    },
    {
      "start": 16748,
      "stop": 17581,
      "text": "w\n"
    },
    {
      "start": 17581,
      "stop": 18492,
      "text": "ix\n"
    },
    {
      "start": 18492,
      "stop": 19230,
      "text": "dh\n"
    },
    {
      "start": 19230,
      "stop": 20080,
      "text": "ix\n"
    },
    {
      "start": 20080,
      "stop": 20832,
      "text": "tcl\n"
    },
    {
      "start": 20832,
      "stop": 21041,
      "text": "t\n"
    },
    {
      "start": 21041,
      "stop": 21723,
      "text": "s\n"
    },
    {
      "start": 21723,
      "stop": 22480,
      "text": "epi\n"
    },
    {
      "start": 22480,
      "stop": 23613,
      "text": "w\n"
    },
    {
      "start": 23613,
      "stop": 25880,
      "text": "ay\n"
    },
    {
      "start": 25880,
      "stop": 27542,
      "text": "dcl\n"
    },
    {
      "start": 27542,
      "stop": 27810,
      "text": "b\n"
    },
    {
      "start": 27810,
      "stop": 28853,
      "text": "r\n"
    },
    {
      "start": 28853,
      "stop": 30941,
      "text": "ih\n"
    },
    {
      "start": 30941,
      "stop": 32687,
      "text": "m\n"
    },
    {
      "start": 32687,
      "stop": 34520,
      "text": "pau\n"
    },
    {
      "start": 34520,
      "stop": 35710,
      "text": "hh\n"
    },
    {
      "start": 35710,
      "stop": 38440,
      "text": "ay\n"
    },
    {
      "start": 38440,
      "stop": 39129,
      "text": "kcl\n"
    },
    {
      "start": 39129,
      "stop": 40591,
      "text": "k\n"
    },
    {
      "start": 40591,
      "stop": 41845,
      "text": "r\n"
    },
    {
      "start": 41845,
      "stop": 44351,
      "text": "aw\n"
    },
    {
      "start": 44351,
      "stop": 45857,
      "text": "n\n"
    },
    {
      "start": 45857,
      "stop": 48960,
      "text": "pau\n"
    },
    {
      "start": 48960,
      "stop": 50014,
      "text": "ax\n"
    },
    {
      "start": 50014,
      "stop": 51160,
      "text": "n\n"
    },
    {
      "start": 51160,
      "stop": 53040,
      "text": "f\n"
    },
    {
      "start": 53040,
      "stop": 55160,
      "text": "er\n"
    },
    {
      "start": 55160,
      "stop": 55710,
      "text": "tcl\n"
    },
    {
      "start": 55710,
      "stop": 57350,
      "text": "t\n"
    },
    {
      "start": 57350,
      "stop": 58099,
      "text": "r\n"
    },
    {
      "start": 58099,
      "stop": 59599,
      "text": "ih\n"
    },
    {
      "start": 59599,
      "stop": 61440,
      "text": "m\n"
    },
    {
      "start": 61440,
      "stop": 62359,
      "text": "r\n"
    },
    {
      "start": 62359,
      "stop": 64198,
      "text": "ow\n"
    },
    {
      "start": 64198,
      "stop": 64612,
      "text": "dcl\n"
    },
    {
      "start": 64612,
      "stop": 64821,
      "text": "d\n"
    },
    {
      "start": 64821,
      "stop": 65406,
      "text": "hv\n"
    },
    {
      "start": 65406,
      "stop": 68960,
      "text": "ay\n"
    },
    {
      "start": 68960,
      "stop": 71200,
      "text": "h#\n"
    }
  ],
  "phonetic_codes": [
    "/hh ih1 z/",
    "/b l ae1 k/",
    "/hh ae1 t/",
    "/w ih1 dh/",
    "/ih1 t s/",
    "/w ay1 d/",
    "/hh ay1/",
    "/ae n d/",
    "/f er1/",
    "/t r ih1 m/",
    "/r ow1 d/"
  ],
  "race": "White",
  "recording_date": "03/18/86",
  "sentence": "His black hat with its wide brim, high crown, and fur trim rode high.",
  "sentence_id": "SI2125",
  "sentence_time": {
    "start": 0,
    "stop": 71271,
    "text": "His black hat with its wide brim, high crown, and fur trim rode high.\n"
  },
  "sex": "M",
  "speaker_id": "JMA0",
  "speech": "SI2125JMA0",
  "speech_dataset": "timit",
  "use": "System training speaker",
  "word_times": [
    {
      "start": 0,
      "stop": 2417,
      "text": "h#\n"
    },
    {
      "start": 2417,
      "stop": 2920,
      "text": "hh\n"
    },
    {
      "start": 2920,
      "stop": 4247,
      "text": "ih\n"
    },
    {
      "start": 4247,
      "stop": 5220,
      "text": "z\n"
    },
    {
      "start": 5220,
      "stop": 6280,
      "text": "bcl\n"
    },
    {
      "start": 6280,
      "stop": 6544,
      "text": "b\n"
    },
    {
      "start": 6544,
      "stop": 7549,
      "text": "l\n"
    },
    {
      "start": 7549,
      "stop": 9560,
      "text": "ae\n"
    },
    {
      "start": 9560,
      "stop": 10550,
      "text": "kcl\n"
    },
    {
      "start": 10550,
      "stop": 10800,
      "text": "k\n"
    },
    {
      "start": 10800,
      "stop": 11890,
      "text": "hh\n"
    },
    {
      "start": 11890,
      "stop": 14868,
      "text": "ae\n"
    },
    {
      "start": 14868,
      "stop": 16748,
      "text": "q\n"
    },
    {
      "start": 16748,
      "stop": 17581,
      "text": "w\n"
    },
    {
      "start": 17581,
      "stop": 18492,
      "text": "ix\n"
    },
    {
      "start": 18492,
      "stop": 19230,
      "text": "dh\n"
    },
    {
      "start": 19230,
      "stop": 20080,
      "text": "ix\n"
    },
    {
      "start": 20080,
      "stop": 20832,
      "text": "tcl\n"
    },
    {
      "start": 20832,
      "stop": 21041,
      "text": "t\n"
    },
    {
      "start": 21041,
      "stop": 21723,
      "text": "s\n"
    },
    {
      "start": 21723,
      "stop": 22480,
      "text": "epi\n"
    },
    {
      "start": 22480,
      "stop": 23613,
      "text": "w\n"
    },
    {
      "start": 23613,
      "stop": 25880,
      "text": "ay\n"
    },
    {
      "start": 25880,
      "stop": 27542,
      "text": "dcl\n"
    },
    {
      "start": 27542,
      "stop": 27810,
      "text": "b\n"
    },
    {
      "start": 27810,
      "stop": 28853,
      "text": "r\n"
    },
    {
      "start": 28853,
      "stop": 30941,
      "text": "ih\n"
    },
    {
      "start": 30941,
      "stop": 32687,
      "text": "m\n"
    },
    {
      "start": 32687,
      "stop": 34520,
      "text": "pau\n"
    },
    {
      "start": 34520,
      "stop": 35710,
      "text": "hh\n"
    },
    {
      "start": 35710,
      "stop": 38440,
      "text": "ay\n"
    },
    {
      "start": 38440,
      "stop": 39129,
      "text": "kcl\n"
    },
    {
      "start": 39129,
      "stop": 40591,
      "text": "k\n"
    },
    {
      "start": 40591,
      "stop": 41845,
      "text": "r\n"
    },
    {
      "start": 41845,
      "stop": 44351,
      "text": "aw\n"
    },
    {
      "start": 44351,
      "stop": 45857,
      "text": "n\n"
    },
    {
      "start": 45857,
      "stop": 48960,
      "text": "pau\n"
    },
    {
      "start": 48960,
      "stop": 50014,
      "text": "ax\n"
    },
    {
      "start": 50014,
      "stop": 51160,
      "text": "n\n"
    },
    {
      "start": 51160,
      "stop": 53040,
      "text": "f\n"
    },
    {
      "start": 53040,
      "stop": 55160,
      "text": "er\n"
    },
    {
      "start": 55160,
      "stop": 55710,
      "text": "tcl\n"
    },
    {
      "start": 55710,
      "stop": 57350,
      "text": "t\n"
    },
    {
      "start": 57350,
      "stop": 58099,
      "text": "r\n"
    },
    {
      "start": 58099,
      "stop": 59599,
      "text": "ih\n"
    },
    {
      "start": 59599,
      "stop": 61440,
      "text": "m\n"
    },
    {
      "start": 61440,
      "stop": 62359,
      "text": "r\n"
    },
    {
      "start": 62359,
      "stop": 64198,
      "text": "ow\n"
    },
    {
      "start": 64198,
      "stop": 64612,
      "text": "dcl\n"
    },
    {
      "start": 64612,
      "stop": 64821,
      "text": "d\n"
    },
    {
      "start": 64821,
      "stop": 65406,
      "text": "hv\n"
    },
    {
      "start": 65406,
      "stop": 68960,
      "text": "ay\n"
    },
    {
      "start": 68960,
      "stop": 71200,
      "text": "h#\n"
    }
  ]
}