{
  "algo": "consensus",
  "birth_date": "12/01/54",
  "comments": "",
  "dialect": "Western",
  "education": "Master's Degree (MS or MA)",
  "height": 1.6764000000000001,
  "noise_dataset": null,
  "phoneme_times": [
    {
      "start": 0,
      "stop": 2460,
      "text": "h#\n"
    },
    {
      "start": 2460,
      "stop": 4148,
      "text": "sh\n"
    },
    {
      "start": 4148,
      "stop": 4920,
      "text": "ix\n"
    },
    {
      "start": 4920,
      "stop": 5957,
      "text": "hv\n"
    },
    {
      "start": 5957,
      "stop": 7310,
      "text": "ae\n"
    },
    {
      "start": 7310,
      "stop": 7913,
      "text": "dcl\n"
    },
    {
      "start": 7913,
      "stop": 8438,
      "text": "y\n"
    },
    {
      "start": 8438,
      "stop": 9320,
      "text": "axr\n"
    },
    {
      "start": 9320,
      "stop": 10220,
      "text": "dcl\n"
    },
    {
      "start": 10220,
      "stop": 10490,
      "text": "d\n"
    },
    {
      "start": 10490,
      "stop": 11826,
      "text": "aa\n"
    },
    {
      "start": 11826,
      "stop": 12574,
      "text": "r\n"
    },
    {
      "start": 12574,
      "stop": 13470,
      "text": "kcl\n"
    },
    {
      "start": 13470,
      "stop": 13680,
      "text": "k\n"
    },
    {
      "start": 13680,
      "stop": 15802,
      "text": "s\n"
    },
    {
      "start": 15802,
      "stop": 17880,
      "text": "ux\n"
    },
    {
      "start": 17880,
      "stop": 18521,
      "text": "dx\n"
    },
    {
      "start": 18521,
      "stop": 19271,
      "text": "ix\n"
    },
    {
      "start": 19271,
      "stop": 20284,
      "text": "ng\n"
    },
    {
      "start": 20284,
      "stop": 21623,
      "text": "gcl\n"
    },
    {
      "start": 21623,
      "stop": 21880,
      "text": "g\n"
    },
    {
      "start": 21880,
      "stop": 22386,
      "text": "r\n"
    },
    {
      "start": 22386,
      "stop": 23150,
      "text": "ix\n"
    },
    {
      "start": 23150,
      "stop": 24723,
      "text": "s\n"
    },
    {
      "start": 24723,
      "stop": 25582,
      "text": "ix\n"
    },
    {
      "start": 25582,
      "stop": 26807,
      "text": "w\n"
    },
    {
      "start": 26807,
      "stop": 28683,
      "text": "aa\n"
    },
    {
      "start": 28683,
      "stop": 30030,
      "text": "sh\n"
    },
    {
      "start": 30030,
      "stop": 30800,
      "text": "epi\n"
    },
    {
      "start": 30800,
      "stop": 31386,
      "text": "w\n"
    },
    {
      "start": 31386,
      "stop": 32560,
      "text": "aa\n"
    },
    {
      "start": 32560,
      "stop": 32960,
      "text": "dx\n"
    },
    {
      "start": 32960,
      "stop": 34339,
      "text": "axr\n"
    },
    {
      "start": 34339,
      "stop": 35240,
      "text": "q\n"
    },
    {
      "start": 35240,
      "stop": 37053,
      "text": "ao\n"
    },
    {
      "start": 37053,
      "stop": 37723,
      "text": "l\n"
    },
    {
      "start": 37723,
      "stop": 38920,
      "text": "y\n"
    },
    {
      "start": 38920,
      "stop": 40147,
      "text": "ih\n"
    },
    {
      "start": 40147,
      "stop": 41560,
      "text": "axr\n"
    },
    {
      "start": 41560,
      "stop": 43680,
      "text": "h#\n"
    }
  ],
  "phonetic_codes": [
    "/sh iy1/",
    "/hh ae1 d/",
    "/y uh1 r/",
    "/d aa1 r k/",
    "/s uw1 t/",
    "/ih1 n/",
    "/g r iy1 s iy/",
    "/w ao1 sh/",
    "/w ao1 t axr/",
    "/ao1 l/"
  ],
  "race": "White",
  "recording_date": "05/05/86",
  "sentence": "She had your dark suit in greasy wash water all year.",
  "sentence_id": "SA1",
  "sentence_time": {
    "start": 0,
    "stop": 43725,
    "text": "She had your dark suit in greasy wash water all year.\n"
  },
  "sex": "M",
  "speaker_id": "MWS1",
  "speech": "SA1MWS1",
  "speech_dataset": "timit",
  "use": "System training speaker",
  "word_times": [
    {
      "start": 0,
      "stop": 2460,
      "text": "h#\n"
    },
    {
      "start": 2460,
      "stop": 4148,
      "text": "sh\n"
    },
    {
      "start": 4148,
      "stop": 4920,
      "text": "ix\n"
    },
    {
      "start": 4920,
      "stop": 5957,
      "text": "hv\n"
    },
    {
      "start": 5957,
      "stop": 7310,
      "text": "ae\n"
    },
    {
      "start": 7310,
      "stop": 7913,
      "text": "dcl\n"
    },
    {
      "start": 7913,
      "stop": 8438,
      "text": "y\n"
    },
    {
      "start": 8438,
      "stop": 9320,
      "text": "axr\n"
    },
    {
      "start": 9320,
      "stop": 10220,
      "text": "dcl\n"
    },
    {
      "start": 10220,
      "stop": 10490,
      "text": "d\n"
    },
    {
      "start": 10490,
      "stop": 11826,
      "text": "aa\n"
    },
    {
      "start": 11826,
      "stop": 12574,
      "text": "r\n"
    },
    {
      "start": 12574,
      "stop": 13470,
      "text": "kcl\n"
    },
    {
      "start": 13470,
      "stop": 13680,
      "text": "k\n"
    },
    {
      "start": 13680,
      "stop": 15802,
      "text": "s\n"
    },
    {
      "start": 15802,
      "stop": 17880,
      "text": "ux\n"
    },
    {
      "start": 17880,
      "stop": 18521,
      "text": "dx\n"
    },
    {
      "start": 18521,
      "stop": 19271,
      "text": "ix\n"
    },
    {
      "start": 19271,
      "stop": 20284,
      "text": "ng\n"
    },
    {
      "start": 20284,
      "stop": 21623,
      "text": "gcl\n"
    },
    {
      "start": 21623,
      "stop": 21880,
      "text": "g\n"
    },
    {
      "start": 21880,
      "stop": 22386,
      "text": "r\n"
    },
    {
      "start": 22386,
      "stop": 23150,
      "text": "ix\n"
    },
    {
      "start": 23150,
      "stop": 24723,
      "text": "s\n"
    },
    {
      "start": 24723,
      "stop": 25582,
      "text": "ix\n"
    },
    {
      "start": 25582,
      "stop": 26807,
      "text": "w\n"
    },
    {
      "start": 26807,
      "stop": 28683,
      "text": "aa\n"
    },
    {
      "start": 28683,
      "stop": 30030,
      "text": "sh\n"
    },
    {
      "start": 30030,
      "stop": 30800,
      "text": "epi\n"
    },
    {
      "start": 30800,
      "stop": 31386,
      "text": "w\n"
    },
    {
      "start": 31386,
      "stop": 32560,
      "text": "aa\n"
    },
    {
      "start": 32560,
      "stop": 32960,
      "text": "dx\n"
    },
    {
      "start": 32960,
      "stop": 34339,
      "text": "axr\n"
    },
    {
      "start": 34339,
      "stop": 35240,
      "text": "q\n"
    },
    {
      "start": 35240,
      "stop": 37053,
      "text": "ao\n"
    },
    {
      "start": 37053,
      "stop": 37723,
      "text": "l\n"
    },
    {
      "start": 37723,
      "stop": 38920,
      "text": "y\n"
    },
    {
      "start": 38920,
      "stop": 40147,
      "text": "ih\n"
    },
    {
      "start": 40147,
      "stop": 41560,
      "text": "axr\n"
    },
    {
      "start": 41560,
      "stop": 43680,
      "text": "h#\n"
    }
  ]
}