{
  "algo": "consensus",
  "birth_date": "12/27/51",
  "comments": "",
  "dialect": "Southern",
  "education": "Bachelor's Degree (BS or BA)",
  "height": 1.6256,
  "noise_dataset": null,
  "phoneme_times": [
    {
      "start": 0,
      "stop": 2280,
      "text": "h#\n"
    },
    {
      "start": 2280,
      "stop": 2520,
      "text": "dh\n"
    },
    {
      "start": 2520,
      "stop": 2966,
      "text": "ix\n"
    },
    {
      "start": 2966,
      "stop": 3960,
      "text": "bcl\n"
    },
    {
      "start": 3960,
      "stop": 4240,
      "text": "b\n"
    },
    {
      "start": 4240,
      "stop": 5480,
      "text": "eh\n"
    },
    {
      "start": 5480,
      "stop": 5806,
      "text": "dx\n"
    },
    {
      "start": 5806,
      "stop": 6920,
      "text": "axr\n"
    },
    {
      "start": 6920,
      "stop": 8040,
      "text": "kcl\n"
    },
    {
      "start": 8040,
      "stop": 9000,
      "text": "k\n"
    },
    {
      "start": 9000,
      "stop": 9546,
      "text": "w\n"
    },
    {
      "start": 9546,
      "stop": 10640,
      "text": "aa\n"
    },
    {
      "start": 10640,
      "stop": 11280,
      "text": "l\n"
    },
    {
      "start": 11280,
      "stop": 12280,
      "text": "ax\n"
    },
    {
      "start": 12280,
      "stop": 12760,
      "text": "dx\n"
    },
    {
      "start": 12760,
      "stop": 14040,
      "text": "iy\n"
    },
    {
      "start": 14040,
      "stop": 15016,
      "text": "pcl\n"
    },
    {
      "start": 15016,
      "stop": 15960,
      "text": "p\n"
    },
    {
      "start": 15960,
      "stop": 16710,
      "text": "r\n"
    },
    {
      "start": 16710,
      "stop": 17720,
      "text": "aa\n"
    },
    {
      "start": 17720,
      "stop": 18069,
      "text": "dx\n"
    },
    {
      "start": 18069,
      "stop": 19885,
      "text": "ah\n"
    },
    {
      "start": 19885,
      "stop": 20583,
      "text": "kcl\n"
    },
    {
      "start": 20583,
      "stop": 20824,
      "text": "k\n"
    },
    {
      "start": 20824,
      "stop": 22120,
      "text": "s\n"
    },
    {
      "start": 22120,
      "stop": 23240,
      "text": "ix\n"
    },
    {
      "start": 23240,
      "stop": 24310,
      "text": "n\n"
    },
    {
      "start": 24310,
      "stop": 25080,
      "text": "bcl\n"
    },
    {
      "start": 25080,
      "stop": 25271,
      "text": "b\n"
    },
    {
      "start": 25271,
      "stop": 27362,
      "text": "ow\n"
    },
    {
      "start": 27362,
      "stop": 28680,
      "text": "th\n"
    },
    {
      "start": 28680,
      "stop": 29368,
      "text": "ix\n"
    },
    {
      "start": 29368,
      "stop": 30438,
      "text": "dh\n"
    },
    {
      "start": 30438,
      "stop": 32680,
      "text": "iy\n"
    },
    {
      "start": 32680,
      "stop": 34335,
      "text": "z\n"
    },
    {
      "start": 34335,
      "stop": 35133,
      "text": "l\n"
    },
    {
      "start": 35133,
      "stop": 38840,
      "text": "ay\n"
    },
    {
      "start": 38840,
      "stop": 39800,
      "text": "n\n"
    },
    {
      "start": 39800,
      "stop": 40942,
      "text": "z\n"
    },
    {
      "start": 40942,
      "stop": 41821,
      "text": "kcl\n"
    },
    {
      "start": 41821,
      "stop": 42520,
      "text": "k\n"
    },
    {
      "start": 42520,
      "stop": 42920,
      "text": "ix\n"
    },
    {
      "start": 42920,
      "stop": 43901,
      "text": "n\n"
    },
    {
      "start": 43901,
      "stop": 44526,
      "text": "tcl\n"
    },
    {
      "start": 44526,
      "stop": 45320,
      "text": "t\n"
    },
    {
      "start": 45320,
      "stop": 47483,
      "text": "ey\n"
    },
    {
      "start": 47483,
      "stop": 48375,
      "text": "n\n"
    },
    {
      "start": 48375,
      "stop": 49960,
      "text": "f\n"
    },
    {
      "start": 49960,
      "stop": 51720,
      "text": "aa\n"
    },
    {
      "start": 51720,
      "stop": 53516,
      "text": "s\n"
    },
    {
      "start": 53516,
      "stop": 54602,
      "text": "f\n"
    },
    {
      "start": 54602,
      "stop": 56840,
      "text": "ey\n"
    },
    {
      "start": 56840,
      "stop": 58760,
      "text": "tcl\n"
    },
    {
      "start": 58760,
      "stop": 59160,
      "text": "b\n"
    },
    {
      "start": 59160,
      "stop": 60284,
      "text": "ix\n"
    },
    {
      "start": 60284,
      "stop": 61720,
      "text": "l\n"
    },
    {
      "start": 61720,
      "stop": 62058,
      "text": "dcl\n"
    },
    {
      "start": 62058,
      "stop": 62340,
      "text": "d\n"
    },
    {
      "start": 62340,
      "stop": 64920,
      "text": "axr\n"
    },
    {
      "start": 64920,
      "stop": 67511,
      "text": "s\n"
    },
    {
      "start": 67511,
      "stop": 69760,
      "text": "h#\n"
    }
  ],
  "phonetic_codes": [
    "/dh ax/",
    "/b eh1 t axr/",
    "/k w aa1 l ix t iy/",
    "/p r aa1 d ah k t s/",
    "/ih1 n/",
    "/b ow1 th/",
    "/ax v/",
    "/dh iy1 z/",
    "/l ay1 n z/",
    "/k ax n t ey1 n/",
    "/f aa1 s f ey2 t/"
  ],
  "race": "White",
  "recording_date": "02/18/86",
  "sentence": "The better quality products in both of these lines contain phosphate builders.",
  "sentence_id": "SI1309",
  "sentence_time": {
    "start": 0,
    "stop": 69837,
    "text": "The better quality products in both of these lines contain phosphate builders.\n"
  },
  "sex": "F",
  "speaker_id": "JCS0",
  "speech": "SI1309JCS0",
  "speech_dataset": "timit",
  "use": "System test speaker",
  "word_times": [
    {
      "start": 0,
      "stop": 2280,
      "text": "h#\n"
    },
    {
      "start": 2280,
      "stop": 2520,
      "text": "dh\n"
    },
    {
      "start": 2520,
      "stop": 2966,
      "text": "ix\n"
    },
    {
      "start": 2966,
      "stop": 3960,
      "text": "bcl\n"
    },
    {
      "start": 3960,
      "stop": 4240,
      "text": "b\n"
    },
    {
      "start": 4240,
      "stop": 5480,
      "text": "eh\n"
    },
    {
      "start": 5480,
      "stop": 5806,
      "text": "dx\n"
    },
    {
      "start": 5806,
      "stop": 6920,
      "text": "axr\n"
    },
    {
      "start": 6920,
      "stop": 8040,
      "text": "kcl\n"
    },
    {
      "start": 8040,
      "stop": 9000,
      "text": "k\n"
    },
    {
      "start": 9000,
      "stop": 9546,
      "text": "w\n"
    },
    {
      "start": 9546,
      "stop": 10640,
      "text": "aa\n"
    },
    {
      "start": 10640,
      "stop": 11280,
      "text": "l\n"
    },
    {
      "start": 11280,
      "stop": 12280,
      "text": "ax\n"
    },
    {
      "start": 12280,
      "stop": 12760,
      "text": "dx\n"
    },
    {
      "start": 12760,
      "stop": 14040,
      "text": "iy\n"
    },
    {
      "start": 14040,
      "stop": 15016,
      "text": "pcl\n"
    },
    {
      "start": 15016,
      "stop": 15960,
      "text": "p\n"
    },
    {
      "start": 15960,
      "stop": 16710,
      "text": "r\n"
    },
    {
      "start": 16710,
      "stop": 17720,
      "text": "aa\n"
    },
    {
      "start": 17720,
      "stop": 18069,
      "text": "dx\n"
    },
    {
      "start": 18069,
      "stop": 19885,
      "text": "ah\n"
    },
    {
      "start": 19885,
      "stop": 20583,
      "text": "kcl\n"
    },
    {
      "start": 20583,
      "stop": 20824,
      "text": "k\n"
    },
    {
      "start": 20824,
      "stop": 22120,
      "text": "s\n"
    },
    {
      "start": 22120,
      "stop": 23240,
      "text": "ix\n"
    },
    {
      "start": 23240,
      "stop": 24310,
      "text": "n\n"
    },
    {
      "start": 24310,
      "stop": 25080,
      "text": "bcl\n"
    },
    {
      "start": 25080,
      "stop": 25271,
      "text": "b\n"
    },
    {
      "start": 25271,
      "stop": 27362,
      "text": "ow\n"
    },
    {
      "start": 27362,
      "stop": 28680,
      "text": "th\n"
    },
    {
      "start": 28680,
      "stop": 29368,
      "text": "ix\n"
    },
    {
      "start": 29368,
      "stop": 30438,
      "text": "dh\n"
    },
    {
      "start": 30438,
      "stop": 32680,
      "text": "iy\n"
    },
    {
      "start": 32680,
      "stop": 34335,
      "text": "z\n"
    },
    {
      "start": 34335,
      "stop": 35133,
      "text": "l\n"
    },
    {
      "start": 35133,
      "stop": 38840,
      "text": "ay\n"
    },
    {
      "start": 38840,
      "stop": 39800,
      "text": "n\n"
    },
    {
      "start": 39800,
      "stop": 40942,
      "text": "z\n"
    },
    {
      "start": 40942,
      "stop": 41821,
      "text": "kcl\n"
    },
    {
      "start": 41821,
      "stop": 42520,
      "text": "k\n"
    },
    {
      "start": 42520,
      "stop": 42920,
      "text": "ix\n"
    },
    {
      "start": 42920,
      "stop": 43901,
      "text": "n\n"
    },
    {
      "start": 43901,
      "stop": 44526,
      "text": "tcl\n"
    },
    {
      "start": 44526,
      "stop": 45320,
      "text": "t\n"
    },
    {
      "start": 45320,
      "stop": 47483,
      "text": "ey\n"
    },
    {
      "start": 47483,
      "stop": 48375,
      "text": "n\n"
    },
    {
      "start": 48375,
      "stop": 49960,
      "text": "f\n"
    },
    {
      "start": 49960,
      "stop": 51720,
      "text": "aa\n"
    },
    {
      "start": 51720,
      "stop": 53516,
      "text": "s\n"
    },
    {
      "start": 53516,
      "stop": 54602,
      "text": "f\n"
    },
    {
      "start": 54602,
      "stop": 56840,
      "text": "ey\n"
    },
    {
      "start": 56840,
      "stop": 58760,
      "text": "tcl\n"
    },
    {
      "start": 58760,
      "stop": 59160,
      "text": "b\n"
    },
    {
      "start": 59160,
      "stop": 60284,
      "text": "ix\n"
    },
    {
      "start": 60284,
      "stop": 61720,
      "text": "l\n"
    },
    {
      "start": 61720,
      "stop": 62058,
      "text": "dcl\n"
    },
    {
      "start": 62058,
      "stop": 62340,
      "text": "d\n"
    },
    {
      "start": 62340,
      "stop": 64920,
      "text": "axr\n"
    },
    {
      "start": 64920,
      "stop": 67511,
      "text": "s\n"
    },
    {
      "start": 67511,
      "stop": 69760,
      "text": "h#\n"
    }
  ]
}