{
  "algo": "consensus",
  "birth_date": "04/03/60",
  "comments": "",
  "dialect": "Northern",
  "education": "Bachelor's Degree (BS or BA)",
  "height": 1.651,
  "noise_dataset": null,
  "phoneme_times": [
    {
      "start": 0,
      "stop": 2240,
      "text": "h#\n"
    },
    {
      "start": 2240,
      "stop": 3216,
      "text": "w\n"
    },
    {
      "start": 3216,
      "stop": 4320,
      "text": "ah\n"
    },
    {
      "start": 4320,
      "stop": 4680,
      "text": "n\n"
    },
    {
      "start": 4680,
      "stop": 6360,
      "text": "s\n"
    },
    {
      "start": 6360,
      "stop": 7240,
      "text": "ux\n"
    },
    {
      "start": 7240,
      "stop": 9040,
      "text": "f\n"
    },
    {
      "start": 9040,
      "stop": 10040,
      "text": "ih\n"
    },
    {
      "start": 10040,
      "stop": 10680,
      "text": "n\n"
    },
    {
      "start": 10680,
      "stop": 11870,
      "text": "ih\n"
    },
    {
      "start": 11870,
      "stop": 13127,
      "text": "sh\n"
    },
    {
      "start": 13127,
      "stop": 13760,
      "text": "gcl\n"
    },
    {
      "start": 13760,
      "stop": 14320,
      "text": "g\n"
    },
    {
      "start": 14320,
      "stop": 14916,
      "text": "r\n"
    },
    {
      "start": 14916,
      "stop": 16110,
      "text": "iy\n"
    },
    {
      "start": 16110,
      "stop": 17890,
      "text": "s\n"
    },
    {
      "start": 17890,
      "stop": 18713,
      "text": "iy\n"
    },
    {
      "start": 18713,
      "stop": 19482,
      "text": "ng\n"
    },
    {
      "start": 19482,
      "stop": 20261,
      "text": "y\n"
    },
    {
      "start": 20261,
      "stop": 21723,
      "text": "er\n"
    },
    {
      "start": 21723,
      "stop": 22750,
      "text": "tcl\n"
    },
    {
      "start": 22750,
      "stop": 24010,
      "text": "ch\n"
    },
    {
      "start": 24010,
      "stop": 27600,
      "text": "ey\n"
    },
    {
      "start": 27600,
      "stop": 28600,
      "text": "n\n"
    },
    {
      "start": 28600,
      "stop": 31310,
      "text": "pau\n"
    },
    {
      "start": 31310,
      "stop": 31740,
      "text": "b\n"
    },
    {
      "start": 31740,
      "stop": 32459,
      "text": "iy\n"
    },
    {
      "start": 32459,
      "stop": 34800,
      "text": "sh\n"
    },
    {
      "start": 34800,
      "stop": 36840,
      "text": "er\n"
    },
    {
      "start": 36840,
      "stop": 37240,
      "text": "dx\n"
    },
    {
      "start": 37240,
      "stop": 38015,
      "text": "ax\n"
    },
    {
      "start": 38015,
      "stop": 39394,
      "text": "w\n"
    },
    {
      "start": 39394,
      "stop": 41550,
      "text": "aa\n"
    },
    {
      "start": 41550,
      "stop": 43520,
      "text": "sh\n"
    },
    {
      "start": 43520,
      "stop": 44060,
      "text": "tcl\n"
    },
    {
      "start": 44060,
      "stop": 44530,
      "text": "th\n"
    },
    {
      "start": 44530,
      "stop": 46813,
      "text": "er\n"
    },
    {
      "start": 46813,
      "stop": 48040,
      "text": "el\n"
    },
    {
      "start": 48040,
      "stop": 50120,
      "text": "iy\n"
    },
    {
      "start": 50120,
      "stop": 52160,
      "text": "h#\n"
    }
  ],
  "phonetic_codes": [
    "/w ah1 n s/",
    "/y uw1/",
    "/f ih1 n ih sh/",
    "/g r iy1 s ix ng/",
    "/y uh1 r/",
    "/b iy1/",
    "/sh uh1 r/",
    "/t uw1/",
    "/w ao1 sh/"
  ],
  "race": "White",
  "recording_date": "03/03/86",
  "sentence": "Once you finish greasing your chain, be sure to wash thoroughly.",
  "sentence_id": "SX422",
  "sentence_time": {
    "start": 0,
    "stop": 52224,
    "text": "Once you finish greasing your chain, be sure to wash thoroughly.\n"
  },
  "sex": "M",
  "speaker_id": "PPC0",
  "speech": "SX422PPC0",
  "speech_dataset": "timit",
  "use": "System training speaker",
  "word_times": [
    {
      "start": 0,
      "stop": 2240,
      "text": "h#\n"
    },
    {
      "start": 2240,
      "stop": 3216,
      "text": "w\n"
    },
    {
      "start": 3216,
      "stop": 4320,
      "text": "ah\n"
    },
    {
      "start": 4320,
      "stop": 4680,
      "text": "n\n"
    },
    {
      "start": 4680,
      "stop": 6360,
      "text": "s\n"
    },
    {
      "start": 6360,
      "stop": 7240,
      "text": "ux\n"
    },
    {
      "start": 7240,
      "stop": 9040,
      "text": "f\n"
    },
    {
      "start": 9040,
      "stop": 10040,
      "text": "ih\n"
    },
    {
      "start": 10040,
      "stop": 10680,
      "text": "n\n"
    },
    {
      "start": 10680,
      "stop": 11870,
      "text": "ih\n"
    },
    {
      "start": 11870,
      "stop": 13127,
      "text": "sh\n"
    },
    {
      "start": 13127,
      "stop": 13760,
      "text": "gcl\n"
    },
    {
      "start": 13760,
      "stop": 14320,
      "text": "g\n"
    },
    {
      "start": 14320,
      "stop": 14916,
      "text": "r\n"
    },
    {
      "start": 14916,
      "stop": 16110,
      "text": "iy\n"
    },
    {
      "start": 16110,
      "stop": 17890,
      "text": "s\n"
    },
    {
      "start": 17890,
      "stop": 18713,
      "text": "iy\n"
    },
    {
      "start": 18713,
      "stop": 19482,
      "text": "ng\n"
    },
    {
      "start": 19482,
      "stop": 20261,
      "text": "y\n"
    },
    {
      "start": 20261,
      "stop": 21723,
      "text": "er\n"
    },
    {
      "start": 21723,
      "stop": 22750,
      "text": "tcl\n"
    },
    {
      "start": 22750,
      "stop": 24010,
      "text": "ch\n"
    },
    {
      "start": 24010,
      "stop": 27600,
      "text": "ey\n"
    },
    {
      "start": 27600,
      "stop": 28600,
      "text": "n\n"
    },
    {
      "start": 28600,
      "stop": 31310,
      "text": "pau\n"
    },
    {
      "start": 31310,
      "stop": 31740,
      "text": "b\n"
    },
    {
      "start": 31740,
      "stop": 32459,
      "text": "iy\n"
    },
    {
      "start": 32459,
      "stop": 34800,
      "text": "sh\n"
    },
    {
      "start": 34800,
      "stop": 36840,
      "text": "er\n"
    },
    {
      "start": 36840,
      "stop": 37240,
      "text": "dx\n"
    },
    {
      "start": 37240,
      "stop": 38015,
      "text": "ax\n"
    },
    {
      "start": 38015,
      "stop": 39394,
      "text": "w\n"
    },
    {
      "start": 39394,
      "stop": 41550,
      "text": "aa\n"
    },
    {
      "start": 41550,
      "stop": 43520,
      "text": "sh\n"
    },
    {
      "start": 43520,
      "stop": 44060,
      "text": "tcl\n"
    },
    {
      "start": 44060,
      "stop": 44530,
      "text": "th\n"
    },
    {
      "start": 44530,
      "stop": 46813,
      "text": "er\n"
    },
    {
      "start": 46813,
      "stop": 48040,
      "text": "el\n"
    },
    {
      "start": 48040,
      "stop": 50120,
      "text": "iy\n"
    },
    {
      "start": 50120,
      "stop": 52160,
      "text": "h#\n"
    }
  ]
}