{
  "algo": "consensus",
  "birth_date": "09/02/61",
  "comments": "",
  "dialect": "South Midland",
  "education": "Bachelor's Degree (BS or BA)",
  "height": 1.8034,
  "noise_dataset": null,
  "phoneme_times": [
    {
      "start": 0,
      "stop": 2370,
      "text": "h#\n"
    },
    {
      "start": 2370,
      "stop": 2780,
      "text": "dh\n"
    },
    {
      "start": 2780,
      "stop": 3880,
      "text": "ih\n"
    },
    {
      "start": 3880,
      "stop": 4950,
      "text": "s\n"
    },
    {
      "start": 4950,
      "stop": 6025,
      "text": "bcl\n"
    },
    {
      "start": 6025,
      "stop": 6210,
      "text": "b\n"
    },
    {
      "start": 6210,
      "stop": 6702,
      "text": "r\n"
    },
    {
      "start": 6702,
      "stop": 7686,
      "text": "ow\n"
    },
    {
      "start": 7686,
      "stop": 9890,
      "text": "sh\n"
    },
    {
      "start": 9890,
      "stop": 13083,
      "text": "er\n"
    },
    {
      "start": 13083,
      "stop": 14680,
      "text": "ix\n"
    },
    {
      "start": 14680,
      "stop": 16840,
      "text": "s\n"
    },
    {
      "start": 16840,
      "stop": 17712,
      "text": "pcl\n"
    },
    {
      "start": 17712,
      "stop": 18214,
      "text": "p\n"
    },
    {
      "start": 18214,
      "stop": 18548,
      "text": "ax-h\n"
    },
    {
      "start": 18548,
      "stop": 18882,
      "text": "tcl\n"
    },
    {
      "start": 18882,
      "stop": 19342,
      "text": "t\n"
    },
    {
      "start": 19342,
      "stop": 20595,
      "text": "ih\n"
    },
    {
      "start": 20595,
      "stop": 21747,
      "text": "kcl\n"
    },
    {
      "start": 21747,
      "stop": 22433,
      "text": "k\n"
    },
    {
      "start": 22433,
      "stop": 22767,
      "text": "l\n"
    },
    {
      "start": 22767,
      "stop": 23686,
      "text": "ih\n"
    },
    {
      "start": 23686,
      "stop": 24522,
      "text": "n\n"
    },
    {
      "start": 24522,
      "stop": 26109,
      "text": "f\n"
    },
    {
      "start": 26109,
      "stop": 27488,
      "text": "ow\n"
    },
    {
      "start": 27488,
      "stop": 28714,
      "text": "m\n"
    },
    {
      "start": 28714,
      "stop": 29242,
      "text": "tcl\n"
    },
    {
      "start": 29242,
      "stop": 30036,
      "text": "t\n"
    },
    {
      "start": 30036,
      "stop": 30997,
      "text": "ix\n"
    },
    {
      "start": 30997,
      "stop": 33420,
      "text": "f\n"
    },
    {
      "start": 33420,
      "stop": 34600,
      "text": "er\n"
    },
    {
      "start": 34600,
      "stop": 35625,
      "text": "pcl\n"
    },
    {
      "start": 35625,
      "stop": 36170,
      "text": "p\n"
    },
    {
      "start": 36170,
      "stop": 36760,
      "text": "axr\n"
    },
    {
      "start": 36760,
      "stop": 38440,
      "text": "s\n"
    },
    {
      "start": 38440,
      "stop": 39140,
      "text": "pcl\n"
    },
    {
      "start": 39140,
      "stop": 39510,
      "text": "p\n"
    },
    {
      "start": 39510,
      "stop": 40920,
      "text": "ax\n"
    },
    {
      "start": 40920,
      "stop": 42485,
      "text": "kcl\n"
    },
    {
      "start": 42485,
      "stop": 42880,
      "text": "t\n"
    },
    {
      "start": 42880,
      "stop": 43631,
      "text": "ix\n"
    },
    {
      "start": 43631,
      "stop": 44341,
      "text": "v\n"
    },
    {
      "start": 44341,
      "stop": 45135,
      "text": "bcl\n"
    },
    {
      "start": 45135,
      "stop": 45344,
      "text": "b\n"
    },
    {
      "start": 45344,
      "stop": 47711,
      "text": "ay\n"
    },
    {
      "start": 47711,
      "stop": 50501,
      "text": "axr\n"
    },
    {
      "start": 50501,
      "stop": 50990,
      "text": "h#\n"
    }
  ],
  "phonetic_codes": [
    "/dh ih1 s/",
    "/b r ow sh uh1 r/",
    "/ih1 z/",
    "/p axr t ih1 k y uh l axr l iy/",
    "/ih n f ao1 r m ax t ih v/",
    "/f ao1 r/",
    "/ax/",
    "/p r ax s p eh1 k t ih v/"
  ],
  "race": "Unknown",
  "recording_date": "02/25/86",
  "sentence": "This brochure is particularly informative for a prospective buyer.",
  "sentence_id": "SX290",
  "sentence_time": {
    "start": 0,
    "stop": 50996,
    "text": "This brochure is particularly informative for prospective buyer.\n"
  },
  "sex": "M",
  "speaker_id": "TLS0",
  "speech": "SX290TLS0",
  "speech_dataset": "timit",
  "use": "System test speaker",
  "word_times": [
    {
      "start": 0,
      "stop": 2370,
      "text": "h#\n"
    },
    {
      "start": 2370,
      "stop": 2780,
      "text": "dh\n"
    },
    {
      "start": 2780,
      "stop": 3880,
      "text": "ih\n"
    },
    {
      "start": 3880,
      "stop": 4950,
      "text": "s\n"
    },
    {
      "start": 4950,
      "stop": 6025,
      "text": "bcl\n"
    },
    {
      "start": 6025,
      "stop": 6210,
      "text": "b\n"
    },
    {
      "start": 6210,
      "stop": 6702,
      "text": "r\n"
    },
    {
      "start": 6702,
      "stop": 7686,
      "text": "ow\n"
    },
    {
      "start": 7686,
      "stop": 9890,
      "text": "sh\n"
    },
    {
      "start": 9890,
      "stop": 13083,
      "text": "er\n"
    },
    {
      "start": 13083,
      "stop": 14680,
      "text": "ix\n"
    },
    {
      "start": 14680,
      "stop": 16840,
      "text": "s\n"
    },
    {
      "start": 16840,
      "stop": 17712,
      "text": "pcl\n"
    },
    {
      "start": 17712,
      "stop": 18214,
      "text": "p\n"
    },
    {
      "start": 18214,
      "stop": 18548,
      "text": "ax-h\n"
    },
    {
      "start": 18548,
      "stop": 18882,
      "text": "tcl\n"
    },
    {
      "start": 18882,
      "stop": 19342,
      "text": "t\n"
    },
    {
      "start": 19342,
      "stop": 20595,
      "text": "ih\n"
    },
    {
      "start": 20595,
      "stop": 21747,
      "text": "kcl\n"
    },
    {
      "start": 21747,
      "stop": 22433,
      "text": "k\n"
    },
    {
      "start": 22433,
      "stop": 22767,
      "text": "l\n"
    },
    {
      "start": 22767,
      "stop": 23686,
      "text": "ih\n"
    },
    {
      "start": 23686,
      "stop": 24522,
      "text": "n\n"
    },
    {
      "start": 24522,
      "stop": 26109,
      "text": "f\n"
    },
    {
      "start": 26109,
      "stop": 27488,
      "text": "ow\n"
    },
    {
      "start": 27488,
      "stop": 28714,
      "text": "m\n"
    },
    {
      "start": 28714,
      "stop": 29242,
      "text": "tcl\n"
    },
    {
      "start": 29242,
      "stop": 30036,
      "text": "t\n"
    },
    {
      "start": 30036,
      "stop": 30997,
      "text": "ix\n"
    },
    {
      "start": 30997,
      "stop": 33420,
      "text": "f\n"
    },
    {
      "start": 33420,
      "stop": 34600,
      "text": "er\n"
    },
    {
      "start": 34600,
      "stop": 35625,
      "text": "pcl\n"
    },
    {
      "start": 35625,
      "stop": 36170,
      "text": "p\n"
    },
    {
      "start": 36170,
      "stop": 36760,
      "text": "axr\n"
    },
    {
      "start": 36760,
      "stop": 38440,
      "text": "s\n"
    },
    {
      "start": 38440,
      "stop": 39140,
      "text": "pcl\n"
    },
    {
      "start": 39140,
      "stop": 39510,
      "text": "p\n"
    },
    {
      "start": 39510,
      "stop": 40920,
      "text": "ax\n"
    },
    {
      "start": 40920,
      "stop": 42485,
      "text": "kcl\n"
    },
    {
      "start": 42485,
      "stop": 42880,
      "text": "t\n"
    },
    {
      "start": 42880,
      "stop": 43631,
      "text": "ix\n"
    },
    {
      "start": 43631,
      "stop": 44341,
      "text": "v\n"
    },
    {
      "start": 44341,
      "stop": 45135,
      "text": "bcl\n"
    },
    {
      "start": 45135,
      "stop": 45344,
      "text": "b\n"
    },
    {
      "start": 45344,
      "stop": 47711,
      "text": "ay\n"
    },
    {
      "start": 47711,
      "stop": 50501,
      "text": "axr\n"
    },
    {
      "start": 50501,
      "stop": 50990,
      "text": "h#\n"
    }
  ]
}