{
  "algo": "consensus",
  "birth_date": "07/01/52",
  "comments": "",
  "dialect": "New England",
  "education": "Master's Degree (MS or MA)",
  "height": 1.6764000000000001,
  "noise_dataset": null,
  "phoneme_times": [
    {
      "start": 0,
      "stop": 2210,
      "text": "h#\n"
    },
    {
      "start": 2210,
      "stop": 2580,
      "text": "d\n"
    },
    {
      "start": 2580,
      "stop": 4440,
      "text": "ah\n"
    },
    {
      "start": 4440,
      "stop": 5720,
      "text": "z\n"
    },
    {
      "start": 5720,
      "stop": 6560,
      "text": "kcl\n"
    },
    {
      "start": 6560,
      "stop": 8290,
      "text": "k\n"
    },
    {
      "start": 8290,
      "stop": 9023,
      "text": "r\n"
    },
    {
      "start": 9023,
      "stop": 10401,
      "text": "iy\n"
    },
    {
      "start": 10401,
      "stop": 11947,
      "text": "ow\n"
    },
    {
      "start": 11947,
      "stop": 13160,
      "text": "l\n"
    },
    {
      "start": 13160,
      "stop": 14480,
      "text": "kcl\n"
    },
    {
      "start": 14480,
      "stop": 15460,
      "text": "k\n"
    },
    {
      "start": 15460,
      "stop": 16680,
      "text": "uh\n"
    },
    {
      "start": 16680,
      "stop": 17070,
      "text": "kcl\n"
    },
    {
      "start": 17070,
      "stop": 17990,
      "text": "k\n"
    },
    {
      "start": 17990,
      "stop": 18720,
      "text": "iy\n"
    },
    {
      "start": 18720,
      "stop": 20762,
      "text": "ng\n"
    },
    {
      "start": 20762,
      "stop": 21764,
      "text": "y\n"
    },
    {
      "start": 21764,
      "stop": 23290,
      "text": "ux\n"
    },
    {
      "start": 23290,
      "stop": 24380,
      "text": "z\n"
    },
    {
      "start": 24380,
      "stop": 25260,
      "text": "kcl\n"
    },
    {
      "start": 25260,
      "stop": 26480,
      "text": "k\n"
    },
    {
      "start": 26480,
      "stop": 29159,
      "text": "er\n"
    },
    {
      "start": 29159,
      "stop": 30920,
      "text": "iy\n"
    },
    {
      "start": 30920,
      "stop": 32800,
      "text": "h#\n"
    }
  ],
  "phonetic_codes": [
    "/d ah1 z/",
    "/k r iy1 ow2 l/",
    "/k uh1 k ix ng/"
  ],
  "race": "White",
  "recording_date": "03/05/86",
  "sentence": "Does Creole cooking use curry?",
  "sentence_id": "SX177",
  "sentence_time": {
    "start": 0,
    "stop": 32871,
    "text": "Does Creole cooking use curry?\n"
  },
  "sex": "M",
  "speaker_id": "KLS0",
  "speech": "SX177KLS0",
  "speech_dataset": "timit",
  "use": "System training speaker",
  "word_times": [
    {
      "start": 0,
      "stop": 2210,
      "text": "h#\n"
    },
    {
      "start": 2210,
      "stop": 2580,
      "text": "d\n"
    },
    {
      "start": 2580,
      "stop": 4440,
      "text": "ah\n"
    },
    {
      "start": 4440,
      "stop": 5720,
      "text": "z\n"
    },
    {
      "start": 5720,
      "stop": 6560,
      "text": "kcl\n"
    },
    {
      "start": 6560,
      "stop": 8290,
      "text": "k\n"
    },
    {
      "start": 8290,
      "stop": 9023,
      "text": "r\n"
    },
    {
      "start": 9023,
      "stop": 10401,
      "text": "iy\n"
    },
    {
      "start": 10401,
      "stop": 11947,
      "text": "ow\n"
    },
    {
      "start": 11947,
      "stop": 13160,
      "text": "l\n"
    },
    {
      "start": 13160,
      "stop": 14480,
      "text": "kcl\n"
    },
    {
      "start": 14480,
      "stop": 15460,
      "text": "k\n"
    },
    {
      "start": 15460,
      "stop": 16680,
      "text": "uh\n"
    },
    {
      "start": 16680,
      "stop": 17070,
      "text": "kcl\n"
    },
    {
      "start": 17070,
      "stop": 17990,
      "text": "k\n"
    },
    {
      "start": 17990,
      "stop": 18720,
      "text": "iy\n"
    },
    {
      "start": 18720,
      "stop": 20762,
      "text": "ng\n"
    },
    {
      "start": 20762,
      "stop": 21764,
      "text": "y\n"
    },
    {
      "start": 21764,
      "stop": 23290,
      "text": "ux\n"
    },
    {
      "start": 23290,
      "stop": 24380,
      "text": "z\n"
    },
    {
      "start": 24380,
      "stop": 25260,
      "text": "kcl\n"
    },
    {
      "start": 25260,
      "stop": 26480,
      "text": "k\n"
    },
    {
      "start": 26480,
      "stop": 29159,
      "text": "er\n"
    },
    {
      "start": 29159,
      "stop": 30920,
      "text": "iy\n"
    },
    {
      "start": 30920,
      "stop": 32800,
      "text": "h#\n"
    }
  ]
}