{
  "algo": "consensus",
  "birth_date": "02/09/52",
  "comments": "",
  "dialect": "New York City",
  "education": "Bachelor's Degree (BS or BA)",
  "height": 1.8796000000000002,
  "noise_dataset": null,
  "phoneme_times": [
    {
      "start": 0,
      "stop": 3778,
      "text": "h#\n"
    },
    {
      "start": 3778,
      "stop": 3945,
      "text": "dh\n"
    },
    {
      "start": 3945,
      "stop": 4344,
      "text": "ax\n"
    },
    {
      "start": 4344,
      "stop": 5389,
      "text": "l\n"
    },
    {
      "start": 5389,
      "stop": 7880,
      "text": "ae\n"
    },
    {
      "start": 7880,
      "stop": 8897,
      "text": "kcl\n"
    },
    {
      "start": 8897,
      "stop": 9699,
      "text": "ah\n"
    },
    {
      "start": 9699,
      "stop": 10986,
      "text": "v\n"
    },
    {
      "start": 10986,
      "stop": 11520,
      "text": "hh\n"
    },
    {
      "start": 11520,
      "stop": 13400,
      "text": "iy\n"
    },
    {
      "start": 13400,
      "stop": 14740,
      "text": "tcl\n"
    },
    {
      "start": 14740,
      "stop": 15630,
      "text": "k\n"
    },
    {
      "start": 15630,
      "stop": 17026,
      "text": "aa\n"
    },
    {
      "start": 17026,
      "stop": 17587,
      "text": "m\n"
    },
    {
      "start": 17587,
      "stop": 18430,
      "text": "pcl\n"
    },
    {
      "start": 18430,
      "stop": 19150,
      "text": "p\n"
    },
    {
      "start": 19150,
      "stop": 21560,
      "text": "aw\n"
    },
    {
      "start": 21560,
      "stop": 22015,
      "text": "n\n"
    },
    {
      "start": 22015,
      "stop": 22349,
      "text": "dcl\n"
    },
    {
      "start": 22349,
      "stop": 23320,
      "text": "ix\n"
    },
    {
      "start": 23320,
      "stop": 24280,
      "text": "dcl\n"
    },
    {
      "start": 24280,
      "stop": 24440,
      "text": "dh\n"
    },
    {
      "start": 24440,
      "stop": 25080,
      "text": "ix\n"
    },
    {
      "start": 25080,
      "stop": 26280,
      "text": "tcl\n"
    },
    {
      "start": 26280,
      "stop": 27220,
      "text": "t\n"
    },
    {
      "start": 27220,
      "stop": 28600,
      "text": "eh\n"
    },
    {
      "start": 28600,
      "stop": 29160,
      "text": "nx\n"
    },
    {
      "start": 29160,
      "stop": 30089,
      "text": "ix\n"
    },
    {
      "start": 30089,
      "stop": 30711,
      "text": "n\n"
    },
    {
      "start": 30711,
      "stop": 31044,
      "text": "tcl\n"
    },
    {
      "start": 31044,
      "stop": 32040,
      "text": "s\n"
    },
    {
      "start": 32040,
      "stop": 32833,
      "text": "gcl\n"
    },
    {
      "start": 32833,
      "stop": 33487,
      "text": "g\n"
    },
    {
      "start": 33487,
      "stop": 34172,
      "text": "r\n"
    },
    {
      "start": 34172,
      "stop": 35509,
      "text": "iy\n"
    },
    {
      "start": 35509,
      "stop": 36458,
      "text": "v\n"
    },
    {
      "start": 36458,
      "stop": 37720,
      "text": "en\n"
    },
    {
      "start": 37720,
      "stop": 38830,
      "text": "s\n"
    },
    {
      "start": 38830,
      "stop": 40689,
      "text": "ix\n"
    },
    {
      "start": 40689,
      "stop": 42483,
      "text": "z\n"
    },
    {
      "start": 42483,
      "stop": 42760,
      "text": "h#\n"
    }
  ],
  "phonetic_codes": [
    "/dh ax/",
    "/l ae1 k/",
    "/ax v/",
    "/hh iy1 t/",
    "/k aa m p aw1 n d ix d/",
    "/dh ax/",
    "/t eh1 n ix n t s/"
  ],
  "race": "White",
  "recording_date": "02/28/86",
  "sentence": "The lack of heat compounded the tenant's grievances.",
  "sentence_id": "SX55",
  "sentence_time": {
    "start": 0,
    "stop": 45056,
    "text": "The lack of heat compounded the tenant's grievances.\n"
  },
  "sex": "M",
  "speaker_id": "SMR0",
  "speech": "SX55SMR0",
  "speech_dataset": "timit",
  "use": "System training speaker",
  "word_times": [
    {
      "start": 0,
      "stop": 3778,
      "text": "h#\n"
    },
    {
      "start": 3778,
      "stop": 3945,
      "text": "dh\n"
    },
    {
      "start": 3945,
      "stop": 4344,
      "text": "ax\n"
    },
    {
      "start": 4344,
      "stop": 5389,
      "text": "l\n"
    },
    {
      "start": 5389,
      "stop": 7880,
      "text": "ae\n"
    },
    {
      "start": 7880,
      "stop": 8897,
      "text": "kcl\n"
    },
    {
      "start": 8897,
      "stop": 9699,
      "text": "ah\n"
    },
    {
      "start": 9699,
      "stop": 10986,
      "text": "v\n"
    },
    {
      "start": 10986,
      "stop": 11520,
      "text": "hh\n"
    },
    {
      "start": 11520,
      "stop": 13400,
      "text": "iy\n"
    },
    {
      "start": 13400,
      "stop": 14740,
      "text": "tcl\n"
    },
    {
      "start": 14740,
      "stop": 15630,
      "text": "k\n"
    },
    {
      "start": 15630,
      "stop": 17026,
      "text": "aa\n"
    },
    {
      "start": 17026,
      "stop": 17587,
      "text": "m\n"
    },
    {
      "start": 17587,
      "stop": 18430,
      "text": "pcl\n"
    },
    {
      "start": 18430,
      "stop": 19150,
      "text": "p\n"
    },
    {
      "start": 19150,
      "stop": 21560,
      "text": "aw\n"
    },
    {
      "start": 21560,
      "stop": 22015,
      "text": "n\n"
    },
    {
      "start": 22015,
      "stop": 22349,
      "text": "dcl\n"
    },
    {
      "start": 22349,
      "stop": 23320,
      "text": "ix\n"
    },
    {
      "start": 23320,
      "stop": 24280,
      "text": "dcl\n"
    },
    {
      "start": 24280,
      "stop": 24440,
      "text": "dh\n"
    },
    {
      "start": 24440,
      "stop": 25080,
      "text": "ix\n"
    },
    {
      "start": 25080,
      "stop": 26280,
      "text": "tcl\n"
    },
    {
      "start": 26280,
      "stop": 27220,
      "text": "t\n"
    },
    {
      "start": 27220,
      "stop": 28600,
      "text": "eh\n"
    },
    {
      "start": 28600,
      "stop": 29160,
      "text": "nx\n"
    },
    {
      "start": 29160,
      "stop": 30089,
      "text": "ix\n"
    },
    {
      "start": 30089,
      "stop": 30711,
      "text": "n\n"
    },
    {
      "start": 30711,
      "stop": 31044,
      "text": "tcl\n"
    },
    {
      "start": 31044,
      "stop": 32040,
      "text": "s\n"
    },
    {
      "start": 32040,
      "stop": 32833,
      "text": "gcl\n"
    },
    {
      "start": 32833,
      "stop": 33487,
      "text": "g\n"
    },
    {
      "start": 33487,
      "stop": 34172,
      "text": "r\n"
    },
    {
      "start": 34172,
      "stop": 35509,
      "text": "iy\n"
    },
    {
      "start": 35509,
      "stop": 36458,
      "text": "v\n"
    },
    {
      "start": 36458,
      "stop": 37720,
      "text": "en\n"
    },
    {
      "start": 37720,
      "stop": 38830,
      "text": "s\n"
    },
    {
      "start": 38830,
      "stop": 40689,
      "text": "ix\n"
    },
    {
      "start": 40689,
      "stop": 42483,
      "text": "z\n"
    },
    {
      "start": 42483,
      "stop": 42760,
      "text": "h#\n"
    }
  ]
}