{
  "algo": "consensus",
  "birth_date": "05/22/53",
  "comments": "",
  "dialect": "Northern",
  "education": "High School",
  "height": 1.8542000000000003,
  "noise_dataset": null,
  "phoneme_times": [
    {
      "start": 0,
      "stop": 2210,
      "text": "h#\n"
    },
    {
      "start": 2210,
      "stop": 3030,
      "text": "dh\n"
    },
    {
      "start": 3030,
      "stop": 3810,
      "text": "ix\n"
    },
    {
      "start": 3810,
      "stop": 5730,
      "text": "s\n"
    },
    {
      "start": 5730,
      "stop": 6760,
      "text": "ih\n"
    },
    {
      "start": 6760,
      "stop": 7451,
      "text": "s\n"
    },
    {
      "start": 7451,
      "stop": 8410,
      "text": "tcl\n"
    },
    {
      "start": 8410,
      "stop": 8780,
      "text": "t\n"
    },
    {
      "start": 8780,
      "stop": 9274,
      "text": "ix\n"
    },
    {
      "start": 9274,
      "stop": 10819,
      "text": "m\n"
    },
    {
      "start": 10819,
      "stop": 12320,
      "text": "ey\n"
    },
    {
      "start": 12320,
      "stop": 13580,
      "text": "bcl\n"
    },
    {
      "start": 13580,
      "stop": 13947,
      "text": "b\n"
    },
    {
      "start": 13947,
      "stop": 14413,
      "text": "r\n"
    },
    {
      "start": 14413,
      "stop": 15800,
      "text": "ey\n"
    },
    {
      "start": 15800,
      "stop": 17160,
      "text": "kcl\n"
    },
    {
      "start": 17160,
      "stop": 17486,
      "text": "d\n"
    },
    {
      "start": 17486,
      "stop": 20302,
      "text": "aw\n"
    },
    {
      "start": 20302,
      "stop": 21630,
      "text": "n\n"
    },
    {
      "start": 21630,
      "stop": 23466,
      "text": "s\n"
    },
    {
      "start": 23466,
      "stop": 24814,
      "text": "ux\n"
    },
    {
      "start": 24814,
      "stop": 26447,
      "text": "n\n"
    },
    {
      "start": 26447,
      "stop": 28120,
      "text": "pau\n"
    },
    {
      "start": 28120,
      "stop": 30036,
      "text": "s\n"
    },
    {
      "start": 30036,
      "stop": 31268,
      "text": "ow\n"
    },
    {
      "start": 31268,
      "stop": 33002,
      "text": "s\n"
    },
    {
      "start": 33002,
      "stop": 34882,
      "text": "ey\n"
    },
    {
      "start": 34882,
      "stop": 35720,
      "text": "v\n"
    },
    {
      "start": 35720,
      "stop": 36306,
      "text": "y\n"
    },
    {
      "start": 36306,
      "stop": 37480,
      "text": "er\n"
    },
    {
      "start": 37480,
      "stop": 38980,
      "text": "f\n"
    },
    {
      "start": 38980,
      "stop": 41255,
      "text": "ay\n"
    },
    {
      "start": 41255,
      "stop": 42723,
      "text": "l\n"
    },
    {
      "start": 42723,
      "stop": 43887,
      "text": "z\n"
    },
    {
      "start": 43887,
      "stop": 45560,
      "text": "f\n"
    },
    {
      "start": 45560,
      "stop": 46013,
      "text": "r\n"
    },
    {
      "start": 46013,
      "stop": 46920,
      "text": "iy\n"
    },
    {
      "start": 46920,
      "stop": 47512,
      "text": "kcl\n"
    },
    {
      "start": 47512,
      "stop": 47907,
      "text": "k\n"
    },
    {
      "start": 47907,
      "stop": 48401,
      "text": "w\n"
    },
    {
      "start": 48401,
      "stop": 48952,
      "text": "ax\n"
    },
    {
      "start": 48952,
      "stop": 49485,
      "text": "n\n"
    },
    {
      "start": 49485,
      "stop": 50437,
      "text": "q\n"
    },
    {
      "start": 50437,
      "stop": 51156,
      "text": "l\n"
    },
    {
      "start": 51156,
      "stop": 51991,
      "text": "iy\n"
    },
    {
      "start": 51991,
      "stop": 56000,
      "text": "h#\n"
    }
  ],
  "phonetic_codes": [
    "/dh ax/",
    "/s ih1 s t ax m/",
    "/m ey1/",
    "/b r ey1 k/",
    "/d aw1 n/",
    "/s ow1/",
    "/s ey1 v/",
    "/y uh1 r/",
    "/f ay1 l z/"
  ],
  "race": "White",
  "recording_date": "02/24/86",
  "sentence": "The system may break down soon, so save your files frequently.",
  "sentence_id": "SX359",
  "sentence_time": {
    "start": 0,
    "stop": 56013,
    "text": "The system may break down soon, so save your files frequently.\n"
  },
  "sex": "M",
  "speaker_id": "DPS0",
  "speech": "SX359DPS0",
  "speech_dataset": "timit",
  "use": "System training speaker",
  "word_times": [
    {
      "start": 0,
      "stop": 2210,
      "text": "h#\n"
    },
    {
      "start": 2210,
      "stop": 3030,
      "text": "dh\n"
    },
    {
      "start": 3030,
      "stop": 3810,
      "text": "ix\n"
    },
    {
      "start": 3810,
      "stop": 5730,
      "text": "s\n"
    },
    {
      "start": 5730,
      "stop": 6760,
      "text": "ih\n"
    },
    {
      "start": 6760,
      "stop": 7451,
      "text": "s\n"
    },
    {
      "start": 7451,
      "stop": 8410,
      "text": "tcl\n"
    },
    {
      "start": 8410,
      "stop": 8780,
      "text": "t\n"
    },
    {
      "start": 8780,
      "stop": 9274,
      "text": "ix\n"
    },
    {
      "start": 9274,
      "stop": 10819,
      "text": "m\n"
    },
    {
      "start": 10819,
      "stop": 12320,
      "text": "ey\n"
    },
    {
      "start": 12320,
      "stop": 13580,
      "text": "bcl\n"
    },
    {
      "start": 13580,
      "stop": 13947,
      "text": "b\n"
    },
    {
      "start": 13947,
      "stop": 14413,
      "text": "r\n"
    },
    {
      "start": 14413,
      "stop": 15800,
      "text": "ey\n"
    },
    {
      "start": 15800,
      "stop": 17160,
      "text": "kcl\n"
    },
    {
      "start": 17160,
      "stop": 17486,
      "text": "d\n"
    },
    {
      "start": 17486,
      "stop": 20302,
      "text": "aw\n"
    },
    {
      "start": 20302,
      "stop": 21630,
      "text": "n\n"
    },
    {
      "start": 21630,
      "stop": 23466,
      "text": "s\n"
    },
    {
      "start": 23466,
      "stop": 24814,
      "text": "ux\n"
    },
    {
      "start": 24814,
      "stop": 26447,
      "text": "n\n"
    },
    {
      "start": 26447,
      "stop": 28120,
      "text": "pau\n"
    },
    {
      "start": 28120,
      "stop": 30036,
      "text": "s\n"
    },
    {
      "start": 30036,
      "stop": 31268,
      "text": "ow\n"
    },
    {
      "start": 31268,
      "stop": 33002,
      "text": "s\n"
    },
    {
      "start": 33002,
      "stop": 34882,
      "text": "ey\n"
    },
    {
      "start": 34882,
      "stop": 35720,
      "text": "v\n"
    },
    {
      "start": 35720,
      "stop": 36306,
      "text": "y\n"
    },
    {
      "start": 36306,
      "stop": 37480,
      "text": "er\n"
    },
    {
      "start": 37480,
      "stop": 38980,
      "text": "f\n"
    },
    {
      "start": 38980,
      "stop": 41255,
      "text": "ay\n"
    },
    {
      "start": 41255,
      "stop": 42723,
      "text": "l\n"
    },
    {
      "start": 42723,
      "stop": 43887,
      "text": "z\n"
    },
    {
      "start": 43887,
      "stop": 45560,
      "text": "f\n"
    },
    {
      "start": 45560,
      "stop": 46013,
      "text": "r\n"
    },
    {
      "start": 46013,
      "stop": 46920,
      "text": "iy\n"
    },
    {
      "start": 46920,
      "stop": 47512,
      "text": "kcl\n"
    },
    {
      "start": 47512,
      "stop": 47907,
      "text": "k\n"
    },
    {
      "start": 47907,
      "stop": 48401,
      "text": "w\n"
    },
    {
      "start": 48401,
      "stop": 48952,
      "text": "ax\n"
    },
    {
      "start": 48952,
      "stop": 49485,
      "text": "n\n"
    },
    {
      "start": 49485,
      "stop": 50437,
      "text": "q\n"
    },
    {
      "start": 50437,
      "stop": 51156,
      "text": "l\n"
    },
    {
      "start": 51156,
      "stop": 51991,
      "text": "iy\n"
    },
    {
      "start": 51991,
      "stop": 56000,
      "text": "h#\n"
    }
  ]
}