{
  "algo": "consensus",
  "birth_date": "02/12/51",
  "comments": "MOVED AROUND \n",
  "dialect": "Western",
  "education": "High School",
  "height": 1.778,
  "noise_dataset": null,
  "phoneme_times": [
    {
      "start": 0,
      "stop": 11289,
      "text": "h#\n"
    },
    {
      "start": 11289,
      "stop": 13323,
      "text": "sh\n"
    },
    {
      "start": 13323,
      "stop": 14640,
      "text": "iy\n"
    },
    {
      "start": 14640,
      "stop": 16751,
      "text": "hv\n"
    },
    {
      "start": 16751,
      "stop": 18374,
      "text": "ae\n"
    },
    {
      "start": 18374,
      "stop": 19222,
      "text": "dcl\n"
    },
    {
      "start": 19222,
      "stop": 19453,
      "text": "d\n"
    },
    {
      "start": 19453,
      "stop": 20929,
      "text": "y\n"
    },
    {
      "start": 20929,
      "stop": 22920,
      "text": "er\n"
    },
    {
      "start": 22920,
      "stop": 24496,
      "text": "dcl\n"
    },
    {
      "start": 24496,
      "stop": 24695,
      "text": "d\n"
    },
    {
      "start": 24695,
      "stop": 26986,
      "text": "aa\n"
    },
    {
      "start": 26986,
      "stop": 28019,
      "text": "r\n"
    },
    {
      "start": 28019,
      "stop": 29500,
      "text": "kcl\n"
    },
    {
      "start": 29500,
      "stop": 29759,
      "text": "k\n"
    },
    {
      "start": 29759,
      "stop": 32671,
      "text": "s\n"
    },
    {
      "start": 32671,
      "stop": 35960,
      "text": "ux\n"
    },
    {
      "start": 35960,
      "stop": 38349,
      "text": "tcl\n"
    },
    {
      "start": 38349,
      "stop": 39963,
      "text": "ih\n"
    },
    {
      "start": 39963,
      "stop": 41609,
      "text": "n\n"
    },
    {
      "start": 41609,
      "stop": 42120,
      "text": "gcl\n"
    },
    {
      "start": 42120,
      "stop": 42880,
      "text": "g\n"
    },
    {
      "start": 42880,
      "stop": 44198,
      "text": "r\n"
    },
    {
      "start": 44198,
      "stop": 46360,
      "text": "iy\n"
    },
    {
      "start": 46360,
      "stop": 47897,
      "text": "z\n"
    },
    {
      "start": 47897,
      "stop": 49921,
      "text": "iy\n"
    },
    {
      "start": 49921,
      "stop": 51375,
      "text": "w\n"
    },
    {
      "start": 51375,
      "stop": 54373,
      "text": "ao\n"
    },
    {
      "start": 54373,
      "stop": 56663,
      "text": "sh\n"
    },
    {
      "start": 56663,
      "stop": 57128,
      "text": "epi\n"
    },
    {
      "start": 57128,
      "stop": 58257,
      "text": "w\n"
    },
    {
      "start": 58257,
      "stop": 60468,
      "text": "ao\n"
    },
    {
      "start": 60468,
      "stop": 61109,
      "text": "dx\n"
    },
    {
      "start": 61109,
      "stop": 62936,
      "text": "er\n"
    },
    {
      "start": 62936,
      "stop": 64893,
      "text": "q\n"
    },
    {
      "start": 64893,
      "stop": 69449,
      "text": "ao\n"
    },
    {
      "start": 69449,
      "stop": 70475,
      "text": "l\n"
    },
    {
      "start": 70475,
      "stop": 72313,
      "text": "y\n"
    },
    {
      "start": 72313,
      "stop": 74318,
      "text": "ih\n"
    },
    {
      "start": 74318,
      "stop": 77240,
      "text": "axr\n"
    },
    {
      "start": 77240,
      "stop": 79680,
      "text": "h#\n"
    }
  ],
  "phonetic_codes": [
    "/sh iy1/",
    "/hh ae1 d/",
    "/y uh1 r/",
    "/d aa1 r k/",
    "/s uw1 t/",
    "/ih1 n/",
    "/g r iy1 s iy/",
    "/w ao1 sh/",
    "/w ao1 t axr/",
    "/ao1 l/"
  ],
  "race": "White",
  "recording_date": "04/01/86",
  "sentence": "She had your dark suit in greasy wash water all year.",
  "sentence_id": "SA1",
  "sentence_time": {
    "start": 0,
    "stop": 79770,
    "text": "She had your dark suit in greasy wash water all year.\n"
  },
  "sex": "F",
  "speaker_id": "ISB0",
  "speech": "SA1ISB0",
  "speech_dataset": "timit",
  "use": "System test speaker",
  "word_times": [
    {
      "start": 0,
      "stop": 11289,
      "text": "h#\n"
    },
    {
      "start": 11289,
      "stop": 13323,
      "text": "sh\n"
    },
    {
      "start": 13323,
      "stop": 14640,
      "text": "iy\n"
    },
    {
      "start": 14640,
      "stop": 16751,
      "text": "hv\n"
    },
    {
      "start": 16751,
      "stop": 18374,
      "text": "ae\n"
    },
    {
      "start": 18374,
      "stop": 19222,
      "text": "dcl\n"
    },
    {
      "start": 19222,
      "stop": 19453,
      "text": "d\n"
    },
    {
      "start": 19453,
      "stop": 20929,
      "text": "y\n"
    },
    {
      "start": 20929,
      "stop": 22920,
      "text": "er\n"
    },
    {
      "start": 22920,
      "stop": 24496,
      "text": "dcl\n"
    },
    {
      "start": 24496,
      "stop": 24695,
      "text": "d\n"
    },
    {
      "start": 24695,
      "stop": 26986,
      "text": "aa\n"
    },
    {
      "start": 26986,
      "stop": 28019,
      "text": "r\n"
    },
    {
      "start": 28019,
      "stop": 29500,
      "text": "kcl\n"
    },
    {
      "start": 29500,
      "stop": 29759,
      "text": "k\n"
    },
    {
      "start": 29759,
      "stop": 32671,
      "text": "s\n"
    },
    {
      "start": 32671,
      "stop": 35960,
      "text": "ux\n"
    },
    {
      "start": 35960,
      "stop": 38349,
      "text": "tcl\n"
    },
    {
      "start": 38349,
      "stop": 39963,
      "text": "ih\n"
    },
    {
      "start": 39963,
      "stop": 41609,
      "text": "n\n"
    },
    {
      "start": 41609,
      "stop": 42120,
      "text": "gcl\n"
    },
    {
      "start": 42120,
      "stop": 42880,
      "text": "g\n"
    },
    {
      "start": 42880,
      "stop": 44198,
      "text": "r\n"
    },
    {
      "start": 44198,
      "stop": 46360,
      "text": "iy\n"
    },
    {
      "start": 46360,
      "stop": 47897,
      "text": "z\n"
    },
    {
      "start": 47897,
      "stop": 49921,
      "text": "iy\n"
    },
    {
      "start": 49921,
      "stop": 51375,
      "text": "w\n"
    },
    {
      "start": 51375,
      "stop": 54373,
      "text": "ao\n"
    },
    {
      "start": 54373,
      "stop": 56663,
      "text": "sh\n"
    },
    {
      "start": 56663,
      "stop": 57128,
      "text": "epi\n"
    },
    {
      "start": 57128,
      "stop": 58257,
      "text": "w\n"
    },
    {
      "start": 58257,
      "stop": 60468,
      "text": "ao\n"
    },
    {
      "start": 60468,
      "stop": 61109,
      "text": "dx\n"
    },
    {
      "start": 61109,
      "stop": 62936,
      "text": "er\n"
    },
    {
      "start": 62936,
      "stop": 64893,
      "text": "q\n"
    },
    {
      "start": 64893,
      "stop": 69449,
      "text": "ao\n"
    },
    {
      "start": 69449,
      "stop": 70475,
      "text": "l\n"
    },
    {
      "start": 70475,
      "stop": 72313,
      "text": "y\n"
    },
    {
      "start": 72313,
      "stop": 74318,
      "text": "ih\n"
    },
    {
      "start": 74318,
      "stop": 77240,
      "text": "axr\n"
    },
    {
      "start": 77240,
      "stop": 79680,
      "text": "h#\n"
    }
  ]
}