{
  "algo": "consensus",
  "birth_date": "06/15/47",
  "comments": "",
  "dialect": "Western",
  "education": "Master's Degree (MS or MA)",
  "height": 1.7018,
  "noise_dataset": null,
  "phoneme_times": [
    {
      "start": 0,
      "stop": 2180,
      "text": "h#\n"
    },
    {
      "start": 2180,
      "stop": 2460,
      "text": "d\n"
    },
    {
      "start": 2460,
      "stop": 4816,
      "text": "ow\n"
    },
    {
      "start": 4816,
      "stop": 5046,
      "text": "n\n"
    },
    {
      "start": 5046,
      "stop": 5480,
      "text": "tcl\n"
    },
    {
      "start": 5480,
      "stop": 5806,
      "text": "t\n"
    },
    {
      "start": 5806,
      "stop": 6355,
      "text": "q\n"
    },
    {
      "start": 6355,
      "stop": 8690,
      "text": "ae\n"
    },
    {
      "start": 8690,
      "stop": 9760,
      "text": "s\n"
    },
    {
      "start": 9760,
      "stop": 10920,
      "text": "kcl\n"
    },
    {
      "start": 10920,
      "stop": 11360,
      "text": "m\n"
    },
    {
      "start": 11360,
      "stop": 12320,
      "text": "iy\n"
    },
    {
      "start": 12320,
      "stop": 13234,
      "text": "dx\n"
    },
    {
      "start": 13234,
      "stop": 13741,
      "text": "ax-h\n"
    },
    {
      "start": 13741,
      "stop": 14530,
      "text": "kcl\n"
    },
    {
      "start": 14530,
      "stop": 15820,
      "text": "k\n"
    },
    {
      "start": 15820,
      "stop": 16459,
      "text": "eh\n"
    },
    {
      "start": 16459,
      "stop": 17295,
      "text": "r\n"
    },
    {
      "start": 17295,
      "stop": 19007,
      "text": "ey\n"
    },
    {
      "start": 19007,
      "stop": 20637,
      "text": "q\n"
    },
    {
      "start": 20637,
      "stop": 21430,
      "text": "eh\n"
    },
    {
      "start": 21430,
      "stop": 22140,
      "text": "n\n"
    },
    {
      "start": 22140,
      "stop": 24438,
      "text": "ow\n"
    },
    {
      "start": 24438,
      "stop": 25315,
      "text": "l\n"
    },
    {
      "start": 25315,
      "stop": 26485,
      "text": "iy\n"
    },
    {
      "start": 26485,
      "stop": 27947,
      "text": "r\n"
    },
    {
      "start": 27947,
      "stop": 30621,
      "text": "ae\n"
    },
    {
      "start": 30621,
      "stop": 31057,
      "text": "gcl\n"
    },
    {
      "start": 31057,
      "stop": 31455,
      "text": "g\n"
    },
    {
      "start": 31455,
      "stop": 32037,
      "text": "l\n"
    },
    {
      "start": 32037,
      "stop": 33400,
      "text": "ay\n"
    },
    {
      "start": 33400,
      "stop": 35257,
      "text": "kcl\n"
    },
    {
      "start": 35257,
      "stop": 35539,
      "text": "dh\n"
    },
    {
      "start": 35539,
      "stop": 38057,
      "text": "ae\n"
    },
    {
      "start": 38057,
      "stop": 39480,
      "text": "tcl\n"
    },
    {
      "start": 39480,
      "stop": 41280,
      "text": "h#\n"
    }
  ],
  "phonetic_codes": [
    "/d ow1 n t/",
    "/ae1 s k/",
    "/m iy1/",
    "/t uw1/",
    "/k ae1 r iy/",
    "/ae n/",
    "/oy1 l iy/",
    "/r ae1 g/",
    "/l ay1 k/"
  ],
  "race": "White",
  "recording_date": "03/13/86",
  "sentence": "Don't ask me to carry an oily rag like that.",
  "sentence_id": "SA2",
  "sentence_time": {
    "start": 0,
    "stop": 41370,
    "text": "Don't ask me to carry an oily rag like that.\n"
  },
  "sex": "M",
  "speaker_id": "TLC0",
  "speech": "SA2TLC0",
  "speech_dataset": "timit",
  "use": "System training speaker",
  "word_times": [
    {
      "start": 0,
      "stop": 2180,
      "text": "h#\n"
    },
    {
      "start": 2180,
      "stop": 2460,
      "text": "d\n"
    },
    {
      "start": 2460,
      "stop": 4816,
      "text": "ow\n"
    },
    {
      "start": 4816,
      "stop": 5046,
      "text": "n\n"
    },
    {
      "start": 5046,
      "stop": 5480,
      "text": "tcl\n"
    },
    {
      "start": 5480,
      "stop": 5806,
      "text": "t\n"
    },
    {
      "start": 5806,
      "stop": 6355,
      "text": "q\n"
    },
    {
      "start": 6355,
      "stop": 8690,
      "text": "ae\n"
    },
    {
      "start": 8690,
      "stop": 9760,
      "text": "s\n"
    },
    {
      "start": 9760,
      "stop": 10920,
      "text": "kcl\n"
    },
    {
      "start": 10920,
      "stop": 11360,
      "text": "m\n"
    },
    {
      "start": 11360,
      "stop": 12320,
      "text": "iy\n"
    },
    {
      "start": 12320,
      "stop": 13234,
      "text": "dx\n"
    },
    {
      "start": 13234,
      "stop": 13741,
      "text": "ax-h\n"
    },
    {
      "start": 13741,
      "stop": 14530,
      "text": "kcl\n"
    },
    {
      "start": 14530,
      "stop": 15820,
      "text": "k\n"
    },
    {
      "start": 15820,
      "stop": 16459,
      "text": "eh\n"
    },
    {
      "start": 16459,
      "stop": 17295,
      "text": "r\n"
    },
    {
      "start": 17295,
      "stop": 19007,
      "text": "ey\n"
    },
    {
      "start": 19007,
      "stop": 20637,
      "text": "q\n"
    },
    {
      "start": 20637,
      "stop": 21430,
      "text": "eh\n"
    },
    {
      "start": 21430,
      "stop": 22140,
      "text": "n\n"
    },
    {
      "start": 22140,
      "stop": 24438,
      "text": "ow\n"
    },
    {
      "start": 24438,
      "stop": 25315,
      "text": "l\n"
    },
    {
      "start": 25315,
      "stop": 26485,
      "text": "iy\n"
    },
    {
      "start": 26485,
      "stop": 27947,
      "text": "r\n"
    },
    {
      "start": 27947,
      "stop": 30621,
      "text": "ae\n"
    },
    {
      "start": 30621,
      "stop": 31057,
      "text": "gcl\n"
    },
    {
      "start": 31057,
      "stop": 31455,
      "text": "g\n"
    },
    {
      "start": 31455,
      "stop": 32037,
      "text": "l\n"
    },
    {
      "start": 32037,
      "stop": 33400,
      "text": "ay\n"
    },
    {
      "start": 33400,
      "stop": 35257,
      "text": "kcl\n"
    },
    {
      "start": 35257,
      "stop": 35539,
      "text": "dh\n"
    },
    {
      "start": 35539,
      "stop": 38057,
      "text": "ae\n"
    },
    {
      "start": 38057,
      "stop": 39480,
      "text": "tcl\n"
    },
    {
      "start": 39480,
      "stop": 41280,
      "text": "h#\n"
    }
  ]
}