{
  "algo": "consensus",
  "birth_date": "07/23/38",
  "comments": "",
  "dialect": "North Midland",
  "education": "High School",
  "height": 1.6764000000000001,
  "noise_dataset": null,
  "phoneme_times": [
    {
      "start": 0,
      "stop": 5800,
      "text": "h#\n"
    },
    {
      "start": 5800,
      "stop": 9800,
      "text": "pau\n"
    },
    {
      "start": 9800,
      "stop": 10120,
      "text": "dh\n"
    },
    {
      "start": 10120,
      "stop": 11613,
      "text": "eh\n"
    },
    {
      "start": 11613,
      "stop": 12440,
      "text": "n\n"
    },
    {
      "start": 12440,
      "stop": 12600,
      "text": "dh\n"
    },
    {
      "start": 12600,
      "stop": 13560,
      "text": "ix\n"
    },
    {
      "start": 13560,
      "stop": 14600,
      "text": "kcl\n"
    },
    {
      "start": 14600,
      "stop": 15640,
      "text": "k\n"
    },
    {
      "start": 15640,
      "stop": 16710,
      "text": "ao\n"
    },
    {
      "start": 16710,
      "stop": 17503,
      "text": "r\n"
    },
    {
      "start": 17503,
      "stop": 18673,
      "text": "iy\n"
    },
    {
      "start": 18673,
      "stop": 21080,
      "text": "aa\n"
    },
    {
      "start": 21080,
      "stop": 22200,
      "text": "gcl\n"
    },
    {
      "start": 22200,
      "stop": 22600,
      "text": "g\n"
    },
    {
      "start": 22600,
      "stop": 23320,
      "text": "axr\n"
    },
    {
      "start": 23320,
      "stop": 25400,
      "text": "f\n"
    },
    {
      "start": 25400,
      "stop": 26920,
      "text": "er\n"
    },
    {
      "start": 26920,
      "stop": 28532,
      "text": "m\n"
    },
    {
      "start": 28532,
      "stop": 29535,
      "text": "ah\n"
    },
    {
      "start": 29535,
      "stop": 30920,
      "text": "s\n"
    },
    {
      "start": 30920,
      "stop": 31320,
      "text": "tcl\n"
    },
    {
      "start": 31320,
      "stop": 31749,
      "text": "t\n"
    },
    {
      "start": 31749,
      "stop": 32584,
      "text": "q\n"
    },
    {
      "start": 32584,
      "stop": 34040,
      "text": "aa\n"
    },
    {
      "start": 34040,
      "stop": 34680,
      "text": "r\n"
    },
    {
      "start": 34680,
      "stop": 35200,
      "text": "bcl\n"
    },
    {
      "start": 35200,
      "stop": 35467,
      "text": "b\n"
    },
    {
      "start": 35467,
      "stop": 36428,
      "text": "ix\n"
    },
    {
      "start": 36428,
      "stop": 37560,
      "text": "tcl\n"
    },
    {
      "start": 37560,
      "stop": 38760,
      "text": "t\n"
    },
    {
      "start": 38760,
      "stop": 39346,
      "text": "r\n"
    },
    {
      "start": 39346,
      "stop": 41023,
      "text": "ey\n"
    },
    {
      "start": 41023,
      "stop": 43080,
      "text": "tcl\n"
    },
    {
      "start": 43080,
      "stop": 43480,
      "text": "t\n"
    },
    {
      "start": 43480,
      "stop": 45600,
      "text": "h#\n"
    }
  ],
  "phonetic_codes": [
    "/dh eh1 n/",
    "/dh ax/",
    "/k ao2 r iy aa1 g r ax f axr/",
    "/m ah1 s t/"
  ],
  "race": "White",
  "recording_date": "01/28/86",
  "sentence": "Then the choreographer must arbitrate.",
  "sentence_id": "SI1086",
  "sentence_time": {
    "start": 0,
    "stop": 45672,
    "text": "Then the choreographer must arbitrate.\n"
  },
  "sex": "F",
  "speaker_id": "ALK0",
  "speech": "SI1086ALK0",
  "speech_dataset": "timit",
  "use": "System training speaker",
  "word_times": [
    {
      "start": 0,
      "stop": 5800,
      "text": "h#\n"
    },
    {
      "start": 5800,
      "stop": 9800,
      "text": "pau\n"
    },
    {
      "start": 9800,
      "stop": 10120,
      "text": "dh\n"
    },
    {
      "start": 10120,
      "stop": 11613,
      "text": "eh\n"
    },
    {
      "start": 11613,
      "stop": 12440,
      "text": "n\n"
    },
    {
      "start": 12440,
      "stop": 12600,
      "text": "dh\n"
    },
    {
      "start": 12600,
      "stop": 13560,
      "text": "ix\n"
    },
    {
      "start": 13560,
      "stop": 14600,
      "text": "kcl\n"
    },
    {
      "start": 14600,
      "stop": 15640,
      "text": "k\n"
    },
    {
      "start": 15640,
      "stop": 16710,
      "text": "ao\n"
    },
    {
      "start": 16710,
      "stop": 17503,
      "text": "r\n"
    },
    {
      "start": 17503,
      "stop": 18673,
      "text": "iy\n"
    },
    {
      "start": 18673,
      "stop": 21080,
      "text": "aa\n"
    },
    {
      "start": 21080,
      "stop": 22200,
      "text": "gcl\n"
    },
    {
      "start": 22200,
      "stop": 22600,
      "text": "g\n"
    },
    {
      "start": 22600,
      "stop": 23320,
      "text": "axr\n"
    },
    {
      "start": 23320,
      "stop": 25400,
      "text": "f\n"
    },
    {
      "start": 25400,
      "stop": 26920,
      "text": "er\n"
    },
    {
      "start": 26920,
      "stop": 28532,
      "text": "m\n"
    },
    {
      "start": 28532,
      "stop": 29535,
      "text": "ah\n"
    },
    {
      "start": 29535,
      "stop": 30920,
      "text": "s\n"
    },
    {
      "start": 30920,
      "stop": 31320,
      "text": "tcl\n"
    },
    {
      "start": 31320,
      "stop": 31749,
      "text": "t\n"
    },
    {
      "start": 31749,
      "stop": 32584,
      "text": "q\n"
    },
    {
      "start": 32584,
      "stop": 34040,
      "text": "aa\n"
    },
    {
      "start": 34040,
      "stop": 34680,
      "text": "r\n"
    },
    {
      "start": 34680,
      "stop": 35200,
      "text": "bcl\n"
    },
    {
      "start": 35200,
      "stop": 35467,
      "text": "b\n"
    },
    {
      "start": 35467,
      "stop": 36428,
      "text": "ix\n"
    },
    {
      "start": 36428,
      "stop": 37560,
      "text": "tcl\n"
    },
    {
      "start": 37560,
      "stop": 38760,
      "text": "t\n"
    },
    {
      "start": 38760,
      "stop": 39346,
      "text": "r\n"
    },
    {
      "start": 39346,
      "stop": 41023,
      "text": "ey\n"
    },
    {
      "start": 41023,
      "stop": 43080,
      "text": "tcl\n"
    },
    {
      "start": 43080,
      "stop": 43480,
      "text": "t\n"
    },
    {
      "start": 43480,
      "stop": 45600,
      "text": "h#\n"
    }
  ]
}