{
  "algo": "consensus",
  "birth_date": "03/08/60",
  "comments": "",
  "dialect": "North Midland",
  "education": "Bachelor's Degree (BS or BA)",
  "height": 1.9304000000000001,
  "noise_dataset": null,
  "phoneme_times": [
    {
      "start": 0,
      "stop": 2330,
      "text": "h#\n"
    },
    {
      "start": 2330,
      "stop": 4380,
      "text": "sh\n"
    },
    {
      "start": 4380,
      "stop": 5430,
      "text": "ux\n"
    },
    {
      "start": 5430,
      "stop": 6182,
      "text": "w\n"
    },
    {
      "start": 6182,
      "stop": 6950,
      "text": "ax\n"
    },
    {
      "start": 6950,
      "stop": 8740,
      "text": "s\n"
    },
    {
      "start": 8740,
      "stop": 10600,
      "text": "ow\n"
    },
    {
      "start": 10600,
      "stop": 11600,
      "text": "bcl\n"
    },
    {
      "start": 11600,
      "stop": 11720,
      "text": "b\n"
    },
    {
      "start": 11720,
      "stop": 12699,
      "text": "y\n"
    },
    {
      "start": 12699,
      "stop": 14120,
      "text": "ux\n"
    },
    {
      "start": 14120,
      "stop": 14496,
      "text": "dx\n"
    },
    {
      "start": 14496,
      "stop": 15400,
      "text": "ix\n"
    },
    {
      "start": 15400,
      "stop": 17410,
      "text": "f\n"
    },
    {
      "start": 17410,
      "stop": 19425,
      "text": "el\n"
    },
    {
      "start": 19425,
      "stop": 22020,
      "text": "pau\n"
    },
    {
      "start": 22020,
      "stop": 24400,
      "text": "s\n"
    },
    {
      "start": 24400,
      "stop": 26109,
      "text": "ow\n"
    },
    {
      "start": 26109,
      "stop": 27400,
      "text": "v\n"
    },
    {
      "start": 27400,
      "stop": 29201,
      "text": "ae\n"
    },
    {
      "start": 29201,
      "stop": 30370,
      "text": "l\n"
    },
    {
      "start": 30370,
      "stop": 32083,
      "text": "iy\n"
    },
    {
      "start": 32083,
      "stop": 33160,
      "text": "ix\n"
    },
    {
      "start": 33160,
      "stop": 33920,
      "text": "tcl\n"
    },
    {
      "start": 33920,
      "stop": 35240,
      "text": "t\n"
    },
    {
      "start": 35240,
      "stop": 37470,
      "text": "pau\n"
    },
    {
      "start": 37470,
      "stop": 39470,
      "text": "s\n"
    },
    {
      "start": 39470,
      "stop": 41000,
      "text": "ow\n"
    },
    {
      "start": 41000,
      "stop": 41950,
      "text": "pcl\n"
    },
    {
      "start": 41950,
      "stop": 42870,
      "text": "p\n"
    },
    {
      "start": 42870,
      "stop": 43480,
      "text": "ih\n"
    },
    {
      "start": 43480,
      "stop": 43880,
      "text": "dx\n"
    },
    {
      "start": 43880,
      "stop": 45120,
      "text": "iy\n"
    },
    {
      "start": 45120,
      "stop": 45960,
      "text": "ax\n"
    },
    {
      "start": 45960,
      "stop": 46670,
      "text": "bcl\n"
    },
    {
      "start": 46670,
      "stop": 47030,
      "text": "b\n"
    },
    {
      "start": 47030,
      "stop": 48520,
      "text": "el\n"
    },
    {
      "start": 48520,
      "stop": 50320,
      "text": "h#\n"
    }
  ],
  "phonetic_codes": [
    "/sh iy1/",
    "/w ax z/",
    "/s ow1/",
    "/s ow1/",
    "/s ow1/"
  ],
  "race": "White",
  "recording_date": "03/10/86",
  "sentence": "She was so beautiful, so valiant, so pitiable.",
  "sentence_id": "SI2085",
  "sentence_time": {
    "start": 0,
    "stop": 50381,
    "text": "She was so beautiful, so valiant, so pitiable.\n"
  },
  "sex": "M",
  "speaker_id": "DJM0",
  "speech": "SI2085DJM0",
  "speech_dataset": "timit",
  "use": "System training speaker",
  "word_times": [
    {
      "start": 0,
      "stop": 2330,
      "text": "h#\n"
    },
    {
      "start": 2330,
      "stop": 4380,
      "text": "sh\n"
    },
    {
      "start": 4380,
      "stop": 5430,
      "text": "ux\n"
    },
    {
      "start": 5430,
      "stop": 6182,
      "text": "w\n"
    },
    {
      "start": 6182,
      "stop": 6950,
      "text": "ax\n"
    },
    {
      "start": 6950,
      "stop": 8740,
      "text": "s\n"
    },
    {
      "start": 8740,
      "stop": 10600,
      "text": "ow\n"
    },
    {
      "start": 10600,
      "stop": 11600,
      "text": "bcl\n"
    },
    {
      "start": 11600,
      "stop": 11720,
      "text": "b\n"
    },
    {
      "start": 11720,
      "stop": 12699,
      "text": "y\n"
    },
    {
      "start": 12699,
      "stop": 14120,
      "text": "ux\n"
    },
    {
      "start": 14120,
      "stop": 14496,
      "text": "dx\n"
    },
    {
      "start": 14496,
      "stop": 15400,
      "text": "ix\n"
    },
    {
      "start": 15400,
      "stop": 17410,
      "text": "f\n"
    },
    {
      "start": 17410,
      "stop": 19425,
      "text": "el\n"
    },
    {
      "start": 19425,
      "stop": 22020,
      "text": "pau\n"
    },
    {
      "start": 22020,
      "stop": 24400,
      "text": "s\n"
    },
    {
      "start": 24400,
      "stop": 26109,
      "text": "ow\n"
    },
    {
      "start": 26109,
      "stop": 27400,
      "text": "v\n"
    },
    {
      "start": 27400,
      "stop": 29201,
      "text": "ae\n"
    },
    {
      "start": 29201,
      "stop": 30370,
      "text": "l\n"
    },
    {
      "start": 30370,
      "stop": 32083,
      "text": "iy\n"
    },
    {
      "start": 32083,
      "stop": 33160,
      "text": "ix\n"
    },
    {
      "start": 33160,
      "stop": 33920,
      "text": "tcl\n"
    },
    {
      "start": 33920,
      "stop": 35240,
      "text": "t\n"
    },
    {
      "start": 35240,
      "stop": 37470,
      "text": "pau\n"
    },
    {
      "start": 37470,
      "stop": 39470,
      "text": "s\n"
    },
    {
      "start": 39470,
      "stop": 41000,
      "text": "ow\n"
    },
    {
      "start": 41000,
      "stop": 41950,
      "text": "pcl\n"
    },
    {
      "start": 41950,
      "stop": 42870,
      "text": "p\n"
    },
    {
      "start": 42870,
      "stop": 43480,
      "text": "ih\n"
    },
    {
      "start": 43480,
      "stop": 43880,
      "text": "dx\n"
    },
    {
      "start": 43880,
      "stop": 45120,
      "text": "iy\n"
    },
    {
      "start": 45120,
      "stop": 45960,
      "text": "ax\n"
    },
    {
      "start": 45960,
      "stop": 46670,
      "text": "bcl\n"
    },
    {
      "start": 46670,
      "stop": 47030,
      "text": "b\n"
    },
    {
      "start": 47030,
      "stop": 48520,
      "text": "el\n"
    },
    {
      "start": 48520,
      "stop": 50320,
      "text": "h#\n"
    }
  ]
}