{
  "algo": "consensus",
  "birth_date": "05/25/57",
  "comments": "",
  "dialect": "North Midland",
  "education": "Master's Degree (MS or MA)",
  "height": 1.8288000000000002,
  "noise_dataset": null,
  "phoneme_times": [
    {
      "start": 0,
      "stop": 1763,
      "text": "h#\n"
    },
    {
      "start": 1763,
      "stop": 2400,
      "text": "dh\n"
    },
    {
      "start": 2400,
      "stop": 5136,
      "text": "er\n"
    },
    {
      "start": 5136,
      "stop": 7281,
      "text": "ih\n"
    },
    {
      "start": 7281,
      "stop": 8450,
      "text": "z\n"
    },
    {
      "start": 8450,
      "stop": 9153,
      "text": "n\n"
    },
    {
      "start": 9153,
      "stop": 12160,
      "text": "aa\n"
    },
    {
      "start": 12160,
      "stop": 12680,
      "text": "tcl\n"
    },
    {
      "start": 12680,
      "stop": 14589,
      "text": "s\n"
    },
    {
      "start": 14589,
      "stop": 15640,
      "text": "pcl\n"
    },
    {
      "start": 15640,
      "stop": 15850,
      "text": "p\n"
    },
    {
      "start": 15850,
      "stop": 19000,
      "text": "ey\n"
    },
    {
      "start": 19000,
      "stop": 21591,
      "text": "s\n"
    },
    {
      "start": 21591,
      "stop": 22310,
      "text": "tcl\n"
    },
    {
      "start": 22310,
      "stop": 22940,
      "text": "t\n"
    },
    {
      "start": 22940,
      "stop": 24600,
      "text": "ix\n"
    },
    {
      "start": 24600,
      "stop": 25630,
      "text": "hh\n"
    },
    {
      "start": 25630,
      "stop": 28333,
      "text": "ow\n"
    },
    {
      "start": 28333,
      "stop": 29800,
      "text": "l\n"
    },
    {
      "start": 29800,
      "stop": 30160,
      "text": "dcl\n"
    },
    {
      "start": 30160,
      "stop": 30480,
      "text": "d\n"
    },
    {
      "start": 30480,
      "stop": 32040,
      "text": "axr\n"
    },
    {
      "start": 32040,
      "stop": 34470,
      "text": "f\n"
    },
    {
      "start": 34470,
      "stop": 36678,
      "text": "ao\n"
    },
    {
      "start": 36678,
      "stop": 38070,
      "text": "r\n"
    },
    {
      "start": 38070,
      "stop": 40715,
      "text": "s\n"
    },
    {
      "start": 40715,
      "stop": 41430,
      "text": "tcl\n"
    },
    {
      "start": 41430,
      "stop": 42171,
      "text": "t\n"
    },
    {
      "start": 42171,
      "stop": 42680,
      "text": "ix\n"
    },
    {
      "start": 42680,
      "stop": 43850,
      "text": "gcl\n"
    },
    {
      "start": 43850,
      "stop": 44190,
      "text": "g\n"
    },
    {
      "start": 44190,
      "stop": 46333,
      "text": "aa\n"
    },
    {
      "start": 46333,
      "stop": 47560,
      "text": "r\n"
    },
    {
      "start": 47560,
      "stop": 48039,
      "text": "dcl\n"
    },
    {
      "start": 48039,
      "stop": 49568,
      "text": "ih\n"
    },
    {
      "start": 49568,
      "stop": 49969,
      "text": "nx\n"
    },
    {
      "start": 49969,
      "stop": 52242,
      "text": "iy\n"
    },
    {
      "start": 52242,
      "stop": 52960,
      "text": "ix\n"
    },
    {
      "start": 52960,
      "stop": 54000,
      "text": "ng\n"
    },
    {
      "start": 54000,
      "stop": 54390,
      "text": "kcl\n"
    },
    {
      "start": 54390,
      "stop": 55850,
      "text": "k\n"
    },
    {
      "start": 55850,
      "stop": 56628,
      "text": "r\n"
    },
    {
      "start": 56628,
      "stop": 57756,
      "text": "iy\n"
    },
    {
      "start": 57756,
      "stop": 59800,
      "text": "s\n"
    },
    {
      "start": 59800,
      "stop": 60131,
      "text": "tcl\n"
    },
    {
      "start": 60131,
      "stop": 60800,
      "text": "n\n"
    },
    {
      "start": 60800,
      "stop": 62000,
      "text": "ah\n"
    },
    {
      "start": 62000,
      "stop": 63188,
      "text": "m\n"
    },
    {
      "start": 63188,
      "stop": 63432,
      "text": "bcl\n"
    },
    {
      "start": 63432,
      "stop": 63640,
      "text": "b\n"
    },
    {
      "start": 63640,
      "stop": 65948,
      "text": "er\n"
    },
    {
      "start": 65948,
      "stop": 66789,
      "text": "axr\n"
    },
    {
      "start": 66789,
      "stop": 67437,
      "text": "v\n"
    },
    {
      "start": 67437,
      "stop": 68014,
      "text": "pcl\n"
    },
    {
      "start": 68014,
      "stop": 68965,
      "text": "p\n"
    },
    {
      "start": 68965,
      "stop": 69786,
      "text": "r\n"
    },
    {
      "start": 69786,
      "stop": 70844,
      "text": "ih\n"
    },
    {
      "start": 70844,
      "stop": 71825,
      "text": "z\n"
    },
    {
      "start": 71825,
      "stop": 72407,
      "text": "ax\n"
    },
    {
      "start": 72407,
      "stop": 73091,
      "text": "n\n"
    },
    {
      "start": 73091,
      "stop": 75299,
      "text": "axr\n"
    },
    {
      "start": 75299,
      "stop": 78063,
      "text": "s\n"
    },
    {
      "start": 78063,
      "stop": 84080,
      "text": "h#\n"
    }
  ],
  "phonetic_codes": [
    "/dh ae1 r/",
    "/ih1 z/",
    "/n aa1 t/",
    "/s p ey1 s/",
    "/t uw1/",
    "/hh ow1 l d/",
    "/ao1 r/",
    "/f ao1 r s/",
    "/t uw1/",
    "/g aa1 r d/",
    "/eh1 n iy/",
    "/ih1 n k r iy2 s t/",
    "/n ah1 m b axr/",
    "/ax v/"
  ],
  "race": "White",
  "recording_date": "04/18/86",
  "sentence": "There is not space to hold or force to guard any increased number of prisoners.",
  "sentence_id": "SI2118",
  "sentence_time": {
    "start": 0,
    "stop": 84173,
    "text": "There is not space to hold or force to guard any increased number of prisoners.\n"
  },
  "sex": "M",
  "speaker_id": "MDH0",
  "speech": "SI2118MDH0",
  "speech_dataset": "timit",
  "use": "System test speaker",
  "word_times": [
    {
      "start": 0,
      "stop": 1763,
      "text": "h#\n"
    },
    {
      "start": 1763,
      "stop": 2400,
      "text": "dh\n"
    },
    {
      "start": 2400,
      "stop": 5136,
      "text": "er\n"
    },
    {
      "start": 5136,
      "stop": 7281,
      "text": "ih\n"
    },
    {
      "start": 7281,
      "stop": 8450,
      "text": "z\n"
    },
    {
      "start": 8450,
      "stop": 9153,
      "text": "n\n"
    },
    {
      "start": 9153,
      "stop": 12160,
      "text": "aa\n"
    },
    {
      "start": 12160,
      "stop": 12680,
      "text": "tcl\n"
    },
    {
      "start": 12680,
      "stop": 14589,
      "text": "s\n"
    },
    {
      "start": 14589,
      "stop": 15640,
      "text": "pcl\n"
    },
    {
      "start": 15640,
      "stop": 15850,
      "text": "p\n"
    },
    {
      "start": 15850,
      "stop": 19000,
      "text": "ey\n"
    },
    {
      "start": 19000,
      "stop": 21591,
      "text": "s\n"
    },
    {
      "start": 21591,
      "stop": 22310,
      "text": "tcl\n"
    },
    {
      "start": 22310,
      "stop": 22940,
      "text": "t\n"
    },
    {
      "start": 22940,
      "stop": 24600,
      "text": "ix\n"
    },
    {
      "start": 24600,
      "stop": 25630,
      "text": "hh\n"
    },
    {
      "start": 25630,
      "stop": 28333,
      "text": "ow\n"
    },
    {
      "start": 28333,
      "stop": 29800,
      "text": "l\n"
    },
    {
      "start": 29800,
      "stop": 30160,
      "text": "dcl\n"
    },
    {
      "start": 30160,
      "stop": 30480,
      "text": "d\n"
    },
    {
      "start": 30480,
      "stop": 32040,
      "text": "axr\n"
    },
    {
      "start": 32040,
      "stop": 34470,
      "text": "f\n"
    },
    {
      "start": 34470,
      "stop": 36678,
      "text": "ao\n"
    },
    {
      "start": 36678,
      "stop": 38070,
      "text": "r\n"
    },
    {
      "start": 38070,
      "stop": 40715,
      "text": "s\n"
    },
    {
      "start": 40715,
      "stop": 41430,
      "text": "tcl\n"
    },
    {
      "start": 41430,
      "stop": 42171,
      "text": "t\n"
    },
    {
      "start": 42171,
      "stop": 42680,
      "text": "ix\n"
    },
    {
      "start": 42680,
      "stop": 43850,
      "text": "gcl\n"
    },
    {
      "start": 43850,
      "stop": 44190,
      "text": "g\n"
    },
    {
      "start": 44190,
      "stop": 46333,
      "text": "aa\n"
    },
    {
      "start": 46333,
      "stop": 47560,
      "text": "r\n"
    },
    {
      "start": 47560,
      "stop": 48039,
      "text": "dcl\n"
    },
    {
      "start": 48039,
      "stop": 49568,
      "text": "ih\n"
    },
    {
      "start": 49568,
      "stop": 49969,
      "text": "nx\n"
    },
    {
      "start": 49969,
      "stop": 52242,
      "text": "iy\n"
    },
    {
      "start": 52242,
      "stop": 52960,
      "text": "ix\n"
    },
    {
      "start": 52960,
      "stop": 54000,
      "text": "ng\n"
    },
    {
      "start": 54000,
      "stop": 54390,
      "text": "kcl\n"
    },
    {
      "start": 54390,
      "stop": 55850,
      "text": "k\n"
    },
    {
      "start": 55850,
      "stop": 56628,
      "text": "r\n"
    },
    {
      "start": 56628,
      "stop": 57756,
      "text": "iy\n"
    },
    {
      "start": 57756,
      "stop": 59800,
      "text": "s\n"
    },
    {
      "start": 59800,
      "stop": 60131,
      "text": "tcl\n"
    },
    {
      "start": 60131,
      "stop": 60800,
      "text": "n\n"
    },
    {
      "start": 60800,
      "stop": 62000,
      "text": "ah\n"
    },
    {
      "start": 62000,
      "stop": 63188,
      "text": "m\n"
    },
    {
      "start": 63188,
      "stop": 63432,
      "text": "bcl\n"
    },
    {
      "start": 63432,
      "stop": 63640,
      "text": "b\n"
    },
    {
      "start": 63640,
      "stop": 65948,
      "text": "er\n"
    },
    {
      "start": 65948,
      "stop": 66789,
      "text": "axr\n"
    },
    {
      "start": 66789,
      "stop": 67437,
      "text": "v\n"
    },
    {
      "start": 67437,
      "stop": 68014,
      "text": "pcl\n"
    },
    {
      "start": 68014,
      "stop": 68965,
      "text": "p\n"
    },
    {
      "start": 68965,
      "stop": 69786,
      "text": "r\n"
    },
    {
      "start": 69786,
      "stop": 70844,
      "text": "ih\n"
    },
    {
      "start": 70844,
      "stop": 71825,
      "text": "z\n"
    },
    {
      "start": 71825,
      "stop": 72407,
      "text": "ax\n"
    },
    {
      "start": 72407,
      "stop": 73091,
      "text": "n\n"
    },
    {
      "start": 73091,
      "stop": 75299,
      "text": "axr\n"
    },
    {
      "start": 75299,
      "stop": 78063,
      "text": "s\n"
    },
    {
      "start": 78063,
      "stop": 84080,
      "text": "h#\n"
    }
  ]
}