{
  "algo": "consensus",
  "birth_date": "05/22/56",
  "comments": "",
  "dialect": "North Midland",
  "education": "Master's Degree (MS or MA)",
  "height": 1.7018,
  "noise_dataset": null,
  "phoneme_times": [
    {
      "start": 0,
      "stop": 2568,
      "text": "h#\n"
    },
    {
      "start": 2568,
      "stop": 4135,
      "text": "sh\n"
    },
    {
      "start": 4135,
      "stop": 5305,
      "text": "iy\n"
    },
    {
      "start": 5305,
      "stop": 6673,
      "text": "hv\n"
    },
    {
      "start": 6673,
      "stop": 9160,
      "text": "ae\n"
    },
    {
      "start": 9160,
      "stop": 9960,
      "text": "dcl\n"
    },
    {
      "start": 9960,
      "stop": 10652,
      "text": "jh\n"
    },
    {
      "start": 10652,
      "stop": 12498,
      "text": "er\n"
    },
    {
      "start": 12498,
      "stop": 13160,
      "text": "dcl\n"
    },
    {
      "start": 13160,
      "stop": 13480,
      "text": "d\n"
    },
    {
      "start": 13480,
      "stop": 15080,
      "text": "aa\n"
    },
    {
      "start": 15080,
      "stop": 15880,
      "text": "r\n"
    },
    {
      "start": 15880,
      "stop": 17080,
      "text": "kcl\n"
    },
    {
      "start": 17080,
      "stop": 17532,
      "text": "k\n"
    },
    {
      "start": 17532,
      "stop": 19960,
      "text": "s\n"
    },
    {
      "start": 19960,
      "stop": 22360,
      "text": "ux\n"
    },
    {
      "start": 22360,
      "stop": 22760,
      "text": "tcl\n"
    },
    {
      "start": 22760,
      "stop": 23160,
      "text": "t\n"
    },
    {
      "start": 23160,
      "stop": 24443,
      "text": "q\n"
    },
    {
      "start": 24443,
      "stop": 24969,
      "text": "ix\n"
    },
    {
      "start": 24969,
      "stop": 26345,
      "text": "ng\n"
    },
    {
      "start": 26345,
      "stop": 26753,
      "text": "g\n"
    },
    {
      "start": 26753,
      "stop": 27488,
      "text": "r\n"
    },
    {
      "start": 27488,
      "stop": 28754,
      "text": "iy\n"
    },
    {
      "start": 28754,
      "stop": 30611,
      "text": "s\n"
    },
    {
      "start": 30611,
      "stop": 31566,
      "text": "iy\n"
    },
    {
      "start": 31566,
      "stop": 33336,
      "text": "w\n"
    },
    {
      "start": 33336,
      "stop": 35640,
      "text": "aa\n"
    },
    {
      "start": 35640,
      "stop": 37020,
      "text": "sh\n"
    },
    {
      "start": 37020,
      "stop": 37762,
      "text": "epi\n"
    },
    {
      "start": 37762,
      "stop": 38813,
      "text": "w\n"
    },
    {
      "start": 38813,
      "stop": 39880,
      "text": "aa\n"
    },
    {
      "start": 39880,
      "stop": 40360,
      "text": "dx\n"
    },
    {
      "start": 40360,
      "stop": 41817,
      "text": "axr\n"
    },
    {
      "start": 41817,
      "stop": 43900,
      "text": "ao\n"
    },
    {
      "start": 43900,
      "stop": 45020,
      "text": "l\n"
    },
    {
      "start": 45020,
      "stop": 46858,
      "text": "y\n"
    },
    {
      "start": 46858,
      "stop": 48329,
      "text": "ih\n"
    },
    {
      "start": 48329,
      "stop": 49609,
      "text": "axr\n"
    },
    {
      "start": 49609,
      "stop": 52480,
      "text": "h#\n"
    }
  ],
  "phonetic_codes": [
    "/sh iy1/",
    "/hh ae1 d/",
    "/y uh1 r/",
    "/d aa1 r k/",
    "/s uw1 t/",
    "/ih1 n/",
    "/g r iy1 s iy/",
    "/w ao1 sh/",
    "/w ao1 t axr/",
    "/ao1 l/"
  ],
  "race": "White",
  "recording_date": "02/04/86",
  "sentence": "She had your dark suit in greasy wash water all year.",
  "sentence_id": "SA1",
  "sentence_time": {
    "start": 0,
    "stop": 52532,
    "text": "She had your dark suit in greasy wash water all year.\n"
  },
  "sex": "M",
  "speaker_id": "TJM0",
  "speech": "SA1TJM0",
  "speech_dataset": "timit",
  "use": "System training speaker",
  "word_times": [
    {
      "start": 0,
      "stop": 2568,
      "text": "h#\n"
    },
    {
      "start": 2568,
      "stop": 4135,
      "text": "sh\n"
    },
    {
      "start": 4135,
      "stop": 5305,
      "text": "iy\n"
    },
    {
      "start": 5305,
      "stop": 6673,
      "text": "hv\n"
    },
    {
      "start": 6673,
      "stop": 9160,
      "text": "ae\n"
    },
    {
      "start": 9160,
      "stop": 9960,
      "text": "dcl\n"
    },
    {
      "start": 9960,
      "stop": 10652,
      "text": "jh\n"
    },
    {
      "start": 10652,
      "stop": 12498,
      "text": "er\n"
    },
    {
      "start": 12498,
      "stop": 13160,
      "text": "dcl\n"
    },
    {
      "start": 13160,
      "stop": 13480,
      "text": "d\n"
    },
    {
      "start": 13480,
      "stop": 15080,
      "text": "aa\n"
    },
    {
      "start": 15080,
      "stop": 15880,
      "text": "r\n"
    },
    {
      "start": 15880,
      "stop": 17080,
      "text": "kcl\n"
    },
    {
      "start": 17080,
      "stop": 17532,
      "text": "k\n"
    },
    {
      "start": 17532,
      "stop": 19960,
      "text": "s\n"
    },
    {
      "start": 19960,
      "stop": 22360,
      "text": "ux\n"
    },
    {
      "start": 22360,
      "stop": 22760,
      "text": "tcl\n"
    },
    {
      "start": 22760,
      "stop": 23160,
      "text": "t\n"
    },
    {
      "start": 23160,
      "stop": 24443,
      "text": "q\n"
    },
    {
      "start": 24443,
      "stop": 24969,
      "text": "ix\n"
    },
    {
      "start": 24969,
      "stop": 26345,
      "text": "ng\n"
    },
    {
      "start": 26345,
      "stop": 26753,
      "text": "g\n"
    },
    {
      "start": 26753,
      "stop": 27488,
      "text": "r\n"
    },
    {
      "start": 27488,
      "stop": 28754,
      "text": "iy\n"
    },
    {
      "start": 28754,
      "stop": 30611,
      "text": "s\n"
    },
    {
      "start": 30611,
      "stop": 31566,
      "text": "iy\n"
    },
    {
      "start": 31566,
      "stop": 33336,
      "text": "w\n"
    },
    {
      "start": 33336,
      "stop": 35640,
      "text": "aa\n"
    },
    {
      "start": 35640,
      "stop": 37020,
      "text": "sh\n"
    },
    {
      "start": 37020,
      "stop": 37762,
      "text": "epi\n"
    },
    {
      "start": 37762,
      "stop": 38813,
      "text": "w\n"
    },
    {
      "start": 38813,
      "stop": 39880,
      "text": "aa\n"
    },
    {
      "start": 39880,
      "stop": 40360,
      "text": "dx\n"
    },
    {
      "start": 40360,
      "stop": 41817,
      "text": "axr\n"
    },
    {
      "start": 41817,
      "stop": 43900,
      "text": "ao\n"
    },
    {
      "start": 43900,
      "stop": 45020,
      "text": "l\n"
    },
    {
      "start": 45020,
      "stop": 46858,
      "text": "y\n"
    },
    {
      "start": 46858,
      "stop": 48329,
      "text": "ih\n"
    },
    {
      "start": 48329,
      "stop": 49609,
      "text": "axr\n"
    },
    {
      "start": 49609,
      "stop": 52480,
      "text": "h#\n"
    }
  ]
}