{
  "algo": "consensus",
  "birth_date": "11/10/63",
  "comments": "",
  "dialect": "Northern",
  "education": "Bachelor's Degree (BS or BA)",
  "height": 1.7272,
  "noise_dataset": null,
  "phoneme_times": [
    {
      "start": 0,
      "stop": 2160,
      "text": "h#\n"
    },
    {
      "start": 2160,
      "stop": 3342,
      "text": "r\n"
    },
    {
      "start": 3342,
      "stop": 5096,
      "text": "aa\n"
    },
    {
      "start": 5096,
      "stop": 6061,
      "text": "bcl\n"
    },
    {
      "start": 6061,
      "stop": 6892,
      "text": "m\n"
    },
    {
      "start": 6892,
      "stop": 8880,
      "text": "ey\n"
    },
    {
      "start": 8880,
      "stop": 9293,
      "text": "dcl\n"
    },
    {
      "start": 9293,
      "stop": 10443,
      "text": "hv\n"
    },
    {
      "start": 10443,
      "stop": 11481,
      "text": "ah\n"
    },
    {
      "start": 11481,
      "stop": 12155,
      "text": "ng\n"
    },
    {
      "start": 12155,
      "stop": 12770,
      "text": "gcl\n"
    },
    {
      "start": 12770,
      "stop": 13130,
      "text": "g\n"
    },
    {
      "start": 13130,
      "stop": 14203,
      "text": "eh\n"
    },
    {
      "start": 14203,
      "stop": 15832,
      "text": "r\n"
    },
    {
      "start": 15832,
      "stop": 17760,
      "text": "iy\n"
    },
    {
      "start": 17760,
      "stop": 18338,
      "text": "n\n"
    },
    {
      "start": 18338,
      "stop": 19230,
      "text": "gcl\n"
    },
    {
      "start": 19230,
      "stop": 19730,
      "text": "g\n"
    },
    {
      "start": 19730,
      "stop": 21180,
      "text": "ux\n"
    },
    {
      "start": 21180,
      "stop": 22057,
      "text": "l\n"
    },
    {
      "start": 22057,
      "stop": 23979,
      "text": "aa\n"
    },
    {
      "start": 23979,
      "stop": 25600,
      "text": "sh\n"
    },
    {
      "start": 25600,
      "stop": 26590,
      "text": "f\n"
    },
    {
      "start": 26590,
      "stop": 27040,
      "text": "axr\n"
    },
    {
      "start": 27040,
      "stop": 28140,
      "text": "dcl\n"
    },
    {
      "start": 28140,
      "stop": 28490,
      "text": "d\n"
    },
    {
      "start": 28490,
      "stop": 30120,
      "text": "ih\n"
    },
    {
      "start": 30120,
      "stop": 30600,
      "text": "nx\n"
    },
    {
      "start": 30600,
      "stop": 32623,
      "text": "er\n"
    },
    {
      "start": 32623,
      "stop": 38440,
      "text": "pau\n"
    },
    {
      "start": 38440,
      "stop": 38822,
      "text": "q\n"
    },
    {
      "start": 38822,
      "stop": 39201,
      "text": "ix\n"
    },
    {
      "start": 39201,
      "stop": 40080,
      "text": "n\n"
    },
    {
      "start": 40080,
      "stop": 41120,
      "text": "gcl\n"
    },
    {
      "start": 41120,
      "stop": 41490,
      "text": "g\n"
    },
    {
      "start": 41490,
      "stop": 43125,
      "text": "ux\n"
    },
    {
      "start": 43125,
      "stop": 44260,
      "text": "s\n"
    },
    {
      "start": 44260,
      "stop": 45370,
      "text": "bcl\n"
    },
    {
      "start": 45370,
      "stop": 45702,
      "text": "b\n"
    },
    {
      "start": 45702,
      "stop": 47135,
      "text": "er\n"
    },
    {
      "start": 47135,
      "stop": 48040,
      "text": "iy\n"
    },
    {
      "start": 48040,
      "stop": 49250,
      "text": "pcl\n"
    },
    {
      "start": 49250,
      "stop": 50240,
      "text": "p\n"
    },
    {
      "start": 50240,
      "stop": 52984,
      "text": "ay\n"
    },
    {
      "start": 52984,
      "stop": 54820,
      "text": "f\n"
    },
    {
      "start": 54820,
      "stop": 55555,
      "text": "axr\n"
    },
    {
      "start": 55555,
      "stop": 56450,
      "text": "dcl\n"
    },
    {
      "start": 56450,
      "stop": 56689,
      "text": "d\n"
    },
    {
      "start": 56689,
      "stop": 57220,
      "text": "ix\n"
    },
    {
      "start": 57220,
      "stop": 58864,
      "text": "z\n"
    },
    {
      "start": 58864,
      "stop": 61577,
      "text": "er\n"
    },
    {
      "start": 61577,
      "stop": 62980,
      "text": "q\n"
    },
    {
      "start": 62980,
      "stop": 63920,
      "text": "h#\n"
    }
  ],
  "phonetic_codes": [
    "/r aa1 b/",
    "/m ey1 d/",
    "/hh ah2 ng g eh1 r iy ax n/",
    "/g uw1 l aa2 sh/",
    "/f ao1 r/",
    "/d ih1 n axr/",
    "/ae n d/",
    "/g uw1 s b eh2 r iy/",
    "/p ay1/",
    "/f ao1 r/"
  ],
  "race": "White",
  "recording_date": "02/25/86",
  "sentence": "Rob made Hungarian goulash for dinner and gooseberry pie for dessert.",
  "sentence_id": "SX336",
  "sentence_time": {
    "start": 0,
    "stop": 64000,
    "text": "Rob made Hungarian goulash for dinner and gooseberry pie for dessert.\n"
  },
  "sex": "F",
  "speaker_id": "LMC0",
  "speech": "SX336LMC0",
  "speech_dataset": "timit",
  "use": "System training speaker",
  "word_times": [
    {
      "start": 0,
      "stop": 2160,
      "text": "h#\n"
    },
    {
      "start": 2160,
      "stop": 3342,
      "text": "r\n"
    },
    {
      "start": 3342,
      "stop": 5096,
      "text": "aa\n"
    },
    {
      "start": 5096,
      "stop": 6061,
      "text": "bcl\n"
    },
    {
      "start": 6061,
      "stop": 6892,
      "text": "m\n"
    },
    {
      "start": 6892,
      "stop": 8880,
      "text": "ey\n"
    },
    {
      "start": 8880,
      "stop": 9293,
      "text": "dcl\n"
    },
    {
      "start": 9293,
      "stop": 10443,
      "text": "hv\n"
    },
    {
      "start": 10443,
      "stop": 11481,
      "text": "ah\n"
    },
    {
      "start": 11481,
      "stop": 12155,
      "text": "ng\n"
    },
    {
      "start": 12155,
      "stop": 12770,
      "text": "gcl\n"
    },
    {
      "start": 12770,
      "stop": 13130,
      "text": "g\n"
    },
    {
      "start": 13130,
      "stop": 14203,
      "text": "eh\n"
    },
    {
      "start": 14203,
      "stop": 15832,
      "text": "r\n"
    },
    {
      "start": 15832,
      "stop": 17760,
      "text": "iy\n"
    },
    {
      "start": 17760,
      "stop": 18338,
      "text": "n\n"
    },
    {
      "start": 18338,
      "stop": 19230,
      "text": "gcl\n"
    },
    {
      "start": 19230,
      "stop": 19730,
      "text": "g\n"
    },
    {
      "start": 19730,
      "stop": 21180,
      "text": "ux\n"
    },
    {
      "start": 21180,
      "stop": 22057,
      "text": "l\n"
    },
    {
      "start": 22057,
      "stop": 23979,
      "text": "aa\n"
    },
    {
      "start": 23979,
      "stop": 25600,
      "text": "sh\n"
    },
    {
      "start": 25600,
      "stop": 26590,
      "text": "f\n"
    },
    {
      "start": 26590,
      "stop": 27040,
      "text": "axr\n"
    },
    {
      "start": 27040,
      "stop": 28140,
      "text": "dcl\n"
    },
    {
      "start": 28140,
      "stop": 28490,
      "text": "d\n"
    },
    {
      "start": 28490,
      "stop": 30120,
      "text": "ih\n"
    },
    {
      "start": 30120,
      "stop": 30600,
      "text": "nx\n"
    },
    {
      "start": 30600,
      "stop": 32623,
      "text": "er\n"
    },
    {
      "start": 32623,
      "stop": 38440,
      "text": "pau\n"
    },
    {
      "start": 38440,
      "stop": 38822,
      "text": "q\n"
    },
    {
      "start": 38822,
      "stop": 39201,
      "text": "ix\n"
    },
    {
      "start": 39201,
      "stop": 40080,
      "text": "n\n"
    },
    {
      "start": 40080,
      "stop": 41120,
      "text": "gcl\n"
    },
    {
      "start": 41120,
      "stop": 41490,
      "text": "g\n"
    },
    {
      "start": 41490,
      "stop": 43125,
      "text": "ux\n"
    },
    {
      "start": 43125,
      "stop": 44260,
      "text": "s\n"
    },
    {
      "start": 44260,
      "stop": 45370,
      "text": "bcl\n"
    },
    {
      "start": 45370,
      "stop": 45702,
      "text": "b\n"
    },
    {
      "start": 45702,
      "stop": 47135,
      "text": "er\n"
    },
    {
      "start": 47135,
      "stop": 48040,
      "text": "iy\n"
    },
    {
      "start": 48040,
      "stop": 49250,
      "text": "pcl\n"
    },
    {
      "start": 49250,
      "stop": 50240,
      "text": "p\n"
    },
    {
      "start": 50240,
      "stop": 52984,
      "text": "ay\n"
    },
    {
      "start": 52984,
      "stop": 54820,
      "text": "f\n"
    },
    {
      "start": 54820,
      "stop": 55555,
      "text": "axr\n"
    },
    {
      "start": 55555,
      "stop": 56450,
      "text": "dcl\n"
    },
    {
      "start": 56450,
      "stop": 56689,
      "text": "d\n"
    },
    {
      "start": 56689,
      "stop": 57220,
      "text": "ix\n"
    },
    {
      "start": 57220,
      "stop": 58864,
      "text": "z\n"
    },
    {
      "start": 58864,
      "stop": 61577,
      "text": "er\n"
    },
    {
      "start": 61577,
      "stop": 62980,
      "text": "q\n"
    },
    {
      "start": 62980,
      "stop": 63920,
      "text": "h#\n"
    }
  ]
}