{
  "algo": "consensus",
  "birth_date": "05/23/40",
  "comments": "",
  "dialect": "South Midland",
  "education": "High School",
  "height": 1.6002,
  "noise_dataset": null,
  "phoneme_times": [
    {
      "start": 0,
      "stop": 4386,
      "text": "h#\n"
    },
    {
      "start": 4386,
      "stop": 4845,
      "text": "q\n"
    },
    {
      "start": 4845,
      "stop": 5263,
      "text": "ax\n"
    },
    {
      "start": 5263,
      "stop": 6558,
      "text": "m\n"
    },
    {
      "start": 6558,
      "stop": 9399,
      "text": "ao\n"
    },
    {
      "start": 9399,
      "stop": 11028,
      "text": "th\n"
    },
    {
      "start": 11028,
      "stop": 13159,
      "text": "z\n"
    },
    {
      "start": 13159,
      "stop": 14663,
      "text": "ih\n"
    },
    {
      "start": 14663,
      "stop": 15582,
      "text": "gcl\n"
    },
    {
      "start": 15582,
      "stop": 15874,
      "text": "g\n"
    },
    {
      "start": 15874,
      "stop": 17253,
      "text": "z\n"
    },
    {
      "start": 17253,
      "stop": 20804,
      "text": "ae\n"
    },
    {
      "start": 20804,
      "stop": 22224,
      "text": "gcl\n"
    },
    {
      "start": 22224,
      "stop": 22516,
      "text": "d\n"
    },
    {
      "start": 22516,
      "stop": 23686,
      "text": "ax\n"
    },
    {
      "start": 23686,
      "stop": 24939,
      "text": "l\n"
    },
    {
      "start": 24939,
      "stop": 27154,
      "text": "ao\n"
    },
    {
      "start": 27154,
      "stop": 28532,
      "text": "ng\n"
    },
    {
      "start": 28532,
      "stop": 28908,
      "text": "dh\n"
    },
    {
      "start": 28908,
      "stop": 29368,
      "text": "ax\n"
    },
    {
      "start": 29368,
      "stop": 30472,
      "text": "pcl\n"
    },
    {
      "start": 30472,
      "stop": 30735,
      "text": "p\n"
    },
    {
      "start": 30735,
      "stop": 34030,
      "text": "ae\n"
    },
    {
      "start": 34030,
      "stop": 36302,
      "text": "th\n"
    },
    {
      "start": 36302,
      "stop": 36929,
      "text": "r\n"
    },
    {
      "start": 36929,
      "stop": 38165,
      "text": "uw\n"
    },
    {
      "start": 38165,
      "stop": 38849,
      "text": "q\n"
    },
    {
      "start": 38849,
      "stop": 41051,
      "text": "ao\n"
    },
    {
      "start": 41051,
      "stop": 42009,
      "text": "t\n"
    },
    {
      "start": 42009,
      "stop": 43947,
      "text": "ow\n"
    },
    {
      "start": 43947,
      "stop": 45019,
      "text": "z\n"
    },
    {
      "start": 45019,
      "stop": 45586,
      "text": "gcl\n"
    },
    {
      "start": 45586,
      "stop": 47549,
      "text": "aa\n"
    },
    {
      "start": 47549,
      "stop": 48760,
      "text": "r\n"
    },
    {
      "start": 48760,
      "stop": 49220,
      "text": "dx\n"
    },
    {
      "start": 49220,
      "stop": 50891,
      "text": "en\n"
    },
    {
      "start": 50891,
      "stop": 51200,
      "text": "h#\n"
    }
  ],
  "phonetic_codes": [
    "/ax/",
    "/m ao1 th/",
    "/z ih1 g z ae2 g d/",
    "/ax l ao1 ng/",
    "/dh ax/",
    "/p ae1 th/",
    "/th r uw1/",
    "/aa1 t ow z/"
  ],
  "race": "White",
  "recording_date": "01/24/86",
  "sentence": "A moth zig-zagged along the path through Otto's garden.",
  "sentence_id": "SX426",
  "sentence_time": {
    "start": 0,
    "stop": 51201,
    "text": "A moth zig-zagged along the path through Otto's garden.\n"
  },
  "sex": "F",
  "speaker_id": "BMJ0",
  "speech": "SX426BMJ0",
  "speech_dataset": "timit",
  "use": "System training speaker",
  "word_times": [
    {
      "start": 0,
      "stop": 4386,
      "text": "h#\n"
    },
    {
      "start": 4386,
      "stop": 4845,
      "text": "q\n"
    },
    {
      "start": 4845,
      "stop": 5263,
      "text": "ax\n"
    },
    {
      "start": 5263,
      "stop": 6558,
      "text": "m\n"
    },
    {
      "start": 6558,
      "stop": 9399,
      "text": "ao\n"
    },
    {
      "start": 9399,
      "stop": 11028,
      "text": "th\n"
    },
    {
      "start": 11028,
      "stop": 13159,
      "text": "z\n"
    },
    {
      "start": 13159,
      "stop": 14663,
      "text": "ih\n"
    },
    {
      "start": 14663,
      "stop": 15582,
      "text": "gcl\n"
    },
    {
      "start": 15582,
      "stop": 15874,
      "text": "g\n"
    },
    {
      "start": 15874,
      "stop": 17253,
      "text": "z\n"
    },
    {
      "start": 17253,
      "stop": 20804,
      "text": "ae\n"
    },
    {
      "start": 20804,
      "stop": 22224,
      "text": "gcl\n"
    },
    {
      "start": 22224,
      "stop": 22516,
      "text": "d\n"
    },
    {
      "start": 22516,
      "stop": 23686,
      "text": "ax\n"
    },
    {
      "start": 23686,
      "stop": 24939,
      "text": "l\n"
    },
    {
      "start": 24939,
      "stop": 27154,
      "text": "ao\n"
    },
    {
      "start": 27154,
      "stop": 28532,
      "text": "ng\n"
    },
    {
      "start": 28532,
      "stop": 28908,
      "text": "dh\n"
    },
    {
      "start": 28908,
      "stop": 29368,
      "text": "ax\n"
    },
    {
      "start": 29368,
      "stop": 30472,
      "text": "pcl\n"
    },
    {
      "start": 30472,
      "stop": 30735,
      "text": "p\n"
    },
    {
      "start": 30735,
      "stop": 34030,
      "text": "ae\n"
    },
    {
      "start": 34030,
      "stop": 36302,
      "text": "th\n"
    },
    {
      "start": 36302,
      "stop": 36929,
      "text": "r\n"
    },
    {
      "start": 36929,
      "stop": 38165,
      "text": "uw\n"
    },
    {
      "start": 38165,
      "stop": 38849,
      "text": "q\n"
    },
    {
      "start": 38849,
      "stop": 41051,
      "text": "ao\n"
    },
    {
      "start": 41051,
      "stop": 42009,
      "text": "t\n"
    },
    {
      "start": 42009,
      "stop": 43947,
      "text": "ow\n"
    },
    {
      "start": 43947,
      "stop": 45019,
      "text": "z\n"
    },
    {
      "start": 45019,
      "stop": 45586,
      "text": "gcl\n"
    },
    {
      "start": 45586,
      "stop": 47549,
      "text": "aa\n"
    },
    {
      "start": 47549,
      "stop": 48760,
      "text": "r\n"
    },
    {
      "start": 48760,
      "stop": 49220,
      "text": "dx\n"
    },
    {
      "start": 49220,
      "stop": 50891,
      "text": "en\n"
    },
    {
      "start": 50891,
      "stop": 51200,
      "text": "h#\n"
    }
  ]
}