{
  "algo": "consensus",
  "birth_date": "09/02/59",
  "comments": "",
  "dialect": "New England",
  "education": "Master's Degree (MS or MA)",
  "height": 1.7526,
  "noise_dataset": null,
  "phoneme_times": [
    {
      "start": 6840,
      "stop": 23560,
      "text": "h#\n"
    },
    {
      "start": 23560,
      "stop": 23800,
      "text": "d\n"
    },
    {
      "start": 23800,
      "stop": 24440,
      "text": "ix\n"
    },
    {
      "start": 24440,
      "stop": 25310,
      "text": "z\n"
    },
    {
      "start": 25310,
      "stop": 25936,
      "text": "hh\n"
    },
    {
      "start": 25936,
      "stop": 26920,
      "text": "ih\n"
    },
    {
      "start": 26920,
      "stop": 27320,
      "text": "n\n"
    },
    {
      "start": 27320,
      "stop": 27880,
      "text": "dcl\n"
    },
    {
      "start": 27880,
      "stop": 28200,
      "text": "d\n"
    },
    {
      "start": 28200,
      "stop": 30406,
      "text": "uw\n"
    },
    {
      "start": 30406,
      "stop": 32599,
      "text": "ay\n"
    },
    {
      "start": 32599,
      "stop": 32920,
      "text": "dcl\n"
    },
    {
      "start": 32920,
      "stop": 33456,
      "text": "d\n"
    },
    {
      "start": 33456,
      "stop": 34751,
      "text": "iy\n"
    },
    {
      "start": 34751,
      "stop": 36088,
      "text": "aa\n"
    },
    {
      "start": 36088,
      "stop": 37132,
      "text": "l\n"
    },
    {
      "start": 37132,
      "stop": 37968,
      "text": "ix\n"
    },
    {
      "start": 37968,
      "stop": 38253,
      "text": "dcl\n"
    },
    {
      "start": 38253,
      "stop": 38720,
      "text": "jh\n"
    },
    {
      "start": 38720,
      "stop": 40558,
      "text": "iy\n"
    },
    {
      "start": 40558,
      "stop": 42200,
      "text": "aa\n"
    },
    {
      "start": 42200,
      "stop": 42600,
      "text": "nx\n"
    },
    {
      "start": 42600,
      "stop": 43480,
      "text": "axr\n"
    },
    {
      "start": 43480,
      "stop": 44760,
      "text": "kcl\n"
    },
    {
      "start": 44760,
      "stop": 46014,
      "text": "k\n"
    },
    {
      "start": 46014,
      "stop": 49320,
      "text": "aw\n"
    },
    {
      "start": 49320,
      "stop": 51127,
      "text": "z\n"
    },
    {
      "start": 51127,
      "stop": 54160,
      "text": "h#\n"
    }
  ],
  "phonetic_codes": [
    "/d ah1 z/",
    "/hh ih1 n d uw2/",
    "/ay2 d iy aa1 l ax jh iy/",
    "/aa1 n axr/"
  ],
  "race": "White",
  "recording_date": "02/05/86",
  "sentence": "Does Hindu ideology honor cows?",
  "sentence_id": "SX245",
  "sentence_time": {
    "start": 0,
    "stop": 54170,
    "text": "Does Hindu ideology honor cows?\n"
  },
  "sex": "M",
  "speaker_id": "TPF0",
  "speech": "SX245TPF0",
  "speech_dataset": "timit",
  "use": "System training speaker",
  "word_times": [
    {
      "start": 6840,
      "stop": 23560,
      "text": "h#\n"
    },
    {
      "start": 23560,
      "stop": 23800,
      "text": "d\n"
    },
    {
      "start": 23800,
      "stop": 24440,
      "text": "ix\n"
    },
    {
      "start": 24440,
      "stop": 25310,
      "text": "z\n"
    },
    {
      "start": 25310,
      "stop": 25936,
      "text": "hh\n"
    },
    {
      "start": 25936,
      "stop": 26920,
      "text": "ih\n"
    },
    {
      "start": 26920,
      "stop": 27320,
      "text": "n\n"
    },
    {
      "start": 27320,
      "stop": 27880,
      "text": "dcl\n"
    },
    {
      "start": 27880,
      "stop": 28200,
      "text": "d\n"
    },
    {
      "start": 28200,
      "stop": 30406,
      "text": "uw\n"
    },
    {
      "start": 30406,
      "stop": 32599,
      "text": "ay\n"
    },
    {
      "start": 32599,
      "stop": 32920,
      "text": "dcl\n"
    },
    {
      "start": 32920,
      "stop": 33456,
      "text": "d\n"
    },
    {
      "start": 33456,
      "stop": 34751,
      "text": "iy\n"
    },
    {
      "start": 34751,
      "stop": 36088,
      "text": "aa\n"
    },
    {
      "start": 36088,
      "stop": 37132,
      "text": "l\n"
    },
    {
      "start": 37132,
      "stop": 37968,
      "text": "ix\n"
    },
    {
      "start": 37968,
      "stop": 38253,
      "text": "dcl\n"
    },
    {
      "start": 38253,
      "stop": 38720,
      "text": "jh\n"
    },
    {
      "start": 38720,
      "stop": 40558,
      "text": "iy\n"
    },
    {
      "start": 40558,
      "stop": 42200,
      "text": "aa\n"
    },
    {
      "start": 42200,
      "stop": 42600,
      "text": "nx\n"
    },
    {
      "start": 42600,
      "stop": 43480,
      "text": "axr\n"
    },
    {
      "start": 43480,
      "stop": 44760,
      "text": "kcl\n"
    },
    {
      "start": 44760,
      "stop": 46014,
      "text": "k\n"
    },
    {
      "start": 46014,
      "stop": 49320,
      "text": "aw\n"
    },
    {
      "start": 49320,
      "stop": 51127,
      "text": "z\n"
    },
    {
      "start": 51127,
      "stop": 54160,
      "text": "h#\n"
    }
  ]
}