{
  "algo": "consensus",
  "birth_date": "03/09/63",
  "comments": "",
  "dialect": "New England",
  "education": "Bachelor's Degree (BS or BA)",
  "height": 1.7526,
  "noise_dataset": null,
  "phoneme_times": [
    {
      "start": 0,
      "stop": 2200,
      "text": "h#\n"
    },
    {
      "start": 2200,
      "stop": 2600,
      "text": "dh\n"
    },
    {
      "start": 2600,
      "stop": 3400,
      "text": "ax\n"
    },
    {
      "start": 3400,
      "stop": 5160,
      "text": "s\n"
    },
    {
      "start": 5160,
      "stop": 5640,
      "text": "kcl\n"
    },
    {
      "start": 5640,
      "stop": 6200,
      "text": "k\n"
    },
    {
      "start": 6200,
      "stop": 7373,
      "text": "ah\n"
    },
    {
      "start": 7373,
      "stop": 7960,
      "text": "l\n"
    },
    {
      "start": 7960,
      "stop": 9240,
      "text": "pcl\n"
    },
    {
      "start": 9240,
      "stop": 9800,
      "text": "t\n"
    },
    {
      "start": 9800,
      "stop": 10680,
      "text": "ax\n"
    },
    {
      "start": 10680,
      "stop": 11640,
      "text": "l\n"
    },
    {
      "start": 11640,
      "stop": 13080,
      "text": "uh\n"
    },
    {
      "start": 13080,
      "stop": 14600,
      "text": "kcl\n"
    },
    {
      "start": 14600,
      "stop": 15160,
      "text": "t\n"
    },
    {
      "start": 15160,
      "stop": 16471,
      "text": "ih\n"
    },
    {
      "start": 16471,
      "stop": 17086,
      "text": "tcl\n"
    },
    {
      "start": 17086,
      "stop": 17960,
      "text": "hv\n"
    },
    {
      "start": 17960,
      "stop": 20600,
      "text": "ih\n"
    },
    {
      "start": 20600,
      "stop": 21573,
      "text": "m\n"
    },
    {
      "start": 21573,
      "stop": 25480,
      "text": "pau\n"
    },
    {
      "start": 25480,
      "stop": 25858,
      "text": "b\n"
    },
    {
      "start": 25858,
      "stop": 27655,
      "text": "ah\n"
    },
    {
      "start": 27655,
      "stop": 28369,
      "text": "gcl\n"
    },
    {
      "start": 28369,
      "stop": 28609,
      "text": "g\n"
    },
    {
      "start": 28609,
      "stop": 32599,
      "text": "ay\n"
    },
    {
      "start": 32599,
      "stop": 33240,
      "text": "dcl\n"
    },
    {
      "start": 33240,
      "stop": 33671,
      "text": "d\n"
    },
    {
      "start": 33671,
      "stop": 34757,
      "text": "q\n"
    },
    {
      "start": 34757,
      "stop": 36280,
      "text": "ae\n"
    },
    {
      "start": 36280,
      "stop": 36640,
      "text": "n\n"
    },
    {
      "start": 36640,
      "stop": 37160,
      "text": "dcl\n"
    },
    {
      "start": 37160,
      "stop": 38120,
      "text": "ix\n"
    },
    {
      "start": 38120,
      "stop": 39000,
      "text": "m\n"
    },
    {
      "start": 39000,
      "stop": 43400,
      "text": "ey\n"
    },
    {
      "start": 43400,
      "stop": 45080,
      "text": "z\n"
    },
    {
      "start": 45080,
      "stop": 45480,
      "text": "dcl\n"
    },
    {
      "start": 45480,
      "stop": 46120,
      "text": "d\n"
    },
    {
      "start": 46120,
      "stop": 48360,
      "text": "pau\n"
    },
    {
      "start": 48360,
      "stop": 48580,
      "text": "q\n"
    },
    {
      "start": 48580,
      "stop": 50381,
      "text": "ae\n"
    },
    {
      "start": 50381,
      "stop": 50966,
      "text": "ng\n"
    },
    {
      "start": 50966,
      "stop": 51880,
      "text": "gcl\n"
    },
    {
      "start": 51880,
      "stop": 52040,
      "text": "g\n"
    },
    {
      "start": 52040,
      "stop": 52887,
      "text": "r\n"
    },
    {
      "start": 52887,
      "stop": 54040,
      "text": "iy\n"
    },
    {
      "start": 54040,
      "stop": 56560,
      "text": "h#\n"
    }
  ],
  "phonetic_codes": [
    "/dh ax/",
    "/s k ah1 l p t axr/",
    "/l uh1 k t/",
    "/ae1 t/",
    "/b ah1 g ay2 d/",
    "/ae n d/"
  ],
  "race": "White",
  "recording_date": "02/05/86",
  "sentence": "The sculptor looked at him, bugeyed and amazed, angry.",
  "sentence_id": "SI1244",
  "sentence_time": {
    "start": 0,
    "stop": 56628,
    "text": "The sculptor looked at him, bugeyed and amazed, angry.\n"
  },
  "sex": "F",
  "speaker_id": "SAH0",
  "speech": "SI1244SAH0",
  "speech_dataset": "timit",
  "use": "System training speaker",
  "word_times": [
    {
      "start": 0,
      "stop": 2200,
      "text": "h#\n"
    },
    {
      "start": 2200,
      "stop": 2600,
      "text": "dh\n"
    },
    {
      "start": 2600,
      "stop": 3400,
      "text": "ax\n"
    },
    {
      "start": 3400,
      "stop": 5160,
      "text": "s\n"
    },
    {
      "start": 5160,
      "stop": 5640,
      "text": "kcl\n"
    },
    {
      "start": 5640,
      "stop": 6200,
      "text": "k\n"
    },
    {
      "start": 6200,
      "stop": 7373,
      "text": "ah\n"
    },
    {
      "start": 7373,
      "stop": 7960,
      "text": "l\n"
    },
    {
      "start": 7960,
      "stop": 9240,
      "text": "pcl\n"
    },
    {
      "start": 9240,
      "stop": 9800,
      "text": "t\n"
    },
    {
      "start": 9800,
      "stop": 10680,
      "text": "ax\n"
    },
    {
      "start": 10680,
      "stop": 11640,
      "text": "l\n"
    },
    {
      "start": 11640,
      "stop": 13080,
      "text": "uh\n"
    },
    {
      "start": 13080,
      "stop": 14600,
      "text": "kcl\n"
    },
    {
      "start": 14600,
      "stop": 15160,
      "text": "t\n"
    },
    {
      "start": 15160,
      "stop": 16471,
      "text": "ih\n"
    },
    {
      "start": 16471,
      "stop": 17086,
      "text": "tcl\n"
    },
    {
      "start": 17086,
      "stop": 17960,
      "text": "hv\n"
    },
    {
      "start": 17960,
      "stop": 20600,
      "text": "ih\n"
    },
    {
      "start": 20600,
      "stop": 21573,
      "text": "m\n"
    },
    {
      "start": 21573,
      "stop": 25480,
      "text": "pau\n"
    },
    {
      "start": 25480,
      "stop": 25858,
      "text": "b\n"
    },
    {
      "start": 25858,
      "stop": 27655,
      "text": "ah\n"
    },
    {
      "start": 27655,
      "stop": 28369,
      "text": "gcl\n"
    },
    {
      "start": 28369,
      "stop": 28609,
      "text": "g\n"
    },
    {
      "start": 28609,
      "stop": 32599,
      "text": "ay\n"
    },
    {
      "start": 32599,
      "stop": 33240,
      "text": "dcl\n"
    },
    {
      "start": 33240,
      "stop": 33671,
      "text": "d\n"
    },
    {
      "start": 33671,
      "stop": 34757,
      "text": "q\n"
    },
    {
      "start": 34757,
      "stop": 36280,
      "text": "ae\n"
    },
    {
      "start": 36280,
      "stop": 36640,
      "text": "n\n"
    },
    {
      "start": 36640,
      "stop": 37160,
      "text": "dcl\n"
    },
    {
      "start": 37160,
      "stop": 38120,
      "text": "ix\n"
    },
    {
      "start": 38120,
      "stop": 39000,
      "text": "m\n"
    },
    {
      "start": 39000,
      "stop": 43400,
      "text": "ey\n"
    },
    {
      "start": 43400,
      "stop": 45080,
      "text": "z\n"
    },
    {
      "start": 45080,
      "stop": 45480,
      "text": "dcl\n"
    },
    {
      "start": 45480,
      "stop": 46120,
      "text": "d\n"
    },
    {
      "start": 46120,
      "stop": 48360,
      "text": "pau\n"
    },
    {
      "start": 48360,
      "stop": 48580,
      "text": "q\n"
    },
    {
      "start": 48580,
      "stop": 50381,
      "text": "ae\n"
    },
    {
      "start": 50381,
      "stop": 50966,
      "text": "ng\n"
    },
    {
      "start": 50966,
      "stop": 51880,
      "text": "gcl\n"
    },
    {
      "start": 51880,
      "stop": 52040,
      "text": "g\n"
    },
    {
      "start": 52040,
      "stop": 52887,
      "text": "r\n"
    },
    {
      "start": 52887,
      "stop": 54040,
      "text": "iy\n"
    },
    {
      "start": 54040,
      "stop": 56560,
      "text": "h#\n"
    }
  ]
}