{
  "algo": "consensus",
  "birth_date": "10/26/58",
  "comments": "",
  "dialect": "Northern",
  "education": "Bachelor's Degree (BS or BA)",
  "height": 1.6764000000000001,
  "noise_dataset": null,
  "phoneme_times": [
    {
      "start": 0,
      "stop": 2200,
      "text": "h#\n"
    },
    {
      "start": 2200,
      "stop": 3509,
      "text": "l\n"
    },
    {
      "start": 3509,
      "stop": 5514,
      "text": "aa\n"
    },
    {
      "start": 5514,
      "stop": 5723,
      "text": "tcl\n"
    },
    {
      "start": 5723,
      "stop": 5973,
      "text": "t\n"
    },
    {
      "start": 5973,
      "stop": 7214,
      "text": "s\n"
    },
    {
      "start": 7214,
      "stop": 8020,
      "text": "ax\n"
    },
    {
      "start": 8020,
      "stop": 10402,
      "text": "f\n"
    },
    {
      "start": 10402,
      "stop": 11822,
      "text": "ao\n"
    },
    {
      "start": 11822,
      "stop": 13000,
      "text": "axr\n"
    },
    {
      "start": 13000,
      "stop": 13744,
      "text": "n\n"
    },
    {
      "start": 13744,
      "stop": 14454,
      "text": "m\n"
    },
    {
      "start": 14454,
      "stop": 15960,
      "text": "uw\n"
    },
    {
      "start": 15960,
      "stop": 17080,
      "text": "v\n"
    },
    {
      "start": 17080,
      "stop": 18440,
      "text": "iy\n"
    },
    {
      "start": 18440,
      "stop": 20135,
      "text": "z\n"
    },
    {
      "start": 20135,
      "stop": 20720,
      "text": "hv\n"
    },
    {
      "start": 20720,
      "stop": 21880,
      "text": "ae\n"
    },
    {
      "start": 21880,
      "stop": 22880,
      "text": "v\n"
    },
    {
      "start": 22880,
      "stop": 25000,
      "text": "s\n"
    },
    {
      "start": 25000,
      "stop": 26280,
      "text": "ah\n"
    },
    {
      "start": 26280,
      "stop": 27989,
      "text": "bcl\n"
    },
    {
      "start": 27989,
      "stop": 28866,
      "text": "t\n"
    },
    {
      "start": 28866,
      "stop": 31320,
      "text": "ay\n"
    },
    {
      "start": 31320,
      "stop": 31832,
      "text": "dx\n"
    },
    {
      "start": 31832,
      "stop": 34040,
      "text": "el\n"
    },
    {
      "start": 34040,
      "stop": 36440,
      "text": "z\n"
    },
    {
      "start": 36440,
      "stop": 40320,
      "text": "h#\n"
    }
  ],
  "phonetic_codes": [
    "/l aa1 t s/",
    "/ax v/",
    "/f ao1 r ax n/",
    "/m uw1 v iy z/",
    "/hh ae1 v/"
  ],
  "race": "White",
  "recording_date": "01/31/86",
  "sentence": "Lots of foreign movies have subtitles.",
  "sentence_id": "SX128",
  "sentence_time": {
    "start": 0,
    "stop": 40346,
    "text": "Lots of foreign movies have subtitles.\n"
  },
  "sex": "F",
  "speaker_id": "KAA0",
  "speech": "SX128KAA0",
  "speech_dataset": "timit",
  "use": "System training speaker",
  "word_times": [
    {
      "start": 0,
      "stop": 2200,
      "text": "h#\n"
    },
    {
      "start": 2200,
      "stop": 3509,
      "text": "l\n"
    },
    {
      "start": 3509,
      "stop": 5514,
      "text": "aa\n"
    },
    {
      "start": 5514,
      "stop": 5723,
      "text": "tcl\n"
    },
    {
      "start": 5723,
      "stop": 5973,
      "text": "t\n"
    },
    {
      "start": 5973,
      "stop": 7214,
      "text": "s\n"
    },
    {
      "start": 7214,
      "stop": 8020,
      "text": "ax\n"
    },
    {
      "start": 8020,
      "stop": 10402,
      "text": "f\n"
    },
    {
      "start": 10402,
      "stop": 11822,
      "text": "ao\n"
    },
    {
      "start": 11822,
      "stop": 13000,
      "text": "axr\n"
    },
    {
      "start": 13000,
      "stop": 13744,
      "text": "n\n"
    },
    {
      "start": 13744,
      "stop": 14454,
      "text": "m\n"
    },
    {
      "start": 14454,
      "stop": 15960,
      "text": "uw\n"
    },
    {
      "start": 15960,
      "stop": 17080,
      "text": "v\n"
    },
    {
      "start": 17080,
      "stop": 18440,
      "text": "iy\n"
    },
    {
      "start": 18440,
      "stop": 20135,
      "text": "z\n"
    },
    {
      "start": 20135,
      "stop": 20720,
      "text": "hv\n"
    },
    {
      "start": 20720,
      "stop": 21880,
      "text": "ae\n"
    },
    {
      "start": 21880,
      "stop": 22880,
      "text": "v\n"
    },
    {
      "start": 22880,
      "stop": 25000,
      "text": "s\n"
    },
    {
      "start": 25000,
      "stop": 26280,
      "text": "ah\n"
    },
    {
      "start": 26280,
      "stop": 27989,
      "text": "bcl\n"
    },
    {
      "start": 27989,
      "stop": 28866,
      "text": "t\n"
    },
    {
      "start": 28866,
      "stop": 31320,
      "text": "ay\n"
    },
    {
      "start": 31320,
      "stop": 31832,
      "text": "dx\n"
    },
    {
      "start": 31832,
      "stop": 34040,
      "text": "el\n"
    },
    {
      "start": 34040,
      "stop": 36440,
      "text": "z\n"
    },
    {
      "start": 36440,
      "stop": 40320,
      "text": "h#\n"
    }
  ]
}