{
  "algo": "consensus",
  "birth_date": "03/19/53",
  "comments": "SLOW RATE, /R/ IN \"WASH\" \n",
  "dialect": "Southern",
  "education": "Bachelor's Degree (BS or BA)",
  "height": 1.9050000000000002,
  "noise_dataset": null,
  "phoneme_times": [
    {
      "start": 0,
      "stop": 4220,
      "text": "h#\n"
    },
    {
      "start": 4220,
      "stop": 6920,
      "text": "s\n"
    },
    {
      "start": 6920,
      "stop": 10402,
      "text": "ow\n"
    },
    {
      "start": 10402,
      "stop": 11947,
      "text": "r\n"
    },
    {
      "start": 11947,
      "stop": 15109,
      "text": "uw\n"
    },
    {
      "start": 15109,
      "stop": 16690,
      "text": "l\n"
    },
    {
      "start": 16690,
      "stop": 18307,
      "text": "z\n"
    },
    {
      "start": 18307,
      "stop": 18800,
      "text": "epi\n"
    },
    {
      "start": 18800,
      "stop": 19370,
      "text": "w\n"
    },
    {
      "start": 19370,
      "stop": 20511,
      "text": "iy\n"
    },
    {
      "start": 20511,
      "stop": 21848,
      "text": "m\n"
    },
    {
      "start": 21848,
      "stop": 26520,
      "text": "ey\n"
    },
    {
      "start": 26520,
      "stop": 27530,
      "text": "dcl\n"
    },
    {
      "start": 27530,
      "stop": 27820,
      "text": "d\n"
    },
    {
      "start": 27820,
      "stop": 30161,
      "text": "ix\n"
    },
    {
      "start": 30161,
      "stop": 31346,
      "text": "n\n"
    },
    {
      "start": 31346,
      "stop": 32793,
      "text": "ah\n"
    },
    {
      "start": 32793,
      "stop": 33629,
      "text": "n\n"
    },
    {
      "start": 33629,
      "stop": 34440,
      "text": "ax\n"
    },
    {
      "start": 34440,
      "stop": 35342,
      "text": "bcl\n"
    },
    {
      "start": 35342,
      "stop": 35510,
      "text": "b\n"
    },
    {
      "start": 35510,
      "stop": 38680,
      "text": "ae\n"
    },
    {
      "start": 38680,
      "stop": 40040,
      "text": "sh\n"
    },
    {
      "start": 40040,
      "stop": 40480,
      "text": "tcl\n"
    },
    {
      "start": 40480,
      "stop": 41160,
      "text": "t\n"
    },
    {
      "start": 41160,
      "stop": 42420,
      "text": "kcl\n"
    },
    {
      "start": 42420,
      "stop": 43670,
      "text": "k\n"
    },
    {
      "start": 43670,
      "stop": 44532,
      "text": "ax\n"
    },
    {
      "start": 44532,
      "stop": 45451,
      "text": "l\n"
    },
    {
      "start": 45451,
      "stop": 48208,
      "text": "uw\n"
    },
    {
      "start": 48208,
      "stop": 50121,
      "text": "zh\n"
    },
    {
      "start": 50121,
      "stop": 53013,
      "text": "en\n"
    },
    {
      "start": 53013,
      "stop": 58400,
      "text": "h#\n"
    }
  ],
  "phonetic_codes": [
    "/s ow1/",
    "/r uw1 l z/",
    "/w iy1/",
    "/ih1 n/",
    "/ah2 n ax b ae1 sh t/"
  ],
  "race": "White",
  "recording_date": "03/04/86",
  "sentence": "So rules we made, in unabashed collusion.",
  "sentence_id": "SI791",
  "sentence_time": {
    "start": 0,
    "stop": 58471,
    "text": "So rules we made, in unabashed collusion.\n"
  },
  "sex": "M",
  "speaker_id": "RML0",
  "speech": "SI791RML0",
  "speech_dataset": "timit",
  "use": "System training speaker",
  "word_times": [
    {
      "start": 0,
      "stop": 4220,
      "text": "h#\n"
    },
    {
      "start": 4220,
      "stop": 6920,
      "text": "s\n"
    },
    {
      "start": 6920,
      "stop": 10402,
      "text": "ow\n"
    },
    {
      "start": 10402,
      "stop": 11947,
      "text": "r\n"
    },
    {
      "start": 11947,
      "stop": 15109,
      "text": "uw\n"
    },
    {
      "start": 15109,
      "stop": 16690,
      "text": "l\n"
    },
    {
      "start": 16690,
      "stop": 18307,
      "text": "z\n"
    },
    {
      "start": 18307,
      "stop": 18800,
      "text": "epi\n"
    },
    {
      "start": 18800,
      "stop": 19370,
      "text": "w\n"
    },
    {
      "start": 19370,
      "stop": 20511,
      "text": "iy\n"
    },
    {
      "start": 20511,
      "stop": 21848,
      "text": "m\n"
    },
    {
      "start": 21848,
      "stop": 26520,
      "text": "ey\n"
    },
    {
      "start": 26520,
      "stop": 27530,
      "text": "dcl\n"
    },
    {
      "start": 27530,
      "stop": 27820,
      "text": "d\n"
    },
    {
      "start": 27820,
      "stop": 30161,
      "text": "ix\n"
    },
    {
      "start": 30161,
      "stop": 31346,
      "text": "n\n"
    },
    {
      "start": 31346,
      "stop": 32793,
      "text": "ah\n"
    },
    {
      "start": 32793,
      "stop": 33629,
      "text": "n\n"
    },
    {
      "start": 33629,
      "stop": 34440,
      "text": "ax\n"
    },
    {
      "start": 34440,
      "stop": 35342,
      "text": "bcl\n"
    },
    {
      "start": 35342,
      "stop": 35510,
      "text": "b\n"
    },
    {
      "start": 35510,
      "stop": 38680,
      "text": "ae\n"
    },
    {
      "start": 38680,
      "stop": 40040,
      "text": "sh\n"
    },
    {
      "start": 40040,
      "stop": 40480,
      "text": "tcl\n"
    },
    {
      "start": 40480,
      "stop": 41160,
      "text": "t\n"
    },
    {
      "start": 41160,
      "stop": 42420,
      "text": "kcl\n"
    },
    {
      "start": 42420,
      "stop": 43670,
      "text": "k\n"
    },
    {
      "start": 43670,
      "stop": 44532,
      "text": "ax\n"
    },
    {
      "start": 44532,
      "stop": 45451,
      "text": "l\n"
    },
    {
      "start": 45451,
      "stop": 48208,
      "text": "uw\n"
    },
    {
      "start": 48208,
      "stop": 50121,
      "text": "zh\n"
    },
    {
      "start": 50121,
      "stop": 53013,
      "text": "en\n"
    },
    {
      "start": 53013,
      "stop": 58400,
      "text": "h#\n"
    }
  ]
}