{
  "algo": "consensus",
  "birth_date": "09/26/60",
  "comments": "",
  "dialect": "New York City",
  "education": "Bachelor's Degree (BS or BA)",
  "height": 1.7272,
  "noise_dataset": null,
  "phoneme_times": [
    {
      "start": 0,
      "stop": 1960,
      "text": "h#\n"
    },
    {
      "start": 1960,
      "stop": 2360,
      "text": "b\n"
    },
    {
      "start": 2360,
      "stop": 4279,
      "text": "aa\n"
    },
    {
      "start": 4279,
      "stop": 5240,
      "text": "r\n"
    },
    {
      "start": 5240,
      "stop": 6760,
      "text": "bcl\n"
    },
    {
      "start": 6760,
      "stop": 7240,
      "text": "b\n"
    },
    {
      "start": 7240,
      "stop": 9720,
      "text": "er\n"
    },
    {
      "start": 9720,
      "stop": 10440,
      "text": "n\n"
    },
    {
      "start": 10440,
      "stop": 11800,
      "text": "dcl\n"
    },
    {
      "start": 11800,
      "stop": 13000,
      "text": "p\n"
    },
    {
      "start": 13000,
      "stop": 14600,
      "text": "ey\n"
    },
    {
      "start": 14600,
      "stop": 15480,
      "text": "pcl\n"
    },
    {
      "start": 15480,
      "stop": 16083,
      "text": "p\n"
    },
    {
      "start": 16083,
      "stop": 18600,
      "text": "er\n"
    },
    {
      "start": 18600,
      "stop": 20010,
      "text": "en\n"
    },
    {
      "start": 20010,
      "stop": 20971,
      "text": "l\n"
    },
    {
      "start": 20971,
      "stop": 22892,
      "text": "iy\n"
    },
    {
      "start": 22892,
      "stop": 23937,
      "text": "v\n"
    },
    {
      "start": 23937,
      "stop": 25148,
      "text": "z\n"
    },
    {
      "start": 25148,
      "stop": 25817,
      "text": "ix\n"
    },
    {
      "start": 25817,
      "stop": 26736,
      "text": "n\n"
    },
    {
      "start": 26736,
      "stop": 27571,
      "text": "ax\n"
    },
    {
      "start": 27571,
      "stop": 28920,
      "text": "bcl\n"
    },
    {
      "start": 28920,
      "stop": 29242,
      "text": "b\n"
    },
    {
      "start": 29242,
      "stop": 30746,
      "text": "ih\n"
    },
    {
      "start": 30746,
      "stop": 32877,
      "text": "gcl\n"
    },
    {
      "start": 32877,
      "stop": 33127,
      "text": "b\n"
    },
    {
      "start": 33127,
      "stop": 35640,
      "text": "aa\n"
    },
    {
      "start": 35640,
      "stop": 36860,
      "text": "n\n"
    },
    {
      "start": 36860,
      "stop": 38840,
      "text": "f\n"
    },
    {
      "start": 38840,
      "stop": 41315,
      "text": "ay\n"
    },
    {
      "start": 41315,
      "stop": 43240,
      "text": "axr\n"
    },
    {
      "start": 43240,
      "stop": 45200,
      "text": "h#\n"
    }
  ],
  "phonetic_codes": [
    "/b aa1 r b/",
    "/b er1 n d/",
    "/p ey1 p axr/",
    "/ae n d/",
    "/l iy1 v z/",
    "/ih1 n/",
    "/ax/",
    "/b ih1 g/"
  ],
  "race": "White",
  "recording_date": "02/03/86",
  "sentence": "Barb burned paper and leaves in a big bonfire.",
  "sentence_id": "SX404",
  "sentence_time": {
    "start": 0,
    "stop": 45261,
    "text": "Barb burned paper and leaves in a big bonfire.\n"
  },
  "sex": "F",
  "speaker_id": "LNH0",
  "speech": "SX404LNH0",
  "speech_dataset": "timit",
  "use": "System test speaker",
  "word_times": [
    {
      "start": 0,
      "stop": 1960,
      "text": "h#\n"
    },
    {
      "start": 1960,
      "stop": 2360,
      "text": "b\n"
    },
    {
      "start": 2360,
      "stop": 4279,
      "text": "aa\n"
    },
    {
      "start": 4279,
      "stop": 5240,
      "text": "r\n"
    },
    {
      "start": 5240,
      "stop": 6760,
      "text": "bcl\n"
    },
    {
      "start": 6760,
      "stop": 7240,
      "text": "b\n"
    },
    {
      "start": 7240,
      "stop": 9720,
      "text": "er\n"
    },
    {
      "start": 9720,
      "stop": 10440,
      "text": "n\n"
    },
    {
      "start": 10440,
      "stop": 11800,
      "text": "dcl\n"
    },
    {
      "start": 11800,
      "stop": 13000,
      "text": "p\n"
    },
    {
      "start": 13000,
      "stop": 14600,
      "text": "ey\n"
    },
    {
      "start": 14600,
      "stop": 15480,
      "text": "pcl\n"
    },
    {
      "start": 15480,
      "stop": 16083,
      "text": "p\n"
    },
    {
      "start": 16083,
      "stop": 18600,
      "text": "er\n"
    },
    {
      "start": 18600,
      "stop": 20010,
      "text": "en\n"
    },
    {
      "start": 20010,
      "stop": 20971,
      "text": "l\n"
    },
    {
      "start": 20971,
      "stop": 22892,
      "text": "iy\n"
    },
    {
      "start": 22892,
      "stop": 23937,
      "text": "v\n"
    },
    {
      "start": 23937,
      "stop": 25148,
      "text": "z\n"
    },
    {
      "start": 25148,
      "stop": 25817,
      "text": "ix\n"
    },
    {
      "start": 25817,
      "stop": 26736,
      "text": "n\n"
    },
    {
      "start": 26736,
      "stop": 27571,
      "text": "ax\n"
    },
    {
      "start": 27571,
      "stop": 28920,
      "text": "bcl\n"
    },
    {
      "start": 28920,
      "stop": 29242,
      "text": "b\n"
    },
    {
      "start": 29242,
      "stop": 30746,
      "text": "ih\n"
    },
    {
      "start": 30746,
      "stop": 32877,
      "text": "gcl\n"
    },
    {
      "start": 32877,
      "stop": 33127,
      "text": "b\n"
    },
    {
      "start": 33127,
      "stop": 35640,
      "text": "aa\n"
    },
    {
      "start": 35640,
      "stop": 36860,
      "text": "n\n"
    },
    {
      "start": 36860,
      "stop": 38840,
      "text": "f\n"
    },
    {
      "start": 38840,
      "stop": 41315,
      "text": "ay\n"
    },
    {
      "start": 41315,
      "stop": 43240,
      "text": "axr\n"
    },
    {
      "start": 43240,
      "stop": 45200,
      "text": "h#\n"
    }
  ]
}