{
  "algo": "consensus",
  "birth_date": "10/07/64",
  "comments": "",
  "dialect": "South Midland",
  "education": "High School",
  "height": 1.524,
  "noise_dataset": null,
  "phoneme_times": [
    {
      "start": 0,
      "stop": 14621,
      "text": "h#\n"
    },
    {
      "start": 14621,
      "stop": 15963,
      "text": "q\n"
    },
    {
      "start": 15963,
      "stop": 16835,
      "text": "ix\n"
    },
    {
      "start": 16835,
      "stop": 17044,
      "text": "dx\n"
    },
    {
      "start": 17044,
      "stop": 18200,
      "text": "ix\n"
    },
    {
      "start": 18200,
      "stop": 19160,
      "text": "z\n"
    },
    {
      "start": 19160,
      "stop": 20845,
      "text": "q\n"
    },
    {
      "start": 20845,
      "stop": 23025,
      "text": "aa\n"
    },
    {
      "start": 23025,
      "stop": 23895,
      "text": "q\n"
    },
    {
      "start": 23895,
      "stop": 25107,
      "text": "ix\n"
    },
    {
      "start": 25107,
      "stop": 26153,
      "text": "n\n"
    },
    {
      "start": 26153,
      "stop": 27704,
      "text": "s\n"
    },
    {
      "start": 27704,
      "stop": 28923,
      "text": "pcl\n"
    },
    {
      "start": 28923,
      "stop": 29080,
      "text": "p\n"
    },
    {
      "start": 29080,
      "stop": 31582,
      "text": "ay\n"
    },
    {
      "start": 31582,
      "stop": 33211,
      "text": "axr\n"
    },
    {
      "start": 33211,
      "stop": 33838,
      "text": "ix\n"
    },
    {
      "start": 33838,
      "stop": 34600,
      "text": "ng\n"
    },
    {
      "start": 34600,
      "stop": 42800,
      "text": "h#\n"
    }
  ],
  "phonetic_codes": [
    "/ih1 t/",
    "/ih1 z/"
  ],
  "race": "White",
  "recording_date": "01/30/86",
  "sentence": "It is awe-inspiring.",
  "sentence_id": "SI1198",
  "sentence_time": {
    "start": 0,
    "stop": 42804,
    "text": "It is awe-inspiring.\n"
  },
  "sex": "F",
  "speaker_id": "SEM0",
  "speech": "SI1198SEM0",
  "speech_dataset": "timit",
  "use": "System test speaker",
  "word_times": [
    {
      "start": 0,
      "stop": 14621,
      "text": "h#\n"
    },
    {
      "start": 14621,
      "stop": 15963,
      "text": "q\n"
    },
    {
      "start": 15963,
      "stop": 16835,
      "text": "ix\n"
    },
    {
      "start": 16835,
      "stop": 17044,
      "text": "dx\n"
    },
    {
      "start": 17044,
      "stop": 18200,
      "text": "ix\n"
    },
    {
      "start": 18200,
      "stop": 19160,
      "text": "z\n"
    },
    {
      "start": 19160,
      "stop": 20845,
      "text": "q\n"
    },
    {
      "start": 20845,
      "stop": 23025,
      "text": "aa\n"
    },
    {
      "start": 23025,
      "stop": 23895,
      "text": "q\n"
    },
    {
      "start": 23895,
      "stop": 25107,
      "text": "ix\n"
    },
    {
      "start": 25107,
      "stop": 26153,
      "text": "n\n"
    },
    {
      "start": 26153,
      "stop": 27704,
      "text": "s\n"
    },
    {
      "start": 27704,
      "stop": 28923,
      "text": "pcl\n"
    },
    {
      "start": 28923,
      "stop": 29080,
      "text": "p\n"
    },
    {
      "start": 29080,
      "stop": 31582,
      "text": "ay\n"
    },
    {
      "start": 31582,
      "stop": 33211,
      "text": "axr\n"
    },
    {
      "start": 33211,
      "stop": 33838,
      "text": "ix\n"
    },
    {
      "start": 33838,
      "stop": 34600,
      "text": "ng\n"
    },
    {
      "start": 34600,
      "stop": 42800,
      "text": "h#\n"
    }
  ]
}