{
  "algo": "consensus",
  "birth_date": "12/23/52",
  "comments": "",
  "dialect": "North Midland",
  "education": "Master's Degree (MS or MA)",
  "height": 1.8288000000000002,
  "noise_dataset": null,
  "phoneme_times": [
    {
      "start": 0,
      "stop": 1960,
      "text": "h#\n"
    },
    {
      "start": 1960,
      "stop": 2280,
      "text": "d\n"
    },
    {
      "start": 2280,
      "stop": 4040,
      "text": "ow\n"
    },
    {
      "start": 4040,
      "stop": 4680,
      "text": "n\n"
    },
    {
      "start": 4680,
      "stop": 6920,
      "text": "ae\n"
    },
    {
      "start": 6920,
      "stop": 8229,
      "text": "s\n"
    },
    {
      "start": 8229,
      "stop": 8814,
      "text": "kcl\n"
    },
    {
      "start": 8814,
      "stop": 9483,
      "text": "k\n"
    },
    {
      "start": 9483,
      "stop": 10067,
      "text": "m\n"
    },
    {
      "start": 10067,
      "stop": 11160,
      "text": "iy\n"
    },
    {
      "start": 11160,
      "stop": 12040,
      "text": "tcl\n"
    },
    {
      "start": 12040,
      "stop": 12825,
      "text": "t\n"
    },
    {
      "start": 12825,
      "stop": 13451,
      "text": "ax-h\n"
    },
    {
      "start": 13451,
      "stop": 14412,
      "text": "kcl\n"
    },
    {
      "start": 14412,
      "stop": 15720,
      "text": "k\n"
    },
    {
      "start": 15720,
      "stop": 16501,
      "text": "eh\n"
    },
    {
      "start": 16501,
      "stop": 17462,
      "text": "r\n"
    },
    {
      "start": 17462,
      "stop": 18882,
      "text": "ih\n"
    },
    {
      "start": 18882,
      "stop": 19592,
      "text": "ix\n"
    },
    {
      "start": 19592,
      "stop": 20052,
      "text": "nx\n"
    },
    {
      "start": 20052,
      "stop": 22182,
      "text": "oy\n"
    },
    {
      "start": 22182,
      "stop": 22809,
      "text": "l\n"
    },
    {
      "start": 22809,
      "stop": 24062,
      "text": "ih\n"
    },
    {
      "start": 24062,
      "stop": 25357,
      "text": "r\n"
    },
    {
      "start": 25357,
      "stop": 27822,
      "text": "ae\n"
    },
    {
      "start": 27822,
      "stop": 28365,
      "text": "gcl\n"
    },
    {
      "start": 28365,
      "stop": 28992,
      "text": "g\n"
    },
    {
      "start": 28992,
      "stop": 29640,
      "text": "l\n"
    },
    {
      "start": 29640,
      "stop": 30840,
      "text": "ay\n"
    },
    {
      "start": 30840,
      "stop": 31800,
      "text": "kcl\n"
    },
    {
      "start": 31800,
      "stop": 32459,
      "text": "k\n"
    },
    {
      "start": 32459,
      "stop": 33640,
      "text": "dh\n"
    },
    {
      "start": 33640,
      "stop": 36120,
      "text": "ae\n"
    },
    {
      "start": 36120,
      "stop": 38260,
      "text": "tcl\n"
    },
    {
      "start": 38260,
      "stop": 40400,
      "text": "h#\n"
    }
  ],
  "phonetic_codes": [
    "/d ow1 n t/",
    "/ae1 s k/",
    "/m iy1/",
    "/t uw1/",
    "/k ae1 r iy/",
    "/ae n/",
    "/oy1 l iy/",
    "/r ae1 g/",
    "/l ay1 k/"
  ],
  "race": "White",
  "recording_date": "01/22/86",
  "sentence": "Don't ask me to carry an oily rag like that.",
  "sentence_id": "SA2",
  "sentence_time": {
    "start": 0,
    "stop": 40449,
    "text": "Don't ask me to carry an oily rag like that.\n"
  },
  "sex": "M",
  "speaker_id": "WJG0",
  "speech": "SA2WJG0",
  "speech_dataset": "timit",
  "use": "System test speaker",
  "word_times": [
    {
      "start": 0,
      "stop": 1960,
      "text": "h#\n"
    },
    {
      "start": 1960,
      "stop": 2280,
      "text": "d\n"
    },
    {
      "start": 2280,
      "stop": 4040,
      "text": "ow\n"
    },
    {
      "start": 4040,
      "stop": 4680,
      "text": "n\n"
    },
    {
      "start": 4680,
      "stop": 6920,
      "text": "ae\n"
    },
    {
      "start": 6920,
      "stop": 8229,
      "text": "s\n"
    },
    {
      "start": 8229,
      "stop": 8814,
      "text": "kcl\n"
    },
    {
      "start": 8814,
      "stop": 9483,
      "text": "k\n"
    },
    {
      "start": 9483,
      "stop": 10067,
      "text": "m\n"
    },
    {
      "start": 10067,
      "stop": 11160,
      "text": "iy\n"
    },
    {
      "start": 11160,
      "stop": 12040,
      "text": "tcl\n"
    },
    {
      "start": 12040,
      "stop": 12825,
      "text": "t\n"
    },
    {
      "start": 12825,
      "stop": 13451,
      "text": "ax-h\n"
    },
    {
      "start": 13451,
      "stop": 14412,
      "text": "kcl\n"
    },
    {
      "start": 14412,
      "stop": 15720,
      "text": "k\n"
    },
    {
      "start": 15720,
      "stop": 16501,
      "text": "eh\n"
    },
    {
      "start": 16501,
      "stop": 17462,
      "text": "r\n"
    },
    {
      "start": 17462,
      "stop": 18882,
      "text": "ih\n"
    },
    {
      "start": 18882,
      "stop": 19592,
      "text": "ix\n"
    },
    {
      "start": 19592,
      "stop": 20052,
      "text": "nx\n"
    },
    {
      "start": 20052,
      "stop": 22182,
      "text": "oy\n"
    },
    {
      "start": 22182,
      "stop": 22809,
      "text": "l\n"
    },
    {
      "start": 22809,
      "stop": 24062,
      "text": "ih\n"
    },
    {
      "start": 24062,
      "stop": 25357,
      "text": "r\n"
    },
    {
      "start": 25357,
      "stop": 27822,
      "text": "ae\n"
    },
    {
      "start": 27822,
      "stop": 28365,
      "text": "gcl\n"
    },
    {
      "start": 28365,
      "stop": 28992,
      "text": "g\n"
    },
    {
      "start": 28992,
      "stop": 29640,
      "text": "l\n"
    },
    {
      "start": 29640,
      "stop": 30840,
      "text": "ay\n"
    },
    {
      "start": 30840,
      "stop": 31800,
      "text": "kcl\n"
    },
    {
      "start": 31800,
      "stop": 32459,
      "text": "k\n"
    },
    {
      "start": 32459,
      "stop": 33640,
      "text": "dh\n"
    },
    {
      "start": 33640,
      "stop": 36120,
      "text": "ae\n"
    },
    {
      "start": 36120,
      "stop": 38260,
      "text": "tcl\n"
    },
    {
      "start": 38260,
      "stop": 40400,
      "text": "h#\n"
    }
  ]
}