{
  "algo": "consensus",
  "birth_date": "11/18/55",
  "comments": "RECOVERING FROM A COLD \n",
  "dialect": "Western",
  "education": "Master's Degree (MS or MA)",
  "height": 1.8542000000000003,
  "noise_dataset": null,
  "phoneme_times": [
    {
      "start": 0,
      "stop": 2600,
      "text": "h#\n"
    },
    {
      "start": 2600,
      "stop": 4920,
      "text": "sh\n"
    },
    {
      "start": 4920,
      "stop": 5430,
      "text": "ux\n"
    },
    {
      "start": 5430,
      "stop": 6760,
      "text": "w\n"
    },
    {
      "start": 6760,
      "stop": 8731,
      "text": "ao\n"
    },
    {
      "start": 8731,
      "stop": 10151,
      "text": "r\n"
    },
    {
      "start": 10151,
      "stop": 12323,
      "text": "w\n"
    },
    {
      "start": 12323,
      "stop": 14663,
      "text": "ao\n"
    },
    {
      "start": 14663,
      "stop": 16375,
      "text": "r\n"
    },
    {
      "start": 16375,
      "stop": 17800,
      "text": "m\n"
    },
    {
      "start": 17800,
      "stop": 21240,
      "text": "f\n"
    },
    {
      "start": 21240,
      "stop": 21960,
      "text": "l\n"
    },
    {
      "start": 21960,
      "stop": 23400,
      "text": "iy\n"
    },
    {
      "start": 23400,
      "stop": 25480,
      "text": "s\n"
    },
    {
      "start": 25480,
      "stop": 27560,
      "text": "iy\n"
    },
    {
      "start": 27560,
      "stop": 29160,
      "text": "w\n"
    },
    {
      "start": 29160,
      "stop": 30663,
      "text": "uh\n"
    },
    {
      "start": 30663,
      "stop": 31832,
      "text": "l\n"
    },
    {
      "start": 31832,
      "stop": 32751,
      "text": "ix\n"
    },
    {
      "start": 32751,
      "stop": 33378,
      "text": "nx\n"
    },
    {
      "start": 33378,
      "stop": 35640,
      "text": "ow\n"
    },
    {
      "start": 35640,
      "stop": 36680,
      "text": "v\n"
    },
    {
      "start": 36680,
      "stop": 38600,
      "text": "axr\n"
    },
    {
      "start": 38600,
      "stop": 40563,
      "text": "ao\n"
    },
    {
      "start": 40563,
      "stop": 42200,
      "text": "l\n"
    },
    {
      "start": 42200,
      "stop": 45320,
      "text": "z\n"
    },
    {
      "start": 45320,
      "stop": 47200,
      "text": "h#\n"
    }
  ],
  "phonetic_codes": [
    "/sh iy1/",
    "/w ao1 r/",
    "/w uh1 l ax n/"
  ],
  "race": "White",
  "recording_date": "01/20/86",
  "sentence": "She wore warm, fleecy, woolen overalls.",
  "sentence_id": "SX20",
  "sentence_time": {
    "start": 0,
    "stop": 47208,
    "text": "She wore warm, fleecy, woolen overalls.\n"
  },
  "sex": "M",
  "speaker_id": "KJL0",
  "speech": "SX20KJL0",
  "speech_dataset": "timit",
  "use": "System test speaker",
  "word_times": [
    {
      "start": 0,
      "stop": 2600,
      "text": "h#\n"
    },
    {
      "start": 2600,
      "stop": 4920,
      "text": "sh\n"
    },
    {
      "start": 4920,
      "stop": 5430,
      "text": "ux\n"
    },
    {
      "start": 5430,
      "stop": 6760,
      "text": "w\n"
    },
    {
      "start": 6760,
      "stop": 8731,
      "text": "ao\n"
    },
    {
      "start": 8731,
      "stop": 10151,
      "text": "r\n"
    },
    {
      "start": 10151,
      "stop": 12323,
      "text": "w\n"
    },
    {
      "start": 12323,
      "stop": 14663,
      "text": "ao\n"
    },
    {
      "start": 14663,
      "stop": 16375,
      "text": "r\n"
    },
    {
      "start": 16375,
      "stop": 17800,
      "text": "m\n"
    },
    {
      "start": 17800,
      "stop": 21240,
      "text": "f\n"
    },
    {
      "start": 21240,
      "stop": 21960,
      "text": "l\n"
    },
    {
      "start": 21960,
      "stop": 23400,
      "text": "iy\n"
    },
    {
      "start": 23400,
      "stop": 25480,
      "text": "s\n"
    },
    {
      "start": 25480,
      "stop": 27560,
      "text": "iy\n"
    },
    {
      "start": 27560,
      "stop": 29160,
      "text": "w\n"
    },
    {
      "start": 29160,
      "stop": 30663,
      "text": "uh\n"
    },
    {
      "start": 30663,
      "stop": 31832,
      "text": "l\n"
    },
    {
      "start": 31832,
      "stop": 32751,
      "text": "ix\n"
    },
    {
      "start": 32751,
      "stop": 33378,
      "text": "nx\n"
    },
    {
      "start": 33378,
      "stop": 35640,
      "text": "ow\n"
    },
    {
      "start": 35640,
      "stop": 36680,
      "text": "v\n"
    },
    {
      "start": 36680,
      "stop": 38600,
      "text": "axr\n"
    },
    {
      "start": 38600,
      "stop": 40563,
      "text": "ao\n"
    },
    {
      "start": 40563,
      "stop": 42200,
      "text": "l\n"
    },
    {
      "start": 42200,
      "stop": 45320,
      "text": "z\n"
    },
    {
      "start": 45320,
      "stop": 47200,
      "text": "h#\n"
    }
  ]
}