{
  "algo": "consensus",
  "birth_date": "08/31/60",
  "comments": "",
  "dialect": "Northern",
  "education": "Bachelor's Degree (BS or BA)",
  "height": 1.778,
  "noise_dataset": null,
  "phoneme_times": [
    {
      "start": 0,
      "stop": 2120,
      "text": "h#\n"
    },
    {
      "start": 2120,
      "stop": 2520,
      "text": "d\n"
    },
    {
      "start": 2520,
      "stop": 4219,
      "text": "ow\n"
    },
    {
      "start": 4219,
      "stop": 4678,
      "text": "nx\n"
    },
    {
      "start": 4678,
      "stop": 7160,
      "text": "ae\n"
    },
    {
      "start": 7160,
      "stop": 8313,
      "text": "s\n"
    },
    {
      "start": 8313,
      "stop": 9524,
      "text": "kcl\n"
    },
    {
      "start": 9524,
      "stop": 9900,
      "text": "m\n"
    },
    {
      "start": 9900,
      "stop": 10840,
      "text": "iy\n"
    },
    {
      "start": 10840,
      "stop": 11195,
      "text": "dx\n"
    },
    {
      "start": 11195,
      "stop": 12360,
      "text": "ix\n"
    },
    {
      "start": 12360,
      "stop": 13240,
      "text": "kcl\n"
    },
    {
      "start": 13240,
      "stop": 14680,
      "text": "k\n"
    },
    {
      "start": 14680,
      "stop": 15582,
      "text": "eh\n"
    },
    {
      "start": 15582,
      "stop": 16751,
      "text": "r\n"
    },
    {
      "start": 16751,
      "stop": 18172,
      "text": "iy\n"
    },
    {
      "start": 18172,
      "stop": 18882,
      "text": "ix\n"
    },
    {
      "start": 18882,
      "stop": 19216,
      "text": "n\n"
    },
    {
      "start": 19216,
      "stop": 20845,
      "text": "q\n"
    },
    {
      "start": 20845,
      "stop": 22934,
      "text": "oy\n"
    },
    {
      "start": 22934,
      "stop": 23477,
      "text": "l\n"
    },
    {
      "start": 23477,
      "stop": 24772,
      "text": "iy\n"
    },
    {
      "start": 24772,
      "stop": 26109,
      "text": "r\n"
    },
    {
      "start": 26109,
      "stop": 29201,
      "text": "ae\n"
    },
    {
      "start": 29201,
      "stop": 29785,
      "text": "gcl\n"
    },
    {
      "start": 29785,
      "stop": 30328,
      "text": "l\n"
    },
    {
      "start": 30328,
      "stop": 32167,
      "text": "ay\n"
    },
    {
      "start": 32167,
      "stop": 32668,
      "text": "kcl\n"
    },
    {
      "start": 32668,
      "stop": 34040,
      "text": "dh\n"
    },
    {
      "start": 34040,
      "stop": 36595,
      "text": "ae\n"
    },
    {
      "start": 36595,
      "stop": 37940,
      "text": "tcl\n"
    },
    {
      "start": 37940,
      "stop": 38880,
      "text": "h#\n"
    }
  ],
  "phonetic_codes": [
    "/d ow1 n t/",
    "/ae1 s k/",
    "/m iy1/",
    "/t uw1/",
    "/k ae1 r iy/",
    "/ae n/",
    "/oy1 l iy/",
    "/r ae1 g/",
    "/l ay1 k/"
  ],
  "race": "Unknown",
  "recording_date": "01/28/86",
  "sentence": "Don't ask me to carry an oily rag like that.",
  "sentence_id": "SA2",
  "sentence_time": {
    "start": 0,
    "stop": 38913,
    "text": "Don't ask me to carry an oily rag like that.\n"
  },
  "sex": "M",
  "speaker_id": "ZMB0",
  "speech": "SA2ZMB0",
  "speech_dataset": "timit",
  "use": "System training speaker",
  "word_times": [
    {
      "start": 0,
      "stop": 2120,
      "text": "h#\n"
    },
    {
      "start": 2120,
      "stop": 2520,
      "text": "d\n"
    },
    {
      "start": 2520,
      "stop": 4219,
      "text": "ow\n"
    },
    {
      "start": 4219,
      "stop": 4678,
      "text": "nx\n"
    },
    {
      "start": 4678,
      "stop": 7160,
      "text": "ae\n"
    },
    {
      "start": 7160,
      "stop": 8313,
      "text": "s\n"
    },
    {
      "start": 8313,
      "stop": 9524,
      "text": "kcl\n"
    },
    {
      "start": 9524,
      "stop": 9900,
      "text": "m\n"
    },
    {
      "start": 9900,
      "stop": 10840,
      "text": "iy\n"
    },
    {
      "start": 10840,
      "stop": 11195,
      "text": "dx\n"
    },
    {
      "start": 11195,
      "stop": 12360,
      "text": "ix\n"
    },
    {
      "start": 12360,
      "stop": 13240,
      "text": "kcl\n"
    },
    {
      "start": 13240,
      "stop": 14680,
      "text": "k\n"
    },
    {
      "start": 14680,
      "stop": 15582,
      "text": "eh\n"
    },
    {
      "start": 15582,
      "stop": 16751,
      "text": "r\n"
    },
    {
      "start": 16751,
      "stop": 18172,
      "text": "iy\n"
    },
    {
      "start": 18172,
      "stop": 18882,
      "text": "ix\n"
    },
    {
      "start": 18882,
      "stop": 19216,
      "text": "n\n"
    },
    {
      "start": 19216,
      "stop": 20845,
      "text": "q\n"
    },
    {
      "start": 20845,
      "stop": 22934,
      "text": "oy\n"
    },
    {
      "start": 22934,
      "stop": 23477,
      "text": "l\n"
    },
    {
      "start": 23477,
      "stop": 24772,
      "text": "iy\n"
    },
    {
      "start": 24772,
      "stop": 26109,
      "text": "r\n"
    },
    {
      "start": 26109,
      "stop": 29201,
      "text": "ae\n"
    },
    {
      "start": 29201,
      "stop": 29785,
      "text": "gcl\n"
    },
    {
      "start": 29785,
      "stop": 30328,
      "text": "l\n"
    },
    {
      "start": 30328,
      "stop": 32167,
      "text": "ay\n"
    },
    {
      "start": 32167,
      "stop": 32668,
      "text": "kcl\n"
    },
    {
      "start": 32668,
      "stop": 34040,
      "text": "dh\n"
    },
    {
      "start": 34040,
      "stop": 36595,
      "text": "ae\n"
    },
    {
      "start": 36595,
      "stop": 37940,
      "text": "tcl\n"
    },
    {
      "start": 37940,
      "stop": 38880,
      "text": "h#\n"
    }
  ]
}