{
  "algo": "consensus",
  "birth_date": "07/31/59",
  "comments": "",
  "dialect": "Western",
  "education": "Bachelor's Degree (BS or BA)",
  "height": 1.7272,
  "noise_dataset": null,
  "phoneme_times": [
    {
      "start": 0,
      "stop": 1963,
      "text": "h#\n"
    },
    {
      "start": 1963,
      "stop": 3456,
      "text": "r\n"
    },
    {
      "start": 3456,
      "stop": 6360,
      "text": "aa\n"
    },
    {
      "start": 6360,
      "stop": 7352,
      "text": "bcl\n"
    },
    {
      "start": 7352,
      "stop": 7728,
      "text": "b\n"
    },
    {
      "start": 7728,
      "stop": 9320,
      "text": "s\n"
    },
    {
      "start": 9320,
      "stop": 11279,
      "text": "ae\n"
    },
    {
      "start": 11279,
      "stop": 12156,
      "text": "tcl\n"
    },
    {
      "start": 12156,
      "stop": 12866,
      "text": "bcl\n"
    },
    {
      "start": 12866,
      "stop": 13053,
      "text": "b\n"
    },
    {
      "start": 13053,
      "stop": 15000,
      "text": "ay\n"
    },
    {
      "start": 15000,
      "stop": 15800,
      "text": "dh\n"
    },
    {
      "start": 15800,
      "stop": 16360,
      "text": "ax\n"
    },
    {
      "start": 16360,
      "stop": 17671,
      "text": "pcl\n"
    },
    {
      "start": 17671,
      "stop": 18297,
      "text": "p\n"
    },
    {
      "start": 18297,
      "stop": 22120,
      "text": "aa\n"
    },
    {
      "start": 22120,
      "stop": 23018,
      "text": "n\n"
    },
    {
      "start": 23018,
      "stop": 23640,
      "text": "dcl\n"
    },
    {
      "start": 23640,
      "stop": 23937,
      "text": "d\n"
    },
    {
      "start": 23937,
      "stop": 24438,
      "text": "q\n"
    },
    {
      "start": 24438,
      "stop": 25232,
      "text": "ix\n"
    },
    {
      "start": 25232,
      "stop": 26840,
      "text": "n\n"
    },
    {
      "start": 26840,
      "stop": 28783,
      "text": "s\n"
    },
    {
      "start": 28783,
      "stop": 29600,
      "text": "kcl\n"
    },
    {
      "start": 29600,
      "stop": 30080,
      "text": "k\n"
    },
    {
      "start": 30080,
      "stop": 31720,
      "text": "eh\n"
    },
    {
      "start": 31720,
      "stop": 32208,
      "text": "tcl\n"
    },
    {
      "start": 32208,
      "stop": 33960,
      "text": "ch\n"
    },
    {
      "start": 33960,
      "stop": 35080,
      "text": "tcl\n"
    },
    {
      "start": 35080,
      "stop": 36059,
      "text": "th\n"
    },
    {
      "start": 36059,
      "stop": 36804,
      "text": "ax-h\n"
    },
    {
      "start": 36804,
      "stop": 38725,
      "text": "s\n"
    },
    {
      "start": 38725,
      "stop": 39316,
      "text": "tcl\n"
    },
    {
      "start": 39316,
      "stop": 40040,
      "text": "t\n"
    },
    {
      "start": 40040,
      "stop": 40973,
      "text": "r\n"
    },
    {
      "start": 40973,
      "stop": 42840,
      "text": "ey\n"
    },
    {
      "start": 42840,
      "stop": 43947,
      "text": "gcl\n"
    },
    {
      "start": 43947,
      "stop": 44480,
      "text": "g\n"
    },
    {
      "start": 44480,
      "stop": 47880,
      "text": "iy\n"
    },
    {
      "start": 47880,
      "stop": 53160,
      "text": "s\n"
    },
    {
      "start": 53160,
      "stop": 56400,
      "text": "h#\n"
    }
  ],
  "phonetic_codes": [
    "/r aa1 b/",
    "/s ae1 t/",
    "/b ay1/",
    "/dh ax/",
    "/p aa1 n d/",
    "/ae n d/",
    "/s k eh1 ch t/",
    "/dh ax/",
    "/s t r ey1/"
  ],
  "race": "White",
  "recording_date": "01/21/86",
  "sentence": "Rob sat by the pond and sketched the stray geese.",
  "sentence_id": "SX208",
  "sentence_time": {
    "start": 0,
    "stop": 56424,
    "text": "Rob sat by the pond and sketched the stray geese.\n"
  },
  "sex": "F",
  "speaker_id": "SXA0",
  "speech": "SX208SXA0",
  "speech_dataset": "timit",
  "use": "System test speaker",
  "word_times": [
    {
      "start": 0,
      "stop": 1963,
      "text": "h#\n"
    },
    {
      "start": 1963,
      "stop": 3456,
      "text": "r\n"
    },
    {
      "start": 3456,
      "stop": 6360,
      "text": "aa\n"
    },
    {
      "start": 6360,
      "stop": 7352,
      "text": "bcl\n"
    },
    {
      "start": 7352,
      "stop": 7728,
      "text": "b\n"
    },
    {
      "start": 7728,
      "stop": 9320,
      "text": "s\n"
    },
    {
      "start": 9320,
      "stop": 11279,
      "text": "ae\n"
    },
    {
      "start": 11279,
      "stop": 12156,
      "text": "tcl\n"
    },
    {
      "start": 12156,
      "stop": 12866,
      "text": "bcl\n"
    },
    {
      "start": 12866,
      "stop": 13053,
      "text": "b\n"
    },
    {
      "start": 13053,
      "stop": 15000,
      "text": "ay\n"
    },
    {
      "start": 15000,
      "stop": 15800,
      "text": "dh\n"
    },
    {
      "start": 15800,
      "stop": 16360,
      "text": "ax\n"
    },
    {
      "start": 16360,
      "stop": 17671,
      "text": "pcl\n"
    },
    {
      "start": 17671,
      "stop": 18297,
      "text": "p\n"
    },
    {
      "start": 18297,
      "stop": 22120,
      "text": "aa\n"
    },
    {
      "start": 22120,
      "stop": 23018,
      "text": "n\n"
    },
    {
      "start": 23018,
      "stop": 23640,
      "text": "dcl\n"
    },
    {
      "start": 23640,
      "stop": 23937,
      "text": "d\n"
    },
    {
      "start": 23937,
      "stop": 24438,
      "text": "q\n"
    },
    {
      "start": 24438,
      "stop": 25232,
      "text": "ix\n"
    },
    {
      "start": 25232,
      "stop": 26840,
      "text": "n\n"
    },
    {
      "start": 26840,
      "stop": 28783,
      "text": "s\n"
    },
    {
      "start": 28783,
      "stop": 29600,
      "text": "kcl\n"
    },
    {
      "start": 29600,
      "stop": 30080,
      "text": "k\n"
    },
    {
      "start": 30080,
      "stop": 31720,
      "text": "eh\n"
    },
    {
      "start": 31720,
      "stop": 32208,
      "text": "tcl\n"
    },
    {
      "start": 32208,
      "stop": 33960,
      "text": "ch\n"
    },
    {
      "start": 33960,
      "stop": 35080,
      "text": "tcl\n"
    },
    {
      "start": 35080,
      "stop": 36059,
      "text": "th\n"
    },
    {
      "start": 36059,
      "stop": 36804,
      "text": "ax-h\n"
    },
    {
      "start": 36804,
      "stop": 38725,
      "text": "s\n"
    },
    {
      "start": 38725,
      "stop": 39316,
      "text": "tcl\n"
    },
    {
      "start": 39316,
      "stop": 40040,
      "text": "t\n"
    },
    {
      "start": 40040,
      "stop": 40973,
      "text": "r\n"
    },
    {
      "start": 40973,
      "stop": 42840,
      "text": "ey\n"
    },
    {
      "start": 42840,
      "stop": 43947,
      "text": "gcl\n"
    },
    {
      "start": 43947,
      "stop": 44480,
      "text": "g\n"
    },
    {
      "start": 44480,
      "stop": 47880,
      "text": "iy\n"
    },
    {
      "start": 47880,
      "stop": 53160,
      "text": "s\n"
    },
    {
      "start": 53160,
      "stop": 56400,
      "text": "h#\n"
    }
  ]
}