{
  "algo": "consensus",
  "birth_date": "12/02/37",
  "comments": "",
  "dialect": "South Midland",
  "education": "Unknown",
  "height": 1.8034,
  "noise_dataset": null,
  "phoneme_times": [
    {
      "start": 0,
      "stop": 2160,
      "text": "h#\n"
    },
    {
      "start": 2160,
      "stop": 2800,
      "text": "m\n"
    },
    {
      "start": 2800,
      "stop": 4950,
      "text": "ae\n"
    },
    {
      "start": 4950,
      "stop": 6266,
      "text": "s\n"
    },
    {
      "start": 6266,
      "stop": 6851,
      "text": "kcl\n"
    },
    {
      "start": 6851,
      "stop": 7800,
      "text": "k\n"
    },
    {
      "start": 7800,
      "stop": 9483,
      "text": "axr\n"
    },
    {
      "start": 9483,
      "stop": 11640,
      "text": "ey\n"
    },
    {
      "start": 11640,
      "stop": 13030,
      "text": "dcl\n"
    },
    {
      "start": 13030,
      "stop": 13880,
      "text": "p\n"
    },
    {
      "start": 13880,
      "stop": 15480,
      "text": "aa\n"
    },
    {
      "start": 15480,
      "stop": 16360,
      "text": "r\n"
    },
    {
      "start": 16360,
      "stop": 16823,
      "text": "dx\n"
    },
    {
      "start": 16823,
      "stop": 18030,
      "text": "ix\n"
    },
    {
      "start": 18030,
      "stop": 19240,
      "text": "z\n"
    },
    {
      "start": 19240,
      "stop": 19900,
      "text": "tcl\n"
    },
    {
      "start": 19900,
      "stop": 21260,
      "text": "t\n"
    },
    {
      "start": 21260,
      "stop": 23092,
      "text": "ae\n"
    },
    {
      "start": 23092,
      "stop": 23730,
      "text": "kcl\n"
    },
    {
      "start": 23730,
      "stop": 24460,
      "text": "s\n"
    },
    {
      "start": 24460,
      "stop": 25360,
      "text": "epi\n"
    },
    {
      "start": 25360,
      "stop": 26293,
      "text": "w\n"
    },
    {
      "start": 26293,
      "stop": 28160,
      "text": "ah\n"
    },
    {
      "start": 28160,
      "stop": 29045,
      "text": "n\n"
    },
    {
      "start": 29045,
      "stop": 29577,
      "text": "z\n"
    },
    {
      "start": 29577,
      "stop": 29988,
      "text": "ix\n"
    },
    {
      "start": 29988,
      "stop": 30994,
      "text": "m\n"
    },
    {
      "start": 30994,
      "stop": 33038,
      "text": "ae\n"
    },
    {
      "start": 33038,
      "stop": 33468,
      "text": "dcl\n"
    },
    {
      "start": 33468,
      "stop": 33880,
      "text": "jh\n"
    },
    {
      "start": 33880,
      "stop": 34560,
      "text": "ix\n"
    },
    {
      "start": 34560,
      "stop": 35084,
      "text": "n\n"
    },
    {
      "start": 35084,
      "stop": 37560,
      "text": "ey\n"
    },
    {
      "start": 37560,
      "stop": 38796,
      "text": "sh\n"
    },
    {
      "start": 38796,
      "stop": 40470,
      "text": "en\n"
    },
    {
      "start": 40470,
      "stop": 43600,
      "text": "h#\n"
    }
  ],
  "phonetic_codes": [
    "/m ae2 s k axr ey1 d/",
    "/p aa1 r t iy z/",
    "/t ae1 k s/",
    "/w ah1 n z/"
  ],
  "race": "White",
  "recording_date": "03/07/86",
  "sentence": "Masquerade parties tax one's imagination.",
  "sentence_id": "SX96",
  "sentence_time": {
    "start": 0,
    "stop": 43623,
    "text": "Masquerade parties tax one's imagination.\n"
  },
  "sex": "M",
  "speaker_id": "NET0",
  "speech": "SX96NET0",
  "speech_dataset": "timit",
  "use": "System training speaker",
  "word_times": [
    {
      "start": 0,
      "stop": 2160,
      "text": "h#\n"
    },
    {
      "start": 2160,
      "stop": 2800,
      "text": "m\n"
    },
    {
      "start": 2800,
      "stop": 4950,
      "text": "ae\n"
    },
    {
      "start": 4950,
      "stop": 6266,
      "text": "s\n"
    },
    {
      "start": 6266,
      "stop": 6851,
      "text": "kcl\n"
    },
    {
      "start": 6851,
      "stop": 7800,
      "text": "k\n"
    },
    {
      "start": 7800,
      "stop": 9483,
      "text": "axr\n"
    },
    {
      "start": 9483,
      "stop": 11640,
      "text": "ey\n"
    },
    {
      "start": 11640,
      "stop": 13030,
      "text": "dcl\n"
    },
    {
      "start": 13030,
      "stop": 13880,
      "text": "p\n"
    },
    {
      "start": 13880,
      "stop": 15480,
      "text": "aa\n"
    },
    {
      "start": 15480,
      "stop": 16360,
      "text": "r\n"
    },
    {
      "start": 16360,
      "stop": 16823,
      "text": "dx\n"
    },
    {
      "start": 16823,
      "stop": 18030,
      "text": "ix\n"
    },
    {
      "start": 18030,
      "stop": 19240,
      "text": "z\n"
    },
    {
      "start": 19240,
      "stop": 19900,
      "text": "tcl\n"
    },
    {
      "start": 19900,
      "stop": 21260,
      "text": "t\n"
    },
    {
      "start": 21260,
      "stop": 23092,
      "text": "ae\n"
    },
    {
      "start": 23092,
      "stop": 23730,
      "text": "kcl\n"
    },
    {
      "start": 23730,
      "stop": 24460,
      "text": "s\n"
    },
    {
      "start": 24460,
      "stop": 25360,
      "text": "epi\n"
    },
    {
      "start": 25360,
      "stop": 26293,
      "text": "w\n"
    },
    {
      "start": 26293,
      "stop": 28160,
      "text": "ah\n"
    },
    {
      "start": 28160,
      "stop": 29045,
      "text": "n\n"
    },
    {
      "start": 29045,
      "stop": 29577,
      "text": "z\n"
    },
    {
      "start": 29577,
      "stop": 29988,
      "text": "ix\n"
    },
    {
      "start": 29988,
      "stop": 30994,
      "text": "m\n"
    },
    {
      "start": 30994,
      "stop": 33038,
      "text": "ae\n"
    },
    {
      "start": 33038,
      "stop": 33468,
      "text": "dcl\n"
    },
    {
      "start": 33468,
      "stop": 33880,
      "text": "jh\n"
    },
    {
      "start": 33880,
      "stop": 34560,
      "text": "ix\n"
    },
    {
      "start": 34560,
      "stop": 35084,
      "text": "n\n"
    },
    {
      "start": 35084,
      "stop": 37560,
      "text": "ey\n"
    },
    {
      "start": 37560,
      "stop": 38796,
      "text": "sh\n"
    },
    {
      "start": 38796,
      "stop": 40470,
      "text": "en\n"
    },
    {
      "start": 40470,
      "stop": 43600,
      "text": "h#\n"
    }
  ]
}