{
  "algo": "consensus",
  "birth_date": "09/04/33",
  "comments": "",
  "dialect": "South Midland",
  "education": "Bachelor's Degree (BS or BA)",
  "height": 1.651,
  "noise_dataset": null,
  "phoneme_times": [
    {
      "start": 0,
      "stop": 2088,
      "text": "h#\n"
    },
    {
      "start": 2088,
      "stop": 2381,
      "text": "dh\n"
    },
    {
      "start": 2381,
      "stop": 2924,
      "text": "ix\n"
    },
    {
      "start": 2924,
      "stop": 3843,
      "text": "m\n"
    },
    {
      "start": 3843,
      "stop": 5806,
      "text": "iy\n"
    },
    {
      "start": 5806,
      "stop": 6224,
      "text": "dx\n"
    },
    {
      "start": 6224,
      "stop": 7644,
      "text": "iy\n"
    },
    {
      "start": 7644,
      "stop": 8480,
      "text": "n\n"
    },
    {
      "start": 8480,
      "stop": 9733,
      "text": "ih\n"
    },
    {
      "start": 9733,
      "stop": 11028,
      "text": "z\n"
    },
    {
      "start": 11028,
      "stop": 11613,
      "text": "n\n"
    },
    {
      "start": 11613,
      "stop": 14120,
      "text": "aw\n"
    },
    {
      "start": 14120,
      "stop": 15080,
      "text": "ax\n"
    },
    {
      "start": 15080,
      "stop": 15749,
      "text": "dcl\n"
    },
    {
      "start": 15749,
      "stop": 16710,
      "text": "jh\n"
    },
    {
      "start": 16710,
      "stop": 19968,
      "text": "er\n"
    },
    {
      "start": 19968,
      "stop": 21096,
      "text": "n\n"
    },
    {
      "start": 21096,
      "stop": 21848,
      "text": "dcl\n"
    },
    {
      "start": 21848,
      "stop": 22767,
      "text": "d\n"
    },
    {
      "start": 22767,
      "stop": 25191,
      "text": "h#\n"
    }
  ],
  "phonetic_codes": [
    "/dh ax/",
    "/m iy1 t ix ng/",
    "/ih1 z/",
    "/n aw1/"
  ],
  "race": "White",
  "recording_date": "02/26/86",
  "sentence": "The meeting is now adjourned.",
  "sentence_id": "SX307",
  "sentence_time": {
    "start": 0,
    "stop": 25191,
    "text": "The meeting is now adjourned.\n"
  },
  "sex": "F",
  "speaker_id": "BAS0",
  "speech": "SX307BAS0",
  "speech_dataset": "timit",
  "use": "System training speaker",
  "word_times": [
    {
      "start": 0,
      "stop": 2088,
      "text": "h#\n"
    },
    {
      "start": 2088,
      "stop": 2381,
      "text": "dh\n"
    },
    {
      "start": 2381,
      "stop": 2924,
      "text": "ix\n"
    },
    {
      "start": 2924,
      "stop": 3843,
      "text": "m\n"
    },
    {
      "start": 3843,
      "stop": 5806,
      "text": "iy\n"
    },
    {
      "start": 5806,
      "stop": 6224,
      "text": "dx\n"
    },
    {
      "start": 6224,
      "stop": 7644,
      "text": "iy\n"
    },
    {
      "start": 7644,
      "stop": 8480,
      "text": "n\n"
    },
    {
      "start": 8480,
      "stop": 9733,
      "text": "ih\n"
    },
    {
      "start": 9733,
      "stop": 11028,
      "text": "z\n"
    },
    {
      "start": 11028,
      "stop": 11613,
      "text": "n\n"
    },
    {
      "start": 11613,
      "stop": 14120,
      "text": "aw\n"
    },
    {
      "start": 14120,
      "stop": 15080,
      "text": "ax\n"
    },
    {
      "start": 15080,
      "stop": 15749,
      "text": "dcl\n"
    },
    {
      "start": 15749,
      "stop": 16710,
      "text": "jh\n"
    },
    {
      "start": 16710,
      "stop": 19968,
      "text": "er\n"
    },
    {
      "start": 19968,
      "stop": 21096,
      "text": "n\n"
    },
    {
      "start": 21096,
      "stop": 21848,
      "text": "dcl\n"
    },
    {
      "start": 21848,
      "stop": 22767,
      "text": "d\n"
    },
    {
      "start": 22767,
      "stop": 25191,
      "text": "h#\n"
    }
  ]
}