{
  "algo": "consensus",
  "birth_date": "03/11/60",
  "comments": "",
  "dialect": "Northern",
  "education": "Bachelor's Degree (BS or BA)",
  "height": 1.7018,
  "noise_dataset": null,
  "phoneme_times": [
    {
      "start": 0,
      "stop": 2600,
      "text": "h#\n"
    },
    {
      "start": 2600,
      "stop": 2820,
      "text": "hh\n"
    },
    {
      "start": 2820,
      "stop": 3440,
      "text": "iy\n"
    },
    {
      "start": 3440,
      "stop": 4730,
      "text": "pcl\n"
    },
    {
      "start": 4730,
      "stop": 5070,
      "text": "p\n"
    },
    {
      "start": 5070,
      "stop": 5771,
      "text": "ih\n"
    },
    {
      "start": 5771,
      "stop": 7020,
      "text": "kcl\n"
    },
    {
      "start": 7020,
      "stop": 7390,
      "text": "t\n"
    },
    {
      "start": 7390,
      "stop": 8339,
      "text": "ah\n"
    },
    {
      "start": 8339,
      "stop": 9442,
      "text": "pcl\n"
    },
    {
      "start": 9442,
      "stop": 10590,
      "text": "pau\n"
    },
    {
      "start": 10590,
      "stop": 11372,
      "text": "n\n"
    },
    {
      "start": 11372,
      "stop": 13680,
      "text": "ay\n"
    },
    {
      "start": 13680,
      "stop": 14560,
      "text": "n\n"
    },
    {
      "start": 14560,
      "stop": 15707,
      "text": "pcl\n"
    },
    {
      "start": 15707,
      "stop": 16950,
      "text": "p\n"
    },
    {
      "start": 16950,
      "stop": 18088,
      "text": "eh\n"
    },
    {
      "start": 18088,
      "stop": 19340,
      "text": "axr\n"
    },
    {
      "start": 19340,
      "stop": 20280,
      "text": "z\n"
    },
    {
      "start": 20280,
      "stop": 20971,
      "text": "uh\n"
    },
    {
      "start": 20971,
      "stop": 21510,
      "text": "v\n"
    },
    {
      "start": 21510,
      "stop": 23690,
      "text": "s\n"
    },
    {
      "start": 23690,
      "stop": 26600,
      "text": "aa\n"
    },
    {
      "start": 26600,
      "stop": 27190,
      "text": "kcl\n"
    },
    {
      "start": 27190,
      "stop": 27600,
      "text": "k\n"
    },
    {
      "start": 27600,
      "stop": 28400,
      "text": "s\n"
    },
    {
      "start": 28400,
      "stop": 29710,
      "text": "f\n"
    },
    {
      "start": 29710,
      "stop": 30597,
      "text": "axr\n"
    },
    {
      "start": 30597,
      "stop": 31437,
      "text": "q\n"
    },
    {
      "start": 31437,
      "stop": 32439,
      "text": "iy\n"
    },
    {
      "start": 32439,
      "stop": 32890,
      "text": "tcl\n"
    },
    {
      "start": 32890,
      "stop": 33670,
      "text": "ch\n"
    },
    {
      "start": 33670,
      "stop": 34870,
      "text": "bcl\n"
    },
    {
      "start": 34870,
      "stop": 35280,
      "text": "b\n"
    },
    {
      "start": 35280,
      "stop": 36093,
      "text": "r\n"
    },
    {
      "start": 36093,
      "stop": 37720,
      "text": "ah\n"
    },
    {
      "start": 37720,
      "stop": 38260,
      "text": "dh\n"
    },
    {
      "start": 38260,
      "stop": 39800,
      "text": "axr\n"
    },
    {
      "start": 39800,
      "stop": 42240,
      "text": "h#\n"
    }
  ],
  "phonetic_codes": [
    "/hh iy1/",
    "/p ih1 k t/",
    "/ah1 p/",
    "/n ay1 n/",
    "/p ae1 r z/",
    "/ax v/",
    "/s aa1 k s/",
    "/f ao1 r/",
    "/iy1 ch/"
  ],
  "race": "White",
  "recording_date": "03/12/86",
  "sentence": "He picked up nine pairs of socks for each brother.",
  "sentence_id": "SX390",
  "sentence_time": {
    "start": 0,
    "stop": 42292,
    "text": "He picked up nine pairs of socks for each brother.\n"
  },
  "sex": "M",
  "speaker_id": "RMS0",
  "speech": "SX390RMS0",
  "speech_dataset": "timit",
  "use": "System training speaker",
  "word_times": [
    {
      "start": 0,
      "stop": 2600,
      "text": "h#\n"
    },
    {
      "start": 2600,
      "stop": 2820,
      "text": "hh\n"
    },
    {
      "start": 2820,
      "stop": 3440,
      "text": "iy\n"
    },
    {
      "start": 3440,
      "stop": 4730,
      "text": "pcl\n"
    },
    {
      "start": 4730,
      "stop": 5070,
      "text": "p\n"
    },
    {
      "start": 5070,
      "stop": 5771,
      "text": "ih\n"
    },
    {
      "start": 5771,
      "stop": 7020,
      "text": "kcl\n"
    },
    {
      "start": 7020,
      "stop": 7390,
      "text": "t\n"
    },
    {
      "start": 7390,
      "stop": 8339,
      "text": "ah\n"
    },
    {
      "start": 8339,
      "stop": 9442,
      "text": "pcl\n"
    },
    {
      "start": 9442,
      "stop": 10590,
      "text": "pau\n"
    },
    {
      "start": 10590,
      "stop": 11372,
      "text": "n\n"
    },
    {
      "start": 11372,
      "stop": 13680,
      "text": "ay\n"
    },
    {
      "start": 13680,
      "stop": 14560,
      "text": "n\n"
    },
    {
      "start": 14560,
      "stop": 15707,
      "text": "pcl\n"
    },
    {
      "start": 15707,
      "stop": 16950,
      "text": "p\n"
    },
    {
      "start": 16950,
      "stop": 18088,
      "text": "eh\n"
    },
    {
      "start": 18088,
      "stop": 19340,
      "text": "axr\n"
    },
    {
      "start": 19340,
      "stop": 20280,
      "text": "z\n"
    },
    {
      "start": 20280,
      "stop": 20971,
      "text": "uh\n"
    },
    {
      "start": 20971,
      "stop": 21510,
      "text": "v\n"
    },
    {
      "start": 21510,
      "stop": 23690,
      "text": "s\n"
    },
    {
      "start": 23690,
      "stop": 26600,
      "text": "aa\n"
    },
    {
      "start": 26600,
      "stop": 27190,
      "text": "kcl\n"
    },
    {
      "start": 27190,
      "stop": 27600,
      "text": "k\n"
    },
    {
      "start": 27600,
      "stop": 28400,
      "text": "s\n"
    },
    {
      "start": 28400,
      "stop": 29710,
      "text": "f\n"
    },
    {
      "start": 29710,
      "stop": 30597,
      "text": "axr\n"
    },
    {
      "start": 30597,
      "stop": 31437,
      "text": "q\n"
    },
    {
      "start": 31437,
      "stop": 32439,
      "text": "iy\n"
    },
    {
      "start": 32439,
      "stop": 32890,
      "text": "tcl\n"
    },
    {
      "start": 32890,
      "stop": 33670,
      "text": "ch\n"
    },
    {
      "start": 33670,
      "stop": 34870,
      "text": "bcl\n"
    },
    {
      "start": 34870,
      "stop": 35280,
      "text": "b\n"
    },
    {
      "start": 35280,
      "stop": 36093,
      "text": "r\n"
    },
    {
      "start": 36093,
      "stop": 37720,
      "text": "ah\n"
    },
    {
      "start": 37720,
      "stop": 38260,
      "text": "dh\n"
    },
    {
      "start": 38260,
      "stop": 39800,
      "text": "axr\n"
    },
    {
      "start": 39800,
      "stop": 42240,
      "text": "h#\n"
    }
  ]
}