{
  "algo": "consensus",
  "birth_date": "09/17/62",
  "comments": "",
  "dialect": "Southern",
  "education": "Unknown",
  "height": 1.6764000000000001,
  "noise_dataset": null,
  "phoneme_times": [
    {
      "start": 0,
      "stop": 2320,
      "text": "h#\n"
    },
    {
      "start": 2320,
      "stop": 2860,
      "text": "d\n"
    },
    {
      "start": 2860,
      "stop": 4200,
      "text": "ih\n"
    },
    {
      "start": 4200,
      "stop": 4730,
      "text": "dcl\n"
    },
    {
      "start": 4730,
      "stop": 5770,
      "text": "jh\n"
    },
    {
      "start": 5770,
      "stop": 8214,
      "text": "ux\n"
    },
    {
      "start": 8214,
      "stop": 9777,
      "text": "n\n"
    },
    {
      "start": 9777,
      "stop": 14888,
      "text": "ow\n"
    },
    {
      "start": 14888,
      "stop": 16570,
      "text": "hv\n"
    },
    {
      "start": 16570,
      "stop": 18507,
      "text": "iy\n"
    },
    {
      "start": 18507,
      "stop": 19564,
      "text": "ih\n"
    },
    {
      "start": 19564,
      "stop": 20941,
      "text": "z\n"
    },
    {
      "start": 20941,
      "stop": 23561,
      "text": "ae\n"
    },
    {
      "start": 23561,
      "stop": 24600,
      "text": "dcl\n"
    },
    {
      "start": 24600,
      "stop": 25294,
      "text": "v\n"
    },
    {
      "start": 25294,
      "stop": 26040,
      "text": "axr\n"
    },
    {
      "start": 26040,
      "stop": 27000,
      "text": "tcl\n"
    },
    {
      "start": 27000,
      "stop": 27910,
      "text": "t\n"
    },
    {
      "start": 27910,
      "stop": 31415,
      "text": "ay\n"
    },
    {
      "start": 31415,
      "stop": 32870,
      "text": "z\n"
    },
    {
      "start": 32870,
      "stop": 34200,
      "text": "ih\n"
    },
    {
      "start": 34200,
      "stop": 35080,
      "text": "ng\n"
    },
    {
      "start": 35080,
      "stop": 37013,
      "text": "ih\n"
    },
    {
      "start": 37013,
      "stop": 38800,
      "text": "z\n"
    },
    {
      "start": 38800,
      "stop": 40380,
      "text": "hh\n"
    },
    {
      "start": 40380,
      "stop": 43274,
      "text": "ae\n"
    },
    {
      "start": 43274,
      "stop": 45030,
      "text": "m\n"
    },
    {
      "start": 45030,
      "stop": 46279,
      "text": "r\n"
    },
    {
      "start": 46279,
      "stop": 48451,
      "text": "ey\n"
    },
    {
      "start": 48451,
      "stop": 49120,
      "text": "dcl\n"
    },
    {
      "start": 49120,
      "stop": 49390,
      "text": "d\n"
    },
    {
      "start": 49390,
      "stop": 51543,
      "text": "iy\n"
    },
    {
      "start": 51543,
      "stop": 54718,
      "text": "ow\n"
    },
    {
      "start": 54718,
      "stop": 55480,
      "text": "ax\n"
    },
    {
      "start": 55480,
      "stop": 57040,
      "text": "kcl\n"
    },
    {
      "start": 57040,
      "stop": 58400,
      "text": "k\n"
    },
    {
      "start": 58400,
      "stop": 58895,
      "text": "w\n"
    },
    {
      "start": 58895,
      "stop": 59477,
      "text": "ih\n"
    },
    {
      "start": 59477,
      "stop": 61563,
      "text": "q\n"
    },
    {
      "start": 61563,
      "stop": 62197,
      "text": "m\n"
    },
    {
      "start": 62197,
      "stop": 63197,
      "text": "ix\n"
    },
    {
      "start": 63197,
      "stop": 64030,
      "text": "n\n"
    },
    {
      "start": 64030,
      "stop": 66840,
      "text": "tcl\n"
    },
    {
      "start": 66840,
      "stop": 67570,
      "text": "f\n"
    },
    {
      "start": 67570,
      "stop": 68726,
      "text": "axr\n"
    },
    {
      "start": 68726,
      "stop": 71300,
      "text": "s\n"
    },
    {
      "start": 71300,
      "stop": 74893,
      "text": "ey\n"
    },
    {
      "start": 74893,
      "stop": 76680,
      "text": "l\n"
    },
    {
      "start": 76680,
      "stop": 78320,
      "text": "dh\n"
    },
    {
      "start": 78320,
      "stop": 79363,
      "text": "ix\n"
    },
    {
      "start": 79363,
      "stop": 81547,
      "text": "s\n"
    },
    {
      "start": 81547,
      "stop": 81810,
      "text": "epi\n"
    },
    {
      "start": 81810,
      "stop": 82896,
      "text": "w\n"
    },
    {
      "start": 82896,
      "stop": 84543,
      "text": "iy\n"
    },
    {
      "start": 84543,
      "stop": 86060,
      "text": "kcl\n"
    },
    {
      "start": 86060,
      "stop": 86913,
      "text": "k\n"
    },
    {
      "start": 86913,
      "stop": 89514,
      "text": "eh\n"
    },
    {
      "start": 89514,
      "stop": 91545,
      "text": "n\n"
    },
    {
      "start": 91545,
      "stop": 91782,
      "text": "dcl\n"
    },
    {
      "start": 91782,
      "stop": 92358,
      "text": "d\n"
    },
    {
      "start": 92358,
      "stop": 94160,
      "text": "h#\n"
    }
  ],
  "phonetic_codes": [
    "/d ih1 d/",
    "/y uw1/",
    "/n ow1/",
    "/hh iy1/",
    "/ih1 z/",
    "/ae1 d v axr t ay2 z ix ng/",
    "/hh ih1 z/",
    "/hh ae1 m r ey1 d iy ow/",
    "/ax k w ih1 p m ax n t/",
    "/f ao1 r/",
    "/s ey1 l/",
    "/dh ih1 s/"
  ],
  "race": "White",
  "recording_date": "04/10/86",
  "sentence": "Did you know he is advertising his ham-radio equipment for sale this weekend?",
  "sentence_id": "SI2249",
  "sentence_time": {
    "start": 0,
    "stop": 94208,
    "text": "Did you know he is advertising his ham-radio equipment for sale this weekend?\n"
  },
  "sex": "M",
  "speaker_id": "MWB0",
  "speech": "SI2249MWB0",
  "speech_dataset": "timit",
  "use": "System training speaker",
  "word_times": [
    {
      "start": 0,
      "stop": 2320,
      "text": "h#\n"
    },
    {
      "start": 2320,
      "stop": 2860,
      "text": "d\n"
    },
    {
      "start": 2860,
      "stop": 4200,
      "text": "ih\n"
    },
    {
      "start": 4200,
      "stop": 4730,
      "text": "dcl\n"
    },
    {
      "start": 4730,
      "stop": 5770,
      "text": "jh\n"
    },
    {
      "start": 5770,
      "stop": 8214,
      "text": "ux\n"
    },
    {
      "start": 8214,
      "stop": 9777,
      "text": "n\n"
    },
    {
      "start": 9777,
      "stop": 14888,
      "text": "ow\n"
    },
    {
      "start": 14888,
      "stop": 16570,
      "text": "hv\n"
    },
    {
      "start": 16570,
      "stop": 18507,
      "text": "iy\n"
    },
    {
      "start": 18507,
      "stop": 19564,
      "text": "ih\n"
    },
    {
      "start": 19564,
      "stop": 20941,
      "text": "z\n"
    },
    {
      "start": 20941,
      "stop": 23561,
      "text": "ae\n"
    },
    {
      "start": 23561,
      "stop": 24600,
      "text": "dcl\n"
    },
    {
      "start": 24600,
      "stop": 25294,
      "text": "v\n"
    },
    {
      "start": 25294,
      "stop": 26040,
      "text": "axr\n"
    },
    {
      "start": 26040,
      "stop": 27000,
      "text": "tcl\n"
    },
    {
      "start": 27000,
      "stop": 27910,
      "text": "t\n"
    },
    {
      "start": 27910,
      "stop": 31415,
      "text": "ay\n"
    },
    {
      "start": 31415,
      "stop": 32870,
      "text": "z\n"
    },
    {
      "start": 32870,
      "stop": 34200,
      "text": "ih\n"
    },
    {
      "start": 34200,
      "stop": 35080,
      "text": "ng\n"
    },
    {
      "start": 35080,
      "stop": 37013,
      "text": "ih\n"
    },
    {
      "start": 37013,
      "stop": 38800,
      "text": "z\n"
    },
    {
      "start": 38800,
      "stop": 40380,
      "text": "hh\n"
    },
    {
      "start": 40380,
      "stop": 43274,
      "text": "ae\n"
    },
    {
      "start": 43274,
      "stop": 45030,
      "text": "m\n"
    },
    {
      "start": 45030,
      "stop": 46279,
      "text": "r\n"
    },
    {
      "start": 46279,
      "stop": 48451,
      "text": "ey\n"
    },
    {
      "start": 48451,
      "stop": 49120,
      "text": "dcl\n"
    },
    {
      "start": 49120,
      "stop": 49390,
      "text": "d\n"
    },
    {
      "start": 49390,
      "stop": 51543,
      "text": "iy\n"
    },
    {
      "start": 51543,
      "stop": 54718,
      "text": "ow\n"
    },
    {
      "start": 54718,
      "stop": 55480,
      "text": "ax\n"
    },
    {
      "start": 55480,
      "stop": 57040,
      "text": "kcl\n"
    },
    {
      "start": 57040,
      "stop": 58400,
      "text": "k\n"
    },
    {
      "start": 58400,
      "stop": 58895,
      "text": "w\n"
    },
    {
      "start": 58895,
      "stop": 59477,
      "text": "ih\n"
    },
    {
      "start": 59477,
      "stop": 61563,
      "text": "q\n"
    },
    {
      "start": 61563,
      "stop": 62197,
      "text": "m\n"
    },
    {
      "start": 62197,
      "stop": 63197,
      "text": "ix\n"
    },
    {
      "start": 63197,
      "stop": 64030,
      "text": "n\n"
    },
    {
      "start": 64030,
      "stop": 66840,
      "text": "tcl\n"
    },
    {
      "start": 66840,
      "stop": 67570,
      "text": "f\n"
    },
    {
      "start": 67570,
      "stop": 68726,
      "text": "axr\n"
    },
    {
      "start": 68726,
      "stop": 71300,
      "text": "s\n"
    },
    {
      "start": 71300,
      "stop": 74893,
      "text": "ey\n"
    },
    {
      "start": 74893,
      "stop": 76680,
      "text": "l\n"
    },
    {
      "start": 76680,
      "stop": 78320,
      "text": "dh\n"
    },
    {
      "start": 78320,
      "stop": 79363,
      "text": "ix\n"
    },
    {
      "start": 79363,
      "stop": 81547,
      "text": "s\n"
    },
    {
      "start": 81547,
      "stop": 81810,
      "text": "epi\n"
    },
    {
      "start": 81810,
      "stop": 82896,
      "text": "w\n"
    },
    {
      "start": 82896,
      "stop": 84543,
      "text": "iy\n"
    },
    {
      "start": 84543,
      "stop": 86060,
      "text": "kcl\n"
    },
    {
      "start": 86060,
      "stop": 86913,
      "text": "k\n"
    },
    {
      "start": 86913,
      "stop": 89514,
      "text": "eh\n"
    },
    {
      "start": 89514,
      "stop": 91545,
      "text": "n\n"
    },
    {
      "start": 91545,
      "stop": 91782,
      "text": "dcl\n"
    },
    {
      "start": 91782,
      "stop": 92358,
      "text": "d\n"
    },
    {
      "start": 92358,
      "stop": 94160,
      "text": "h#\n"
    }
  ]
}