{
  "algo": "consensus",
  "birth_date": "04/09/62",
  "comments": "",
  "dialect": "Western",
  "education": "Bachelor's Degree (BS or BA)",
  "height": 1.778,
  "noise_dataset": null,
  "phoneme_times": [
    {
      "start": 0,
      "stop": 2120,
      "text": "h#\n"
    },
    {
      "start": 2120,
      "stop": 2520,
      "text": "q\n"
    },
    {
      "start": 2520,
      "stop": 3843,
      "text": "eh\n"
    },
    {
      "start": 3843,
      "stop": 4680,
      "text": "v\n"
    },
    {
      "start": 4680,
      "stop": 5133,
      "text": "r\n"
    },
    {
      "start": 5133,
      "stop": 6070,
      "text": "ix\n"
    },
    {
      "start": 6070,
      "stop": 8189,
      "text": "s\n"
    },
    {
      "start": 8189,
      "stop": 9080,
      "text": "ix\n"
    },
    {
      "start": 9080,
      "stop": 9711,
      "text": "ng\n"
    },
    {
      "start": 9711,
      "stop": 10070,
      "text": "gcl\n"
    },
    {
      "start": 10070,
      "stop": 10340,
      "text": "g\n"
    },
    {
      "start": 10340,
      "stop": 11240,
      "text": "el\n"
    },
    {
      "start": 11240,
      "stop": 12450,
      "text": "pcl\n"
    },
    {
      "start": 12450,
      "stop": 13420,
      "text": "p\n"
    },
    {
      "start": 13420,
      "stop": 14453,
      "text": "r\n"
    },
    {
      "start": 14453,
      "stop": 16356,
      "text": "aa\n"
    },
    {
      "start": 16356,
      "stop": 16920,
      "text": "bcl\n"
    },
    {
      "start": 16920,
      "stop": 17120,
      "text": "b\n"
    },
    {
      "start": 17120,
      "stop": 17712,
      "text": "l\n"
    },
    {
      "start": 17712,
      "stop": 18422,
      "text": "ax\n"
    },
    {
      "start": 18422,
      "stop": 19160,
      "text": "m\n"
    },
    {
      "start": 19160,
      "stop": 20600,
      "text": "tcl\n"
    },
    {
      "start": 20600,
      "stop": 21820,
      "text": "t\n"
    },
    {
      "start": 21820,
      "stop": 23480,
      "text": "ah\n"
    },
    {
      "start": 23480,
      "stop": 23900,
      "text": "tcl\n"
    },
    {
      "start": 23900,
      "stop": 25560,
      "text": "ch\n"
    },
    {
      "start": 25560,
      "stop": 26090,
      "text": "tcl\n"
    },
    {
      "start": 26090,
      "stop": 26420,
      "text": "t\n"
    },
    {
      "start": 26420,
      "stop": 28680,
      "text": "aa\n"
    },
    {
      "start": 28680,
      "stop": 29911,
      "text": "n\n"
    },
    {
      "start": 29911,
      "stop": 30287,
      "text": "dh\n"
    },
    {
      "start": 30287,
      "stop": 31880,
      "text": "ah\n"
    },
    {
      "start": 31880,
      "stop": 34000,
      "text": "s\n"
    },
    {
      "start": 34000,
      "stop": 35350,
      "text": "f\n"
    },
    {
      "start": 35350,
      "stop": 38558,
      "text": "aa\n"
    },
    {
      "start": 38558,
      "stop": 40486,
      "text": "r\n"
    },
    {
      "start": 40486,
      "stop": 44040,
      "text": "pau\n"
    },
    {
      "start": 44040,
      "stop": 45000,
      "text": "ix\n"
    },
    {
      "start": 45000,
      "stop": 46290,
      "text": "z\n"
    },
    {
      "start": 46290,
      "stop": 47361,
      "text": "r\n"
    },
    {
      "start": 47361,
      "stop": 48120,
      "text": "ix\n"
    },
    {
      "start": 48120,
      "stop": 48866,
      "text": "l\n"
    },
    {
      "start": 48866,
      "stop": 50360,
      "text": "ey\n"
    },
    {
      "start": 50360,
      "stop": 50760,
      "text": "dx\n"
    },
    {
      "start": 50760,
      "stop": 52219,
      "text": "ih\n"
    },
    {
      "start": 52219,
      "stop": 53300,
      "text": "dcl\n"
    },
    {
      "start": 53300,
      "stop": 54477,
      "text": "t\n"
    },
    {
      "start": 54477,
      "stop": 54840,
      "text": "ix\n"
    },
    {
      "start": 54840,
      "stop": 56530,
      "text": "gcl\n"
    },
    {
      "start": 56530,
      "stop": 56930,
      "text": "g\n"
    },
    {
      "start": 56930,
      "stop": 58608,
      "text": "uh\n"
    },
    {
      "start": 58608,
      "stop": 59400,
      "text": "dcl\n"
    },
    {
      "start": 59400,
      "stop": 60920,
      "text": "m\n"
    },
    {
      "start": 60920,
      "stop": 62786,
      "text": "aa\n"
    },
    {
      "start": 62786,
      "stop": 63720,
      "text": "r\n"
    },
    {
      "start": 63720,
      "stop": 64550,
      "text": "kcl\n"
    },
    {
      "start": 64550,
      "stop": 64913,
      "text": "k\n"
    },
    {
      "start": 64913,
      "stop": 65297,
      "text": "ax-h\n"
    },
    {
      "start": 65297,
      "stop": 65772,
      "text": "dx\n"
    },
    {
      "start": 65772,
      "stop": 66912,
      "text": "iy\n"
    },
    {
      "start": 66912,
      "stop": 68402,
      "text": "ng\n"
    },
    {
      "start": 68402,
      "stop": 69310,
      "text": "pcl\n"
    },
    {
      "start": 69310,
      "stop": 70550,
      "text": "p\n"
    },
    {
      "start": 70550,
      "stop": 71446,
      "text": "l\n"
    },
    {
      "start": 71446,
      "stop": 73056,
      "text": "ae\n"
    },
    {
      "start": 73056,
      "stop": 73720,
      "text": "nx\n"
    },
    {
      "start": 73720,
      "stop": 75440,
      "text": "iy\n"
    },
    {
      "start": 75440,
      "stop": 76349,
      "text": "n\n"
    },
    {
      "start": 76349,
      "stop": 77920,
      "text": "h#\n"
    }
  ],
  "phonetic_codes": [
    "/eh1 v r iy/",
    "/s ih1 ng g el/",
    "/p r aa1 b l ax m/",
    "/t ah1 ch t/",
    "/ao1 n/",
    "/dh ah1 s/",
    "/f aa1 r/",
    "/ih1 z/",
    "/r ih l ey1 t ix d/",
    "/t uw1/",
    "/g uh1 d/",
    "/m aa1 r k ix t ix ng/"
  ],
  "race": "White",
  "recording_date": "03/12/86",
  "sentence": "Every single problem touched on thus far is related to good marketing planning.",
  "sentence_id": "SI841",
  "sentence_time": {
    "start": 0,
    "stop": 78029,
    "text": "Every single problem touched on thus far is related to good marketing planning.\n"
  },
  "sex": "F",
  "speaker_id": "PAB1",
  "speech": "SI841PAB1",
  "speech_dataset": "timit",
  "use": "System training speaker",
  "word_times": [
    {
      "start": 0,
      "stop": 2120,
      "text": "h#\n"
    },
    {
      "start": 2120,
      "stop": 2520,
      "text": "q\n"
    },
    {
      "start": 2520,
      "stop": 3843,
      "text": "eh\n"
    },
    {
      "start": 3843,
      "stop": 4680,
      "text": "v\n"
    },
    {
      "start": 4680,
      "stop": 5133,
      "text": "r\n"
    },
    {
      "start": 5133,
      "stop": 6070,
      "text": "ix\n"
    },
    {
      "start": 6070,
      "stop": 8189,
      "text": "s\n"
    },
    {
      "start": 8189,
      "stop": 9080,
      "text": "ix\n"
    },
    {
      "start": 9080,
      "stop": 9711,
      "text": "ng\n"
    },
    {
      "start": 9711,
      "stop": 10070,
      "text": "gcl\n"
    },
    {
      "start": 10070,
      "stop": 10340,
      "text": "g\n"
    },
    {
      "start": 10340,
      "stop": 11240,
      "text": "el\n"
    },
    {
      "start": 11240,
      "stop": 12450,
      "text": "pcl\n"
    },
    {
      "start": 12450,
      "stop": 13420,
      "text": "p\n"
    },
    {
      "start": 13420,
      "stop": 14453,
      "text": "r\n"
    },
    {
      "start": 14453,
      "stop": 16356,
      "text": "aa\n"
    },
    {
      "start": 16356,
      "stop": 16920,
      "text": "bcl\n"
    },
    {
      "start": 16920,
      "stop": 17120,
      "text": "b\n"
    },
    {
      "start": 17120,
      "stop": 17712,
      "text": "l\n"
    },
    {
      "start": 17712,
      "stop": 18422,
      "text": "ax\n"
    },
    {
      "start": 18422,
      "stop": 19160,
      "text": "m\n"
    },
    {
      "start": 19160,
      "stop": 20600,
      "text": "tcl\n"
    },
    {
      "start": 20600,
      "stop": 21820,
      "text": "t\n"
    },
    {
      "start": 21820,
      "stop": 23480,
      "text": "ah\n"
    },
    {
      "start": 23480,
      "stop": 23900,
      "text": "tcl\n"
    },
    {
      "start": 23900,
      "stop": 25560,
      "text": "ch\n"
    },
    {
      "start": 25560,
      "stop": 26090,
      "text": "tcl\n"
    },
    {
      "start": 26090,
      "stop": 26420,
      "text": "t\n"
    },
    {
      "start": 26420,
      "stop": 28680,
      "text": "aa\n"
    },
    {
      "start": 28680,
      "stop": 29911,
      "text": "n\n"
    },
    {
      "start": 29911,
      "stop": 30287,
      "text": "dh\n"
    },
    {
      "start": 30287,
      "stop": 31880,
      "text": "ah\n"
    },
    {
      "start": 31880,
      "stop": 34000,
      "text": "s\n"
    },
    {
      "start": 34000,
      "stop": 35350,
      "text": "f\n"
    },
    {
      "start": 35350,
      "stop": 38558,
      "text": "aa\n"
    },
    {
      "start": 38558,
      "stop": 40486,
      "text": "r\n"
    },
    {
      "start": 40486,
      "stop": 44040,
      "text": "pau\n"
    },
    {
      "start": 44040,
      "stop": 45000,
      "text": "ix\n"
    },
    {
      "start": 45000,
      "stop": 46290,
      "text": "z\n"
    },
    {
      "start": 46290,
      "stop": 47361,
      "text": "r\n"
    },
    {
      "start": 47361,
      "stop": 48120,
      "text": "ix\n"
    },
    {
      "start": 48120,
      "stop": 48866,
      "text": "l\n"
    },
    {
      "start": 48866,
      "stop": 50360,
      "text": "ey\n"
    },
    {
      "start": 50360,
      "stop": 50760,
      "text": "dx\n"
    },
    {
      "start": 50760,
      "stop": 52219,
      "text": "ih\n"
    },
    {
      "start": 52219,
      "stop": 53300,
      "text": "dcl\n"
    },
    {
      "start": 53300,
      "stop": 54477,
      "text": "t\n"
    },
    {
      "start": 54477,
      "stop": 54840,
      "text": "ix\n"
    },
    {
      "start": 54840,
      "stop": 56530,
      "text": "gcl\n"
    },
    {
      "start": 56530,
      "stop": 56930,
      "text": "g\n"
    },
    {
      "start": 56930,
      "stop": 58608,
      "text": "uh\n"
    },
    {
      "start": 58608,
      "stop": 59400,
      "text": "dcl\n"
    },
    {
      "start": 59400,
      "stop": 60920,
      "text": "m\n"
    },
    {
      "start": 60920,
      "stop": 62786,
      "text": "aa\n"
    },
    {
      "start": 62786,
      "stop": 63720,
      "text": "r\n"
    },
    {
      "start": 63720,
      "stop": 64550,
      "text": "kcl\n"
    },
    {
      "start": 64550,
      "stop": 64913,
      "text": "k\n"
    },
    {
      "start": 64913,
      "stop": 65297,
      "text": "ax-h\n"
    },
    {
      "start": 65297,
      "stop": 65772,
      "text": "dx\n"
    },
    {
      "start": 65772,
      "stop": 66912,
      "text": "iy\n"
    },
    {
      "start": 66912,
      "stop": 68402,
      "text": "ng\n"
    },
    {
      "start": 68402,
      "stop": 69310,
      "text": "pcl\n"
    },
    {
      "start": 69310,
      "stop": 70550,
      "text": "p\n"
    },
    {
      "start": 70550,
      "stop": 71446,
      "text": "l\n"
    },
    {
      "start": 71446,
      "stop": 73056,
      "text": "ae\n"
    },
    {
      "start": 73056,
      "stop": 73720,
      "text": "nx\n"
    },
    {
      "start": 73720,
      "stop": 75440,
      "text": "iy\n"
    },
    {
      "start": 75440,
      "stop": 76349,
      "text": "n\n"
    },
    {
      "start": 76349,
      "stop": 77920,
      "text": "h#\n"
    }
  ]
}