{
  "algo": "consensus",
  "birth_date": "08/06/47",
  "comments": "",
  "dialect": "Southern",
  "education": "Master's Degree (MS or MA)",
  "height": 1.7018,
  "noise_dataset": null,
  "phoneme_times": [
    {
      "start": 0,
      "stop": 2040,
      "text": "h#\n"
    },
    {
      "start": 2040,
      "stop": 3080,
      "text": "hh\n"
    },
    {
      "start": 3080,
      "stop": 4360,
      "text": "iy\n"
    },
    {
      "start": 4360,
      "stop": 4840,
      "text": "dcl\n"
    },
    {
      "start": 4840,
      "stop": 5720,
      "text": "d\n"
    },
    {
      "start": 5720,
      "stop": 7346,
      "text": "r\n"
    },
    {
      "start": 7346,
      "stop": 10600,
      "text": "ow\n"
    },
    {
      "start": 10600,
      "stop": 11240,
      "text": "v\n"
    },
    {
      "start": 11240,
      "stop": 12280,
      "text": "ix\n"
    },
    {
      "start": 12280,
      "stop": 13000,
      "text": "n\n"
    },
    {
      "start": 13000,
      "stop": 13326,
      "text": "dh\n"
    },
    {
      "start": 13326,
      "stop": 14537,
      "text": "axr\n"
    },
    {
      "start": 14537,
      "stop": 15498,
      "text": "r\n"
    },
    {
      "start": 15498,
      "stop": 17086,
      "text": "ow\n"
    },
    {
      "start": 17086,
      "stop": 17560,
      "text": "dcl\n"
    },
    {
      "start": 17560,
      "stop": 18866,
      "text": "w\n"
    },
    {
      "start": 18866,
      "stop": 21480,
      "text": "aa\n"
    },
    {
      "start": 21480,
      "stop": 21848,
      "text": "bcl\n"
    },
    {
      "start": 21848,
      "stop": 22014,
      "text": "b\n"
    },
    {
      "start": 22014,
      "stop": 23686,
      "text": "el\n"
    },
    {
      "start": 23686,
      "stop": 23959,
      "text": "dcl\n"
    },
    {
      "start": 23959,
      "stop": 24229,
      "text": "d\n"
    },
    {
      "start": 24229,
      "stop": 26485,
      "text": "f\n"
    },
    {
      "start": 26485,
      "stop": 27864,
      "text": "em\n"
    },
    {
      "start": 27864,
      "stop": 28783,
      "text": "ih\n"
    },
    {
      "start": 28783,
      "stop": 29660,
      "text": "y\n"
    },
    {
      "start": 29660,
      "stop": 30840,
      "text": "axr\n"
    },
    {
      "start": 30840,
      "stop": 32920,
      "text": "s\n"
    },
    {
      "start": 32920,
      "stop": 34715,
      "text": "iy\n"
    },
    {
      "start": 34715,
      "stop": 36200,
      "text": "n\n"
    },
    {
      "start": 36200,
      "stop": 37013,
      "text": "z\n"
    },
    {
      "start": 37013,
      "stop": 37681,
      "text": "kcl\n"
    },
    {
      "start": 37681,
      "stop": 38558,
      "text": "k\n"
    },
    {
      "start": 38558,
      "stop": 39018,
      "text": "r\n"
    },
    {
      "start": 39018,
      "stop": 39880,
      "text": "eh\n"
    },
    {
      "start": 39880,
      "stop": 41320,
      "text": "pcl\n"
    },
    {
      "start": 41320,
      "stop": 41775,
      "text": "p\n"
    },
    {
      "start": 41775,
      "stop": 44280,
      "text": "ae\n"
    },
    {
      "start": 44280,
      "stop": 45600,
      "text": "s\n"
    },
    {
      "start": 45600,
      "stop": 46010,
      "text": "tcl\n"
    },
    {
      "start": 46010,
      "stop": 46819,
      "text": "ax\n"
    },
    {
      "start": 46819,
      "stop": 47905,
      "text": "n\n"
    },
    {
      "start": 47905,
      "stop": 48699,
      "text": "iy\n"
    },
    {
      "start": 48699,
      "stop": 49200,
      "text": "dh\n"
    },
    {
      "start": 49200,
      "stop": 50120,
      "text": "axr\n"
    },
    {
      "start": 50120,
      "stop": 52124,
      "text": "s\n"
    },
    {
      "start": 52124,
      "stop": 55550,
      "text": "ay\n"
    },
    {
      "start": 55550,
      "stop": 57020,
      "text": "dcl\n"
    },
    {
      "start": 57020,
      "stop": 58640,
      "text": "h#\n"
    }
  ],
  "phonetic_codes": [
    "/hh iy1/",
    "/ae n d/",
    "/dh ax/",
    "/r ow1 d/",
    "/f ax m ih1 l y axr/",
    "/s iy1 n z/",
    "/k r eh1 p t/",
    "/p ae1 s t/",
    "/ao1 n/",
    "/iy1 dh axr/"
  ],
  "race": "White",
  "recording_date": "01/31/86",
  "sentence": "He drove, and the road wobbled, familiar scenes crept past on either side.",
  "sentence_id": "SI1722",
  "sentence_time": {
    "start": 0,
    "stop": 58676,
    "text": "He drove, and the road wobbled, familiar scenes crept past on either side.\n"
  },
  "sex": "M",
  "speaker_id": "CRC0",
  "speech": "SI1722CRC0",
  "speech_dataset": "timit",
  "use": "System test speaker",
  "word_times": [
    {
      "start": 0,
      "stop": 2040,
      "text": "h#\n"
    },
    {
      "start": 2040,
      "stop": 3080,
      "text": "hh\n"
    },
    {
      "start": 3080,
      "stop": 4360,
      "text": "iy\n"
    },
    {
      "start": 4360,
      "stop": 4840,
      "text": "dcl\n"
    },
    {
      "start": 4840,
      "stop": 5720,
      "text": "d\n"
    },
    {
      "start": 5720,
      "stop": 7346,
      "text": "r\n"
    },
    {
      "start": 7346,
      "stop": 10600,
      "text": "ow\n"
    },
    {
      "start": 10600,
      "stop": 11240,
      "text": "v\n"
    },
    {
      "start": 11240,
      "stop": 12280,
      "text": "ix\n"
    },
    {
      "start": 12280,
      "stop": 13000,
      "text": "n\n"
    },
    {
      "start": 13000,
      "stop": 13326,
      "text": "dh\n"
    },
    {
      "start": 13326,
      "stop": 14537,
      "text": "axr\n"
    },
    {
      "start": 14537,
      "stop": 15498,
      "text": "r\n"
    },
    {
      "start": 15498,
      "stop": 17086,
      "text": "ow\n"
    },
    {
      "start": 17086,
      "stop": 17560,
      "text": "dcl\n"
    },
    {
      "start": 17560,
      "stop": 18866,
      "text": "w\n"
    },
    {
      "start": 18866,
      "stop": 21480,
      "text": "aa\n"
    },
    {
      "start": 21480,
      "stop": 21848,
      "text": "bcl\n"
    },
    {
      "start": 21848,
      "stop": 22014,
      "text": "b\n"
    },
    {
      "start": 22014,
      "stop": 23686,
      "text": "el\n"
    },
    {
      "start": 23686,
      "stop": 23959,
      "text": "dcl\n"
    },
    {
      "start": 23959,
      "stop": 24229,
      "text": "d\n"
    },
    {
      "start": 24229,
      "stop": 26485,
      "text": "f\n"
    },
    {
      "start": 26485,
      "stop": 27864,
      "text": "em\n"
    },
    {
      "start": 27864,
      "stop": 28783,
      "text": "ih\n"
    },
    {
      "start": 28783,
      "stop": 29660,
      "text": "y\n"
    },
    {
      "start": 29660,
      "stop": 30840,
      "text": "axr\n"
    },
    {
      "start": 30840,
      "stop": 32920,
      "text": "s\n"
    },
    {
      "start": 32920,
      "stop": 34715,
      "text": "iy\n"
    },
    {
      "start": 34715,
      "stop": 36200,
      "text": "n\n"
    },
    {
      "start": 36200,
      "stop": 37013,
      "text": "z\n"
    },
    {
      "start": 37013,
      "stop": 37681,
      "text": "kcl\n"
    },
    {
      "start": 37681,
      "stop": 38558,
      "text": "k\n"
    },
    {
      "start": 38558,
      "stop": 39018,
      "text": "r\n"
    },
    {
      "start": 39018,
      "stop": 39880,
      "text": "eh\n"
    },
    {
      "start": 39880,
      "stop": 41320,
      "text": "pcl\n"
    },
    {
      "start": 41320,
      "stop": 41775,
      "text": "p\n"
    },
    {
      "start": 41775,
      "stop": 44280,
      "text": "ae\n"
    },
    {
      "start": 44280,
      "stop": 45600,
      "text": "s\n"
    },
    {
      "start": 45600,
      "stop": 46010,
      "text": "tcl\n"
    },
    {
      "start": 46010,
      "stop": 46819,
      "text": "ax\n"
    },
    {
      "start": 46819,
      "stop": 47905,
      "text": "n\n"
    },
    {
      "start": 47905,
      "stop": 48699,
      "text": "iy\n"
    },
    {
      "start": 48699,
      "stop": 49200,
      "text": "dh\n"
    },
    {
      "start": 49200,
      "stop": 50120,
      "text": "axr\n"
    },
    {
      "start": 50120,
      "stop": 52124,
      "text": "s\n"
    },
    {
      "start": 52124,
      "stop": 55550,
      "text": "ay\n"
    },
    {
      "start": 55550,
      "stop": 57020,
      "text": "dcl\n"
    },
    {
      "start": 57020,
      "stop": 58640,
      "text": "h#\n"
    }
  ]
}