{
  "algo": "consensus",
  "birth_date": "11/28/61",
  "comments": "",
  "dialect": "Western",
  "education": "Bachelor's Degree (BS or BA)",
  "height": 1.778,
  "noise_dataset": null,
  "phoneme_times": [
    {
      "start": 0,
      "stop": 1960,
      "text": "h#\n"
    },
    {
      "start": 1960,
      "stop": 2280,
      "text": "d\n"
    },
    {
      "start": 2280,
      "stop": 4302,
      "text": "ow\n"
    },
    {
      "start": 4302,
      "stop": 4762,
      "text": "nx\n"
    },
    {
      "start": 4762,
      "stop": 7160,
      "text": "ae\n"
    },
    {
      "start": 7160,
      "stop": 9000,
      "text": "s\n"
    },
    {
      "start": 9000,
      "stop": 9560,
      "text": "epi\n"
    },
    {
      "start": 9560,
      "stop": 10440,
      "text": "m\n"
    },
    {
      "start": 10440,
      "stop": 12600,
      "text": "iy\n"
    },
    {
      "start": 12600,
      "stop": 13080,
      "text": "dx\n"
    },
    {
      "start": 13080,
      "stop": 13800,
      "text": "ix\n"
    },
    {
      "start": 13800,
      "stop": 14920,
      "text": "kcl\n"
    },
    {
      "start": 14920,
      "stop": 16600,
      "text": "k\n"
    },
    {
      "start": 16600,
      "stop": 17754,
      "text": "eh\n"
    },
    {
      "start": 17754,
      "stop": 19049,
      "text": "r\n"
    },
    {
      "start": 19049,
      "stop": 20344,
      "text": "iy\n"
    },
    {
      "start": 20344,
      "stop": 20929,
      "text": "ix\n"
    },
    {
      "start": 20929,
      "stop": 21765,
      "text": "n\n"
    },
    {
      "start": 21765,
      "stop": 22809,
      "text": "q\n"
    },
    {
      "start": 22809,
      "stop": 25942,
      "text": "oy\n"
    },
    {
      "start": 25942,
      "stop": 26861,
      "text": "l\n"
    },
    {
      "start": 26861,
      "stop": 28240,
      "text": "iy\n"
    },
    {
      "start": 28240,
      "stop": 29785,
      "text": "r\n"
    },
    {
      "start": 29785,
      "stop": 32759,
      "text": "ae\n"
    },
    {
      "start": 32759,
      "stop": 33400,
      "text": "gcl\n"
    },
    {
      "start": 33400,
      "stop": 33800,
      "text": "g\n"
    },
    {
      "start": 33800,
      "stop": 34520,
      "text": "l\n"
    },
    {
      "start": 34520,
      "stop": 35960,
      "text": "ay\n"
    },
    {
      "start": 35960,
      "stop": 36782,
      "text": "kcl\n"
    },
    {
      "start": 36782,
      "stop": 38280,
      "text": "dh\n"
    },
    {
      "start": 38280,
      "stop": 41400,
      "text": "ae\n"
    },
    {
      "start": 41400,
      "stop": 43158,
      "text": "tcl\n"
    },
    {
      "start": 43158,
      "stop": 44578,
      "text": "hh\n"
    },
    {
      "start": 44578,
      "stop": 50720,
      "text": "h#\n"
    }
  ],
  "phonetic_codes": [
    "/d ow1 n t/",
    "/ae1 s k/",
    "/m iy1/",
    "/t uw1/",
    "/k ae1 r iy/",
    "/ae n/",
    "/oy1 l iy/",
    "/r ae1 g/",
    "/l ay1 k/"
  ],
  "race": "White",
  "recording_date": "01/31/86",
  "sentence": "Don't ask me to carry an oily rag like that.",
  "sentence_id": "SA2",
  "sentence_time": {
    "start": 0,
    "stop": 50791,
    "text": "Don't ask me to carry an oily rag like that.\n"
  },
  "sex": "M",
  "speaker_id": "GAR0",
  "speech": "SA2GAR0",
  "speech_dataset": "timit",
  "use": "System training speaker",
  "word_times": [
    {
      "start": 0,
      "stop": 1960,
      "text": "h#\n"
    },
    {
      "start": 1960,
      "stop": 2280,
      "text": "d\n"
    },
    {
      "start": 2280,
      "stop": 4302,
      "text": "ow\n"
    },
    {
      "start": 4302,
      "stop": 4762,
      "text": "nx\n"
    },
    {
      "start": 4762,
      "stop": 7160,
      "text": "ae\n"
    },
    {
      "start": 7160,
      "stop": 9000,
      "text": "s\n"
    },
    {
      "start": 9000,
      "stop": 9560,
      "text": "epi\n"
    },
    {
      "start": 9560,
      "stop": 10440,
      "text": "m\n"
    },
    {
      "start": 10440,
      "stop": 12600,
      "text": "iy\n"
    },
    {
      "start": 12600,
      "stop": 13080,
      "text": "dx\n"
    },
    {
      "start": 13080,
      "stop": 13800,
      "text": "ix\n"
    },
    {
      "start": 13800,
      "stop": 14920,
      "text": "kcl\n"
    },
    {
      "start": 14920,
      "stop": 16600,
      "text": "k\n"
    },
    {
      "start": 16600,
      "stop": 17754,
      "text": "eh\n"
    },
    {
      "start": 17754,
      "stop": 19049,
      "text": "r\n"
    },
    {
      "start": 19049,
      "stop": 20344,
      "text": "iy\n"
    },
    {
      "start": 20344,
      "stop": 20929,
      "text": "ix\n"
    },
    {
      "start": 20929,
      "stop": 21765,
      "text": "n\n"
    },
    {
      "start": 21765,
      "stop": 22809,
      "text": "q\n"
    },
    {
      "start": 22809,
      "stop": 25942,
      "text": "oy\n"
    },
    {
      "start": 25942,
      "stop": 26861,
      "text": "l\n"
    },
    {
      "start": 26861,
      "stop": 28240,
      "text": "iy\n"
    },
    {
      "start": 28240,
      "stop": 29785,
      "text": "r\n"
    },
    {
      "start": 29785,
      "stop": 32759,
      "text": "ae\n"
    },
    {
      "start": 32759,
      "stop": 33400,
      "text": "gcl\n"
    },
    {
      "start": 33400,
      "stop": 33800,
      "text": "g\n"
    },
    {
      "start": 33800,
      "stop": 34520,
      "text": "l\n"
    },
    {
      "start": 34520,
      "stop": 35960,
      "text": "ay\n"
    },
    {
      "start": 35960,
      "stop": 36782,
      "text": "kcl\n"
    },
    {
      "start": 36782,
      "stop": 38280,
      "text": "dh\n"
    },
    {
      "start": 38280,
      "stop": 41400,
      "text": "ae\n"
    },
    {
      "start": 41400,
      "stop": 43158,
      "text": "tcl\n"
    },
    {
      "start": 43158,
      "stop": 44578,
      "text": "hh\n"
    },
    {
      "start": 44578,
      "stop": 50720,
      "text": "h#\n"
    }
  ]
}