{
  "algo": "consensus",
  "birth_date": "09/09/55",
  "comments": "ALSO RECORDED WITH COLD AS AN X \n",
  "dialect": "Southern",
  "education": "Bachelor's Degree (BS or BA)",
  "height": 1.7272,
  "noise_dataset": null,
  "phoneme_times": [
    {
      "start": 0,
      "stop": 3040,
      "text": "h#\n"
    },
    {
      "start": 3040,
      "stop": 4066,
      "text": "l\n"
    },
    {
      "start": 4066,
      "stop": 6120,
      "text": "ay\n"
    },
    {
      "start": 6120,
      "stop": 6600,
      "text": "dx\n"
    },
    {
      "start": 6600,
      "stop": 8040,
      "text": "ih\n"
    },
    {
      "start": 8040,
      "stop": 9248,
      "text": "dcl\n"
    },
    {
      "start": 9248,
      "stop": 10080,
      "text": "w\n"
    },
    {
      "start": 10080,
      "stop": 11200,
      "text": "ih\n"
    },
    {
      "start": 11200,
      "stop": 12062,
      "text": "n\n"
    },
    {
      "start": 12062,
      "stop": 12620,
      "text": "dcl\n"
    },
    {
      "start": 12620,
      "stop": 12780,
      "text": "d\n"
    },
    {
      "start": 12780,
      "stop": 15160,
      "text": "ow\n"
    },
    {
      "start": 15160,
      "stop": 16446,
      "text": "z\n"
    },
    {
      "start": 16446,
      "stop": 17510,
      "text": "gcl\n"
    },
    {
      "start": 17510,
      "stop": 17940,
      "text": "g\n"
    },
    {
      "start": 17940,
      "stop": 18590,
      "text": "l\n"
    },
    {
      "start": 18590,
      "stop": 21000,
      "text": "ow\n"
    },
    {
      "start": 21000,
      "stop": 22510,
      "text": "dcl\n"
    },
    {
      "start": 22510,
      "stop": 23514,
      "text": "jh\n"
    },
    {
      "start": 23514,
      "stop": 24939,
      "text": "ux\n"
    },
    {
      "start": 24939,
      "stop": 26040,
      "text": "l\n"
    },
    {
      "start": 26040,
      "stop": 27660,
      "text": "bcl\n"
    },
    {
      "start": 27660,
      "stop": 28000,
      "text": "b\n"
    },
    {
      "start": 28000,
      "stop": 29117,
      "text": "r\n"
    },
    {
      "start": 29117,
      "stop": 31800,
      "text": "ay\n"
    },
    {
      "start": 31800,
      "stop": 33720,
      "text": "tcl\n"
    },
    {
      "start": 33720,
      "stop": 34381,
      "text": "th\n"
    },
    {
      "start": 34381,
      "stop": 34966,
      "text": "r\n"
    },
    {
      "start": 34966,
      "stop": 36280,
      "text": "ux\n"
    },
    {
      "start": 36280,
      "stop": 37760,
      "text": "dh\n"
    },
    {
      "start": 37760,
      "stop": 38520,
      "text": "ix\n"
    },
    {
      "start": 38520,
      "stop": 39040,
      "text": "dcl\n"
    },
    {
      "start": 39040,
      "stop": 39250,
      "text": "d\n"
    },
    {
      "start": 39250,
      "stop": 42316,
      "text": "aw\n"
    },
    {
      "start": 42316,
      "stop": 43130,
      "text": "n\n"
    },
    {
      "start": 43130,
      "stop": 44176,
      "text": "pcl\n"
    },
    {
      "start": 44176,
      "stop": 45029,
      "text": "p\n"
    },
    {
      "start": 45029,
      "stop": 48160,
      "text": "ao\n"
    },
    {
      "start": 48160,
      "stop": 49408,
      "text": "r\n"
    },
    {
      "start": 49408,
      "stop": 50076,
      "text": "h#\n"
    }
  ],
  "phonetic_codes": [
    "/l ay1 t ix d/",
    "/w ih1 n d ow z/",
    "/g l ow1 d/",
    "/jh uw1 el b r ay2 t/",
    "/th r uw1/",
    "/dh ax/"
  ],
  "race": "White",
  "recording_date": "03/07/86",
  "sentence": "Lighted windows glowed jewel-bright through the downpour.",
  "sentence_id": "SI1938",
  "sentence_time": {
    "start": 0,
    "stop": 51815,
    "text": "Lighted windows glowed jewel-bright through the downpour.\n"
  },
  "sex": "F",
  "speaker_id": "NLP0",
  "speech": "SI1938NLP0",
  "speech_dataset": "timit",
  "use": "System test speaker",
  "word_times": [
    {
      "start": 0,
      "stop": 3040,
      "text": "h#\n"
    },
    {
      "start": 3040,
      "stop": 4066,
      "text": "l\n"
    },
    {
      "start": 4066,
      "stop": 6120,
      "text": "ay\n"
    },
    {
      "start": 6120,
      "stop": 6600,
      "text": "dx\n"
    },
    {
      "start": 6600,
      "stop": 8040,
      "text": "ih\n"
    },
    {
      "start": 8040,
      "stop": 9248,
      "text": "dcl\n"
    },
    {
      "start": 9248,
      "stop": 10080,
      "text": "w\n"
    },
    {
      "start": 10080,
      "stop": 11200,
      "text": "ih\n"
    },
    {
      "start": 11200,
      "stop": 12062,
      "text": "n\n"
    },
    {
      "start": 12062,
      "stop": 12620,
      "text": "dcl\n"
    },
    {
      "start": 12620,
      "stop": 12780,
      "text": "d\n"
    },
    {
      "start": 12780,
      "stop": 15160,
      "text": "ow\n"
    },
    {
      "start": 15160,
      "stop": 16446,
      "text": "z\n"
    },
    {
      "start": 16446,
      "stop": 17510,
      "text": "gcl\n"
    },
    {
      "start": 17510,
      "stop": 17940,
      "text": "g\n"
    },
    {
      "start": 17940,
      "stop": 18590,
      "text": "l\n"
    },
    {
      "start": 18590,
      "stop": 21000,
      "text": "ow\n"
    },
    {
      "start": 21000,
      "stop": 22510,
      "text": "dcl\n"
    },
    {
      "start": 22510,
      "stop": 23514,
      "text": "jh\n"
    },
    {
      "start": 23514,
      "stop": 24939,
      "text": "ux\n"
    },
    {
      "start": 24939,
      "stop": 26040,
      "text": "l\n"
    },
    {
      "start": 26040,
      "stop": 27660,
      "text": "bcl\n"
    },
    {
      "start": 27660,
      "stop": 28000,
      "text": "b\n"
    },
    {
      "start": 28000,
      "stop": 29117,
      "text": "r\n"
    },
    {
      "start": 29117,
      "stop": 31800,
      "text": "ay\n"
    },
    {
      "start": 31800,
      "stop": 33720,
      "text": "tcl\n"
    },
    {
      "start": 33720,
      "stop": 34381,
      "text": "th\n"
    },
    {
      "start": 34381,
      "stop": 34966,
      "text": "r\n"
    },
    {
      "start": 34966,
      "stop": 36280,
      "text": "ux\n"
    },
    {
      "start": 36280,
      "stop": 37760,
      "text": "dh\n"
    },
    {
      "start": 37760,
      "stop": 38520,
      "text": "ix\n"
    },
    {
      "start": 38520,
      "stop": 39040,
      "text": "dcl\n"
    },
    {
      "start": 39040,
      "stop": 39250,
      "text": "d\n"
    },
    {
      "start": 39250,
      "stop": 42316,
      "text": "aw\n"
    },
    {
      "start": 42316,
      "stop": 43130,
      "text": "n\n"
    },
    {
      "start": 43130,
      "stop": 44176,
      "text": "pcl\n"
    },
    {
      "start": 44176,
      "stop": 45029,
      "text": "p\n"
    },
    {
      "start": 45029,
      "stop": 48160,
      "text": "ao\n"
    },
    {
      "start": 48160,
      "stop": 49408,
      "text": "r\n"
    },
    {
      "start": 49408,
      "stop": 50076,
      "text": "h#\n"
    }
  ]
}