{
  "algo": "consensus",
  "birth_date": "11/06/51",
  "comments": "",
  "dialect": "New England",
  "education": "Master's Degree (MS or MA)",
  "height": 1.6764000000000001,
  "noise_dataset": null,
  "phoneme_times": [
    {
      "start": 0,
      "stop": 2280,
      "text": "h#\n"
    },
    {
      "start": 2280,
      "stop": 2403,
      "text": "m\n"
    },
    {
      "start": 2403,
      "stop": 4120,
      "text": "ay\n"
    },
    {
      "start": 4120,
      "stop": 5996,
      "text": "f\n"
    },
    {
      "start": 5996,
      "stop": 9400,
      "text": "aa\n"
    },
    {
      "start": 9400,
      "stop": 9960,
      "text": "dh\n"
    },
    {
      "start": 9960,
      "stop": 11362,
      "text": "axr\n"
    },
    {
      "start": 11362,
      "stop": 13117,
      "text": "r\n"
    },
    {
      "start": 13117,
      "stop": 15703,
      "text": "ae\n"
    },
    {
      "start": 15703,
      "stop": 16348,
      "text": "n\n"
    },
    {
      "start": 16348,
      "stop": 17253,
      "text": "hv\n"
    },
    {
      "start": 17253,
      "stop": 18436,
      "text": "ix\n"
    },
    {
      "start": 18436,
      "stop": 19240,
      "text": "m\n"
    },
    {
      "start": 19240,
      "stop": 20024,
      "text": "q\n"
    },
    {
      "start": 20024,
      "stop": 23160,
      "text": "ao\n"
    },
    {
      "start": 23160,
      "stop": 24104,
      "text": "f\n"
    },
    {
      "start": 24104,
      "stop": 25320,
      "text": "hh\n"
    },
    {
      "start": 25320,
      "stop": 26443,
      "text": "ih\n"
    },
    {
      "start": 26443,
      "stop": 27560,
      "text": "axr\n"
    },
    {
      "start": 27560,
      "stop": 30280,
      "text": "s\n"
    },
    {
      "start": 30280,
      "stop": 31172,
      "text": "ih\n"
    },
    {
      "start": 31172,
      "stop": 32041,
      "text": "kcl\n"
    },
    {
      "start": 32041,
      "stop": 32344,
      "text": "k\n"
    },
    {
      "start": 32344,
      "stop": 34005,
      "text": "s\n"
    },
    {
      "start": 34005,
      "stop": 34631,
      "text": "y\n"
    },
    {
      "start": 34631,
      "stop": 36219,
      "text": "ih\n"
    },
    {
      "start": 36219,
      "stop": 37960,
      "text": "axr\n"
    },
    {
      "start": 37960,
      "stop": 39480,
      "text": "z\n"
    },
    {
      "start": 39480,
      "stop": 40120,
      "text": "ix\n"
    },
    {
      "start": 40120,
      "stop": 40981,
      "text": "gcl\n"
    },
    {
      "start": 40981,
      "stop": 41566,
      "text": "g\n"
    },
    {
      "start": 41566,
      "stop": 45080,
      "text": "ow\n"
    },
    {
      "start": 45080,
      "stop": 47040,
      "text": "h#\n"
    }
  ],
  "phonetic_codes": [
    "/m ay1/",
    "/f aa1 dh axr/",
    "/r ae1 n/",
    "/hh ih1 m/",
    "/ao1 f/",
    "/hh ih1 r/",
    "/s ih1 k s/",
    "/y ih1 r z/"
  ],
  "race": "White",
  "recording_date": "02/11/86",
  "sentence": "My father ran him off here six years ago.",
  "sentence_id": "SI1894",
  "sentence_time": {
    "start": 0,
    "stop": 47104,
    "text": "My father ran him off here six years ago.\n"
  },
  "sex": "F",
  "speaker_id": "JEM0",
  "speech": "SI1894JEM0",
  "speech_dataset": "timit",
  "use": "System test speaker",
  "word_times": [
    {
      "start": 0,
      "stop": 2280,
      "text": "h#\n"
    },
    {
      "start": 2280,
      "stop": 2403,
      "text": "m\n"
    },
    {
      "start": 2403,
      "stop": 4120,
      "text": "ay\n"
    },
    {
      "start": 4120,
      "stop": 5996,
      "text": "f\n"
    },
    {
      "start": 5996,
      "stop": 9400,
      "text": "aa\n"
    },
    {
      "start": 9400,
      "stop": 9960,
      "text": "dh\n"
    },
    {
      "start": 9960,
      "stop": 11362,
      "text": "axr\n"
    },
    {
      "start": 11362,
      "stop": 13117,
      "text": "r\n"
    },
    {
      "start": 13117,
      "stop": 15703,
      "text": "ae\n"
    },
    {
      "start": 15703,
      "stop": 16348,
      "text": "n\n"
    },
    {
      "start": 16348,
      "stop": 17253,
      "text": "hv\n"
    },
    {
      "start": 17253,
      "stop": 18436,
      "text": "ix\n"
    },
    {
      "start": 18436,
      "stop": 19240,
      "text": "m\n"
    },
    {
      "start": 19240,
      "stop": 20024,
      "text": "q\n"
    },
    {
      "start": 20024,
      "stop": 23160,
      "text": "ao\n"
    },
    {
      "start": 23160,
      "stop": 24104,
      "text": "f\n"
    },
    {
      "start": 24104,
      "stop": 25320,
      "text": "hh\n"
    },
    {
      "start": 25320,
      "stop": 26443,
      "text": "ih\n"
    },
    {
      "start": 26443,
      "stop": 27560,
      "text": "axr\n"
    },
    {
      "start": 27560,
      "stop": 30280,
      "text": "s\n"
    },
    {
      "start": 30280,
      "stop": 31172,
      "text": "ih\n"
    },
    {
      "start": 31172,
      "stop": 32041,
      "text": "kcl\n"
    },
    {
      "start": 32041,
      "stop": 32344,
      "text": "k\n"
    },
    {
      "start": 32344,
      "stop": 34005,
      "text": "s\n"
    },
    {
      "start": 34005,
      "stop": 34631,
      "text": "y\n"
    },
    {
      "start": 34631,
      "stop": 36219,
      "text": "ih\n"
    },
    {
      "start": 36219,
      "stop": 37960,
      "text": "axr\n"
    },
    {
      "start": 37960,
      "stop": 39480,
      "text": "z\n"
    },
    {
      "start": 39480,
      "stop": 40120,
      "text": "ix\n"
    },
    {
      "start": 40120,
      "stop": 40981,
      "text": "gcl\n"
    },
    {
      "start": 40981,
      "stop": 41566,
      "text": "g\n"
    },
    {
      "start": 41566,
      "stop": 45080,
      "text": "ow\n"
    },
    {
      "start": 45080,
      "stop": 47040,
      "text": "h#\n"
    }
  ]
}