{
  "algo": "consensus",
  "birth_date": "09/02/59",
  "comments": "",
  "dialect": "New England",
  "education": "Master's Degree (MS or MA)",
  "height": 1.7526,
  "noise_dataset": null,
  "phoneme_times": [
    {
      "start": 0,
      "stop": 2120,
      "text": "h#\n"
    },
    {
      "start": 2120,
      "stop": 2546,
      "text": "w\n"
    },
    {
      "start": 2546,
      "stop": 3400,
      "text": "iy\n"
    },
    {
      "start": 3400,
      "stop": 3960,
      "text": "w\n"
    },
    {
      "start": 3960,
      "stop": 4520,
      "text": "ix\n"
    },
    {
      "start": 4520,
      "stop": 5080,
      "text": "dcl\n"
    },
    {
      "start": 5080,
      "stop": 5430,
      "text": "d\n"
    },
    {
      "start": 5430,
      "stop": 6182,
      "text": "l\n"
    },
    {
      "start": 6182,
      "stop": 8200,
      "text": "ux\n"
    },
    {
      "start": 8200,
      "stop": 9160,
      "text": "z\n"
    },
    {
      "start": 9160,
      "stop": 10652,
      "text": "aa\n"
    },
    {
      "start": 10652,
      "stop": 11404,
      "text": "r\n"
    },
    {
      "start": 11404,
      "stop": 12490,
      "text": "eh\n"
    },
    {
      "start": 12490,
      "stop": 13075,
      "text": "kcl\n"
    },
    {
      "start": 13075,
      "stop": 13409,
      "text": "k\n"
    },
    {
      "start": 13409,
      "stop": 14287,
      "text": "s\n"
    },
    {
      "start": 14287,
      "stop": 15400,
      "text": "pcl\n"
    },
    {
      "start": 15400,
      "stop": 15676,
      "text": "p\n"
    },
    {
      "start": 15676,
      "stop": 17226,
      "text": "ao\n"
    },
    {
      "start": 17226,
      "stop": 17960,
      "text": "r\n"
    },
    {
      "start": 17960,
      "stop": 18729,
      "text": "tcl\n"
    },
    {
      "start": 18729,
      "stop": 19393,
      "text": "m\n"
    },
    {
      "start": 19393,
      "stop": 20637,
      "text": "aa\n"
    },
    {
      "start": 20637,
      "stop": 21480,
      "text": "r\n"
    },
    {
      "start": 21480,
      "stop": 22120,
      "text": "kcl\n"
    },
    {
      "start": 22120,
      "stop": 22684,
      "text": "k\n"
    },
    {
      "start": 22684,
      "stop": 23480,
      "text": "ix\n"
    },
    {
      "start": 23480,
      "stop": 24280,
      "text": "tcl\n"
    },
    {
      "start": 24280,
      "stop": 24689,
      "text": "t\n"
    },
    {
      "start": 24689,
      "stop": 25566,
      "text": "s\n"
    },
    {
      "start": 25566,
      "stop": 26276,
      "text": "ix\n"
    },
    {
      "start": 26276,
      "stop": 27237,
      "text": "n\n"
    },
    {
      "start": 27237,
      "stop": 27880,
      "text": "dcl\n"
    },
    {
      "start": 27880,
      "stop": 28240,
      "text": "d\n"
    },
    {
      "start": 28240,
      "stop": 29206,
      "text": "ax-h\n"
    },
    {
      "start": 29206,
      "stop": 29827,
      "text": "n\n"
    },
    {
      "start": 29827,
      "stop": 32334,
      "text": "ay\n"
    },
    {
      "start": 32334,
      "stop": 33211,
      "text": "aa\n"
    },
    {
      "start": 33211,
      "stop": 34360,
      "text": "r\n"
    },
    {
      "start": 34360,
      "stop": 36200,
      "text": "s\n"
    },
    {
      "start": 36200,
      "stop": 37906,
      "text": "eh\n"
    },
    {
      "start": 37906,
      "stop": 38760,
      "text": "l\n"
    },
    {
      "start": 38760,
      "stop": 39960,
      "text": "z\n"
    },
    {
      "start": 39960,
      "stop": 40898,
      "text": "iy\n"
    },
    {
      "start": 40898,
      "stop": 41565,
      "text": "ih\n"
    },
    {
      "start": 41565,
      "stop": 42071,
      "text": "m\n"
    },
    {
      "start": 42071,
      "stop": 42760,
      "text": "pcl\n"
    },
    {
      "start": 42760,
      "stop": 43522,
      "text": "p\n"
    },
    {
      "start": 43522,
      "stop": 45193,
      "text": "ao\n"
    },
    {
      "start": 45193,
      "stop": 45560,
      "text": "tcl\n"
    },
    {
      "start": 45560,
      "stop": 45840,
      "text": "t\n"
    },
    {
      "start": 45840,
      "stop": 46697,
      "text": "s\n"
    },
    {
      "start": 46697,
      "stop": 47407,
      "text": "epi\n"
    },
    {
      "start": 47407,
      "stop": 47986,
      "text": "w\n"
    },
    {
      "start": 47986,
      "stop": 48520,
      "text": "iy\n"
    },
    {
      "start": 48520,
      "stop": 49287,
      "text": "n\n"
    },
    {
      "start": 49287,
      "stop": 51560,
      "text": "iy\n"
    },
    {
      "start": 51560,
      "stop": 53340,
      "text": "dcl\n"
    },
    {
      "start": 53340,
      "stop": 55120,
      "text": "h#\n"
    }
  ],
  "phonetic_codes": [
    "/w iy1/",
    "/w uh1 d/",
    "/l uw1 z/",
    "/aw1 r/",
    "/eh1 k s p ao r t/",
    "/m aa1 r k ix t s/",
    "/ae n d/",
    "/d ax n ay1/",
    "/aw r s eh1 l v z/",
    "/dh ax/",
    "/ih1 m p ao r t s/",
    "/w iy1/"
  ],
  "race": "White",
  "recording_date": "02/05/86",
  "sentence": "We would lose our export markets and deny ourselves the imports we need.",
  "sentence_id": "SI605",
  "sentence_time": {
    "start": 0,
    "stop": 55194,
    "text": "We would lose our export markets and deny ourselves the imports we need.\n"
  },
  "sex": "M",
  "speaker_id": "TPF0",
  "speech": "SI605TPF0",
  "speech_dataset": "timit",
  "use": "System training speaker",
  "word_times": [
    {
      "start": 0,
      "stop": 2120,
      "text": "h#\n"
    },
    {
      "start": 2120,
      "stop": 2546,
      "text": "w\n"
    },
    {
      "start": 2546,
      "stop": 3400,
      "text": "iy\n"
    },
    {
      "start": 3400,
      "stop": 3960,
      "text": "w\n"
    },
    {
      "start": 3960,
      "stop": 4520,
      "text": "ix\n"
    },
    {
      "start": 4520,
      "stop": 5080,
      "text": "dcl\n"
    },
    {
      "start": 5080,
      "stop": 5430,
      "text": "d\n"
    },
    {
      "start": 5430,
      "stop": 6182,
      "text": "l\n"
    },
    {
      "start": 6182,
      "stop": 8200,
      "text": "ux\n"
    },
    {
      "start": 8200,
      "stop": 9160,
      "text": "z\n"
    },
    {
      "start": 9160,
      "stop": 10652,
      "text": "aa\n"
    },
    {
      "start": 10652,
      "stop": 11404,
      "text": "r\n"
    },
    {
      "start": 11404,
      "stop": 12490,
      "text": "eh\n"
    },
    {
      "start": 12490,
      "stop": 13075,
      "text": "kcl\n"
    },
    {
      "start": 13075,
      "stop": 13409,
      "text": "k\n"
    },
    {
      "start": 13409,
      "stop": 14287,
      "text": "s\n"
    },
    {
      "start": 14287,
      "stop": 15400,
      "text": "pcl\n"
    },
    {
      "start": 15400,
      "stop": 15676,
      "text": "p\n"
    },
    {
      "start": 15676,
      "stop": 17226,
      "text": "ao\n"
    },
    {
      "start": 17226,
      "stop": 17960,
      "text": "r\n"
    },
    {
      "start": 17960,
      "stop": 18729,
      "text": "tcl\n"
    },
    {
      "start": 18729,
      "stop": 19393,
      "text": "m\n"
    },
    {
      "start": 19393,
      "stop": 20637,
      "text": "aa\n"
    },
    {
      "start": 20637,
      "stop": 21480,
      "text": "r\n"
    },
    {
      "start": 21480,
      "stop": 22120,
      "text": "kcl\n"
    },
    {
      "start": 22120,
      "stop": 22684,
      "text": "k\n"
    },
    {
      "start": 22684,
      "stop": 23480,
      "text": "ix\n"
    },
    {
      "start": 23480,
      "stop": 24280,
      "text": "tcl\n"
    },
    {
      "start": 24280,
      "stop": 24689,
      "text": "t\n"
    },
    {
      "start": 24689,
      "stop": 25566,
      "text": "s\n"
    },
    {
      "start": 25566,
      "stop": 26276,
      "text": "ix\n"
    },
    {
      "start": 26276,
      "stop": 27237,
      "text": "n\n"
    },
    {
      "start": 27237,
      "stop": 27880,
      "text": "dcl\n"
    },
    {
      "start": 27880,
      "stop": 28240,
      "text": "d\n"
    },
    {
      "start": 28240,
      "stop": 29206,
      "text": "ax-h\n"
    },
    {
      "start": 29206,
      "stop": 29827,
      "text": "n\n"
    },
    {
      "start": 29827,
      "stop": 32334,
      "text": "ay\n"
    },
    {
      "start": 32334,
      "stop": 33211,
      "text": "aa\n"
    },
    {
      "start": 33211,
      "stop": 34360,
      "text": "r\n"
    },
    {
      "start": 34360,
      "stop": 36200,
      "text": "s\n"
    },
    {
      "start": 36200,
      "stop": 37906,
      "text": "eh\n"
    },
    {
      "start": 37906,
      "stop": 38760,
      "text": "l\n"
    },
    {
      "start": 38760,
      "stop": 39960,
      "text": "z\n"
    },
    {
      "start": 39960,
      "stop": 40898,
      "text": "iy\n"
    },
    {
      "start": 40898,
      "stop": 41565,
      "text": "ih\n"
    },
    {
      "start": 41565,
      "stop": 42071,
      "text": "m\n"
    },
    {
      "start": 42071,
      "stop": 42760,
      "text": "pcl\n"
    },
    {
      "start": 42760,
      "stop": 43522,
      "text": "p\n"
    },
    {
      "start": 43522,
      "stop": 45193,
      "text": "ao\n"
    },
    {
      "start": 45193,
      "stop": 45560,
      "text": "tcl\n"
    },
    {
      "start": 45560,
      "stop": 45840,
      "text": "t\n"
    },
    {
      "start": 45840,
      "stop": 46697,
      "text": "s\n"
    },
    {
      "start": 46697,
      "stop": 47407,
      "text": "epi\n"
    },
    {
      "start": 47407,
      "stop": 47986,
      "text": "w\n"
    },
    {
      "start": 47986,
      "stop": 48520,
      "text": "iy\n"
    },
    {
      "start": 48520,
      "stop": 49287,
      "text": "n\n"
    },
    {
      "start": 49287,
      "stop": 51560,
      "text": "iy\n"
    },
    {
      "start": 51560,
      "stop": 53340,
      "text": "dcl\n"
    },
    {
      "start": 53340,
      "stop": 55120,
      "text": "h#\n"
    }
  ]
}