{
  "algo": "consensus",
  "birth_date": "05/22/62",
  "comments": "",
  "dialect": "North Midland",
  "education": "Bachelor's Degree (BS or BA)",
  "height": 1.8288000000000002,
  "noise_dataset": null,
  "phoneme_times": [
    {
      "start": 0,
      "stop": 2120,
      "text": "h#\n"
    },
    {
      "start": 2120,
      "stop": 2789,
      "text": "q\n"
    },
    {
      "start": 2789,
      "stop": 4428,
      "text": "ao\n"
    },
    {
      "start": 4428,
      "stop": 5723,
      "text": "r\n"
    },
    {
      "start": 5723,
      "stop": 7160,
      "text": "en\n"
    },
    {
      "start": 7160,
      "stop": 8271,
      "text": "jh\n"
    },
    {
      "start": 8271,
      "stop": 8939,
      "text": "dcl\n"
    },
    {
      "start": 8939,
      "stop": 10120,
      "text": "jh\n"
    },
    {
      "start": 10120,
      "stop": 12760,
      "text": "ux\n"
    },
    {
      "start": 12760,
      "stop": 15240,
      "text": "s\n"
    },
    {
      "start": 15240,
      "stop": 16360,
      "text": "tcl\n"
    },
    {
      "start": 16360,
      "stop": 17000,
      "text": "t\n"
    },
    {
      "start": 17000,
      "stop": 19400,
      "text": "ey\n"
    },
    {
      "start": 19400,
      "stop": 21472,
      "text": "s\n"
    },
    {
      "start": 21472,
      "stop": 21765,
      "text": "epi\n"
    },
    {
      "start": 21765,
      "stop": 23352,
      "text": "f\n"
    },
    {
      "start": 23352,
      "stop": 24856,
      "text": "ah\n"
    },
    {
      "start": 24856,
      "stop": 25274,
      "text": "nx\n"
    },
    {
      "start": 25274,
      "stop": 27321,
      "text": "iy\n"
    },
    {
      "start": 27321,
      "stop": 29785,
      "text": "ae\n"
    },
    {
      "start": 29785,
      "stop": 30520,
      "text": "f\n"
    },
    {
      "start": 30520,
      "stop": 31640,
      "text": "tcl\n"
    },
    {
      "start": 31640,
      "stop": 32292,
      "text": "t\n"
    },
    {
      "start": 32292,
      "stop": 33240,
      "text": "axr\n"
    },
    {
      "start": 33240,
      "stop": 33800,
      "text": "tcl\n"
    },
    {
      "start": 33800,
      "stop": 34760,
      "text": "t\n"
    },
    {
      "start": 34760,
      "stop": 36219,
      "text": "ux\n"
    },
    {
      "start": 36219,
      "stop": 37597,
      "text": "th\n"
    },
    {
      "start": 37597,
      "stop": 38600,
      "text": "pcl\n"
    },
    {
      "start": 38600,
      "stop": 39160,
      "text": "p\n"
    },
    {
      "start": 39160,
      "stop": 41800,
      "text": "ey\n"
    },
    {
      "start": 41800,
      "stop": 44120,
      "text": "s\n"
    },
    {
      "start": 44120,
      "stop": 44600,
      "text": "tcl\n"
    },
    {
      "start": 44600,
      "stop": 45080,
      "text": "t\n"
    },
    {
      "start": 45080,
      "stop": 46880,
      "text": "h#\n"
    }
  ],
  "phonetic_codes": [
    "/ao1 r ih n jh/",
    "/jh uw1 s/",
    "/t ey1 s t s/",
    "/f ah1 n iy/",
    "/ae1 f t axr/"
  ],
  "race": "White",
  "recording_date": "01/24/86",
  "sentence": "Orange juice tastes funny after toothpaste.",
  "sentence_id": "SX154",
  "sentence_time": {
    "start": 0,
    "stop": 46900,
    "text": "Orange juice tastes funny after toothpaste.\n"
  },
  "sex": "M",
  "speaker_id": "JRH1",
  "speech": "SX154JRH1",
  "speech_dataset": "timit",
  "use": "System training speaker",
  "word_times": [
    {
      "start": 0,
      "stop": 2120,
      "text": "h#\n"
    },
    {
      "start": 2120,
      "stop": 2789,
      "text": "q\n"
    },
    {
      "start": 2789,
      "stop": 4428,
      "text": "ao\n"
    },
    {
      "start": 4428,
      "stop": 5723,
      "text": "r\n"
    },
    {
      "start": 5723,
      "stop": 7160,
      "text": "en\n"
    },
    {
      "start": 7160,
      "stop": 8271,
      "text": "jh\n"
    },
    {
      "start": 8271,
      "stop": 8939,
      "text": "dcl\n"
    },
    {
      "start": 8939,
      "stop": 10120,
      "text": "jh\n"
    },
    {
      "start": 10120,
      "stop": 12760,
      "text": "ux\n"
    },
    {
      "start": 12760,
      "stop": 15240,
      "text": "s\n"
    },
    {
      "start": 15240,
      "stop": 16360,
      "text": "tcl\n"
    },
    {
      "start": 16360,
      "stop": 17000,
      "text": "t\n"
    },
    {
      "start": 17000,
      "stop": 19400,
      "text": "ey\n"
    },
    {
      "start": 19400,
      "stop": 21472,
      "text": "s\n"
    },
    {
      "start": 21472,
      "stop": 21765,
      "text": "epi\n"
    },
    {
      "start": 21765,
      "stop": 23352,
      "text": "f\n"
    },
    {
      "start": 23352,
      "stop": 24856,
      "text": "ah\n"
    },
    {
      "start": 24856,
      "stop": 25274,
      "text": "nx\n"
    },
    {
      "start": 25274,
      "stop": 27321,
      "text": "iy\n"
    },
    {
      "start": 27321,
      "stop": 29785,
      "text": "ae\n"
    },
    {
      "start": 29785,
      "stop": 30520,
      "text": "f\n"
    },
    {
      "start": 30520,
      "stop": 31640,
      "text": "tcl\n"
    },
    {
      "start": 31640,
      "stop": 32292,
      "text": "t\n"
    },
    {
      "start": 32292,
      "stop": 33240,
      "text": "axr\n"
    },
    {
      "start": 33240,
      "stop": 33800,
      "text": "tcl\n"
    },
    {
      "start": 33800,
      "stop": 34760,
      "text": "t\n"
    },
    {
      "start": 34760,
      "stop": 36219,
      "text": "ux\n"
    },
    {
      "start": 36219,
      "stop": 37597,
      "text": "th\n"
    },
    {
      "start": 37597,
      "stop": 38600,
      "text": "pcl\n"
    },
    {
      "start": 38600,
      "stop": 39160,
      "text": "p\n"
    },
    {
      "start": 39160,
      "stop": 41800,
      "text": "ey\n"
    },
    {
      "start": 41800,
      "stop": 44120,
      "text": "s\n"
    },
    {
      "start": 44120,
      "stop": 44600,
      "text": "tcl\n"
    },
    {
      "start": 44600,
      "stop": 45080,
      "text": "t\n"
    },
    {
      "start": 45080,
      "stop": 46880,
      "text": "h#\n"
    }
  ]
}