{
  "algo": "consensus",
  "birth_date": "01/04/62",
  "comments": "",
  "dialect": "New York City",
  "education": "Bachelor's Degree (BS or BA)",
  "height": 1.7272,
  "noise_dataset": null,
  "phoneme_times": [
    {
      "start": 0,
      "stop": 2210,
      "text": "h#\n"
    },
    {
      "start": 2210,
      "stop": 2577,
      "text": "dh\n"
    },
    {
      "start": 2577,
      "stop": 3167,
      "text": "ix\n"
    },
    {
      "start": 3167,
      "stop": 4180,
      "text": "tcl\n"
    },
    {
      "start": 4180,
      "stop": 5110,
      "text": "t\n"
    },
    {
      "start": 5110,
      "stop": 6440,
      "text": "ux\n"
    },
    {
      "start": 6440,
      "stop": 7821,
      "text": "th\n"
    },
    {
      "start": 7821,
      "stop": 8960,
      "text": "f\n"
    },
    {
      "start": 8960,
      "stop": 10044,
      "text": "eh\n"
    },
    {
      "start": 10044,
      "stop": 11288,
      "text": "r\n"
    },
    {
      "start": 11288,
      "stop": 12443,
      "text": "ix\n"
    },
    {
      "start": 12443,
      "stop": 14660,
      "text": "f\n"
    },
    {
      "start": 14660,
      "stop": 15320,
      "text": "axr\n"
    },
    {
      "start": 15320,
      "stop": 15874,
      "text": "gcl\n"
    },
    {
      "start": 15874,
      "stop": 16160,
      "text": "g\n"
    },
    {
      "start": 16160,
      "stop": 17798,
      "text": "aa\n"
    },
    {
      "start": 17798,
      "stop": 19399,
      "text": "tcl\n"
    },
    {
      "start": 19399,
      "stop": 20580,
      "text": "t\n"
    },
    {
      "start": 20580,
      "stop": 21040,
      "text": "ux\n"
    },
    {
      "start": 21040,
      "stop": 21540,
      "text": "kcl\n"
    },
    {
      "start": 21540,
      "stop": 22690,
      "text": "k\n"
    },
    {
      "start": 22690,
      "stop": 24814,
      "text": "ah\n"
    },
    {
      "start": 24814,
      "stop": 26234,
      "text": "m\n"
    },
    {
      "start": 26234,
      "stop": 26969,
      "text": "w\n"
    },
    {
      "start": 26969,
      "stop": 27697,
      "text": "ax\n"
    },
    {
      "start": 27697,
      "stop": 28268,
      "text": "n\n"
    },
    {
      "start": 28268,
      "stop": 29373,
      "text": "r\n"
    },
    {
      "start": 29373,
      "stop": 31560,
      "text": "aa\n"
    },
    {
      "start": 31560,
      "stop": 31870,
      "text": "dcl\n"
    },
    {
      "start": 31870,
      "stop": 32380,
      "text": "jh\n"
    },
    {
      "start": 32380,
      "stop": 33400,
      "text": "axr\n"
    },
    {
      "start": 33400,
      "stop": 35676,
      "text": "s\n"
    },
    {
      "start": 35676,
      "stop": 36890,
      "text": "tcl\n"
    },
    {
      "start": 36890,
      "stop": 38048,
      "text": "t\n"
    },
    {
      "start": 38048,
      "stop": 39080,
      "text": "ux\n"
    },
    {
      "start": 39080,
      "stop": 40939,
      "text": "th\n"
    },
    {
      "start": 40939,
      "stop": 42080,
      "text": "f\n"
    },
    {
      "start": 42080,
      "stop": 43518,
      "text": "eh\n"
    },
    {
      "start": 43518,
      "stop": 44606,
      "text": "l\n"
    },
    {
      "start": 44606,
      "stop": 47480,
      "text": "aw\n"
    },
    {
      "start": 47480,
      "stop": 48130,
      "text": "tcl\n"
    },
    {
      "start": 48130,
      "stop": 48687,
      "text": "t\n"
    },
    {
      "start": 48687,
      "stop": 50480,
      "text": "h#\n"
    }
  ],
  "phonetic_codes": [
    "/dh ax/",
    "/t uw1 th/",
    "/f ae1 r iy/",
    "/f ao r g aa1 t/",
    "/t uw1/",
    "/k ah1 m/",
    "/hh w eh1 n/",
    "/r aa1 jh axr z/",
    "/t uw1 th/",
    "/f eh1 l/"
  ],
  "race": "White",
  "recording_date": "04/15/86",
  "sentence": "The tooth fairy forgot to come when Roger's tooth fell out.",
  "sentence_id": "SX282",
  "sentence_time": {
    "start": 0,
    "stop": 50586,
    "text": "The tooth fairy forgot to come when Roger's tooth fell out.\n"
  },
  "sex": "M",
  "speaker_id": "ESD0",
  "speech": "SX282ESD0",
  "speech_dataset": "timit",
  "use": "System test speaker",
  "word_times": [
    {
      "start": 0,
      "stop": 2210,
      "text": "h#\n"
    },
    {
      "start": 2210,
      "stop": 2577,
      "text": "dh\n"
    },
    {
      "start": 2577,
      "stop": 3167,
      "text": "ix\n"
    },
    {
      "start": 3167,
      "stop": 4180,
      "text": "tcl\n"
    },
    {
      "start": 4180,
      "stop": 5110,
      "text": "t\n"
    },
    {
      "start": 5110,
      "stop": 6440,
      "text": "ux\n"
    },
    {
      "start": 6440,
      "stop": 7821,
      "text": "th\n"
    },
    {
      "start": 7821,
      "stop": 8960,
      "text": "f\n"
    },
    {
      "start": 8960,
      "stop": 10044,
      "text": "eh\n"
    },
    {
      "start": 10044,
      "stop": 11288,
      "text": "r\n"
    },
    {
      "start": 11288,
      "stop": 12443,
      "text": "ix\n"
    },
    {
      "start": 12443,
      "stop": 14660,
      "text": "f\n"
    },
    {
      "start": 14660,
      "stop": 15320,
      "text": "axr\n"
    },
    {
      "start": 15320,
      "stop": 15874,
      "text": "gcl\n"
    },
    {
      "start": 15874,
      "stop": 16160,
      "text": "g\n"
    },
    {
      "start": 16160,
      "stop": 17798,
      "text": "aa\n"
    },
    {
      "start": 17798,
      "stop": 19399,
      "text": "tcl\n"
    },
    {
      "start": 19399,
      "stop": 20580,
      "text": "t\n"
    },
    {
      "start": 20580,
      "stop": 21040,
      "text": "ux\n"
    },
    {
      "start": 21040,
      "stop": 21540,
      "text": "kcl\n"
    },
    {
      "start": 21540,
      "stop": 22690,
      "text": "k\n"
    },
    {
      "start": 22690,
      "stop": 24814,
      "text": "ah\n"
    },
    {
      "start": 24814,
      "stop": 26234,
      "text": "m\n"
    },
    {
      "start": 26234,
      "stop": 26969,
      "text": "w\n"
    },
    {
      "start": 26969,
      "stop": 27697,
      "text": "ax\n"
    },
    {
      "start": 27697,
      "stop": 28268,
      "text": "n\n"
    },
    {
      "start": 28268,
      "stop": 29373,
      "text": "r\n"
    },
    {
      "start": 29373,
      "stop": 31560,
      "text": "aa\n"
    },
    {
      "start": 31560,
      "stop": 31870,
      "text": "dcl\n"
    },
    {
      "start": 31870,
      "stop": 32380,
      "text": "jh\n"
    },
    {
      "start": 32380,
      "stop": 33400,
      "text": "axr\n"
    },
    {
      "start": 33400,
      "stop": 35676,
      "text": "s\n"
    },
    {
      "start": 35676,
      "stop": 36890,
      "text": "tcl\n"
    },
    {
      "start": 36890,
      "stop": 38048,
      "text": "t\n"
    },
    {
      "start": 38048,
      "stop": 39080,
      "text": "ux\n"
    },
    {
      "start": 39080,
      "stop": 40939,
      "text": "th\n"
    },
    {
      "start": 40939,
      "stop": 42080,
      "text": "f\n"
    },
    {
      "start": 42080,
      "stop": 43518,
      "text": "eh\n"
    },
    {
      "start": 43518,
      "stop": 44606,
      "text": "l\n"
    },
    {
      "start": 44606,
      "stop": 47480,
      "text": "aw\n"
    },
    {
      "start": 47480,
      "stop": 48130,
      "text": "tcl\n"
    },
    {
      "start": 48130,
      "stop": 48687,
      "text": "t\n"
    },
    {
      "start": 48687,
      "stop": 50480,
      "text": "h#\n"
    }
  ]
}