{
  "algo": "consensus",
  "birth_date": "07/16/60",
  "comments": "",
  "dialect": "Southern",
  "education": "Associate Degree",
  "height": 1.778,
  "noise_dataset": null,
  "phoneme_times": [
    {
      "start": 0,
      "stop": 3270,
      "text": "h#\n"
    },
    {
      "start": 3270,
      "stop": 4350,
      "text": "th\n"
    },
    {
      "start": 4350,
      "stop": 5848,
      "text": "ih\n"
    },
    {
      "start": 5848,
      "stop": 8304,
      "text": "kcl\n"
    },
    {
      "start": 8304,
      "stop": 8770,
      "text": "g\n"
    },
    {
      "start": 8770,
      "stop": 9612,
      "text": "l\n"
    },
    {
      "start": 9612,
      "stop": 13217,
      "text": "ux\n"
    },
    {
      "start": 13217,
      "stop": 14538,
      "text": "q\n"
    },
    {
      "start": 14538,
      "stop": 16397,
      "text": "ux\n"
    },
    {
      "start": 16397,
      "stop": 17170,
      "text": "z\n"
    },
    {
      "start": 17170,
      "stop": 17490,
      "text": "dcl\n"
    },
    {
      "start": 17490,
      "stop": 17970,
      "text": "d\n"
    },
    {
      "start": 17970,
      "stop": 20105,
      "text": "aw\n"
    },
    {
      "start": 20105,
      "stop": 20490,
      "text": "dx\n"
    },
    {
      "start": 20490,
      "stop": 20990,
      "text": "ax\n"
    },
    {
      "start": 20990,
      "stop": 21790,
      "text": "dh\n"
    },
    {
      "start": 21790,
      "stop": 22346,
      "text": "ax\n"
    },
    {
      "start": 22346,
      "stop": 23180,
      "text": "tcl\n"
    },
    {
      "start": 23180,
      "stop": 23840,
      "text": "t\n"
    },
    {
      "start": 23840,
      "stop": 26520,
      "text": "ux\n"
    },
    {
      "start": 26520,
      "stop": 27500,
      "text": "bcl\n"
    },
    {
      "start": 27500,
      "stop": 28280,
      "text": "b\n"
    },
    {
      "start": 28280,
      "stop": 30000,
      "text": "h#\n"
    }
  ],
  "phonetic_codes": [
    "/th ih1 k/",
    "/g l uw1/",
    "/uw1 z d/",
    "/aw1 t/",
    "/ax v/",
    "/dh ax/"
  ],
  "race": "White",
  "recording_date": "04/11/86",
  "sentence": "Thick glue oozed out of the tube.",
  "sentence_id": "SX182",
  "sentence_time": {
    "start": 0,
    "stop": 30106,
    "text": "Thick glue oozed out of the tube.\n"
  },
  "sex": "M",
  "speaker_id": "WCH0",
  "speech": "SX182WCH0",
  "speech_dataset": "timit",
  "use": "System training speaker",
  "word_times": [
    {
      "start": 0,
      "stop": 3270,
      "text": "h#\n"
    },
    {
      "start": 3270,
      "stop": 4350,
      "text": "th\n"
    },
    {
      "start": 4350,
      "stop": 5848,
      "text": "ih\n"
    },
    {
      "start": 5848,
      "stop": 8304,
      "text": "kcl\n"
    },
    {
      "start": 8304,
      "stop": 8770,
      "text": "g\n"
    },
    {
      "start": 8770,
      "stop": 9612,
      "text": "l\n"
    },
    {
      "start": 9612,
      "stop": 13217,
      "text": "ux\n"
    },
    {
      "start": 13217,
      "stop": 14538,
      "text": "q\n"
    },
    {
      "start": 14538,
      "stop": 16397,
      "text": "ux\n"
    },
    {
      "start": 16397,
      "stop": 17170,
      "text": "z\n"
    },
    {
      "start": 17170,
      "stop": 17490,
      "text": "dcl\n"
    },
    {
      "start": 17490,
      "stop": 17970,
      "text": "d\n"
    },
    {
      "start": 17970,
      "stop": 20105,
      "text": "aw\n"
    },
    {
      "start": 20105,
      "stop": 20490,
      "text": "dx\n"
    },
    {
      "start": 20490,
      "stop": 20990,
      "text": "ax\n"
    },
    {
      "start": 20990,
      "stop": 21790,
      "text": "dh\n"
    },
    {
      "start": 21790,
      "stop": 22346,
      "text": "ax\n"
    },
    {
      "start": 22346,
      "stop": 23180,
      "text": "tcl\n"
    },
    {
      "start": 23180,
      "stop": 23840,
      "text": "t\n"
    },
    {
      "start": 23840,
      "stop": 26520,
      "text": "ux\n"
    },
    {
      "start": 26520,
      "stop": 27500,
      "text": "bcl\n"
    },
    {
      "start": 27500,
      "stop": 28280,
      "text": "b\n"
    },
    {
      "start": 28280,
      "stop": 30000,
      "text": "h#\n"
    }
  ]
}