{
  "algo": "consensus",
  "birth_date": "03/30/55",
  "comments": "",
  "dialect": "Western",
  "education": "Bachelor's Degree (BS or BA)",
  "height": 1.8796000000000002,
  "noise_dataset": null,
  "phoneme_times": [
    {
      "start": 0,
      "stop": 2032,
      "text": "h#\n"
    },
    {
      "start": 2032,
      "stop": 2391,
      "text": "n\n"
    },
    {
      "start": 2391,
      "stop": 4929,
      "text": "ow\n"
    },
    {
      "start": 4929,
      "stop": 5765,
      "text": "r\n"
    },
    {
      "start": 5765,
      "stop": 6925,
      "text": "iy\n"
    },
    {
      "start": 6925,
      "stop": 7980,
      "text": "tcl\n"
    },
    {
      "start": 7980,
      "stop": 8870,
      "text": "t\n"
    },
    {
      "start": 8870,
      "stop": 11320,
      "text": "er\n"
    },
    {
      "start": 11320,
      "stop": 11941,
      "text": "n\n"
    },
    {
      "start": 11941,
      "stop": 14743,
      "text": "ae\n"
    },
    {
      "start": 14743,
      "stop": 15490,
      "text": "dcl\n"
    },
    {
      "start": 15490,
      "stop": 16121,
      "text": "d\n"
    },
    {
      "start": 16121,
      "stop": 16963,
      "text": "r\n"
    },
    {
      "start": 16963,
      "stop": 18398,
      "text": "eh\n"
    },
    {
      "start": 18398,
      "stop": 20637,
      "text": "s\n"
    },
    {
      "start": 20637,
      "stop": 21022,
      "text": "epi\n"
    },
    {
      "start": 21022,
      "stop": 21386,
      "text": "w\n"
    },
    {
      "start": 21386,
      "stop": 22285,
      "text": "ah\n"
    },
    {
      "start": 22285,
      "stop": 22522,
      "text": "tcl\n"
    },
    {
      "start": 22522,
      "stop": 24802,
      "text": "s\n"
    },
    {
      "start": 24802,
      "stop": 26276,
      "text": "ow\n"
    },
    {
      "start": 26276,
      "stop": 27112,
      "text": "w\n"
    },
    {
      "start": 27112,
      "stop": 29169,
      "text": "eh\n"
    },
    {
      "start": 29169,
      "stop": 29800,
      "text": "v\n"
    },
    {
      "start": 29800,
      "stop": 31742,
      "text": "axr\n"
    },
    {
      "start": 31742,
      "stop": 32564,
      "text": "h#\n"
    }
  ],
  "phonetic_codes": [
    "/n ow1/",
    "/r ih t er1 n/",
    "/ae1 d r eh2 s/"
  ],
  "race": "White",
  "recording_date": "04/01/86",
  "sentence": "No return address whatsoever.",
  "sentence_id": "SI2210",
  "sentence_time": {
    "start": 0,
    "stop": 32564,
    "text": "No return address whatsoever.\n"
  },
  "sex": "M",
  "speaker_id": "NJM0",
  "speech": "SI2210NJM0",
  "speech_dataset": "timit",
  "use": "System test speaker",
  "word_times": [
    {
      "start": 0,
      "stop": 2032,
      "text": "h#\n"
    },
    {
      "start": 2032,
      "stop": 2391,
      "text": "n\n"
    },
    {
      "start": 2391,
      "stop": 4929,
      "text": "ow\n"
    },
    {
      "start": 4929,
      "stop": 5765,
      "text": "r\n"
    },
    {
      "start": 5765,
      "stop": 6925,
      "text": "iy\n"
    },
    {
      "start": 6925,
      "stop": 7980,
      "text": "tcl\n"
    },
    {
      "start": 7980,
      "stop": 8870,
      "text": "t\n"
    },
    {
      "start": 8870,
      "stop": 11320,
      "text": "er\n"
    },
    {
      "start": 11320,
      "stop": 11941,
      "text": "n\n"
    },
    {
      "start": 11941,
      "stop": 14743,
      "text": "ae\n"
    },
    {
      "start": 14743,
      "stop": 15490,
      "text": "dcl\n"
    },
    {
      "start": 15490,
      "stop": 16121,
      "text": "d\n"
    },
    {
      "start": 16121,
      "stop": 16963,
      "text": "r\n"
    },
    {
      "start": 16963,
      "stop": 18398,
      "text": "eh\n"
    },
    {
      "start": 18398,
      "stop": 20637,
      "text": "s\n"
    },
    {
      "start": 20637,
      "stop": 21022,
      "text": "epi\n"
    },
    {
      "start": 21022,
      "stop": 21386,
      "text": "w\n"
    },
    {
      "start": 21386,
      "stop": 22285,
      "text": "ah\n"
    },
    {
      "start": 22285,
      "stop": 22522,
      "text": "tcl\n"
    },
    {
      "start": 22522,
      "stop": 24802,
      "text": "s\n"
    },
    {
      "start": 24802,
      "stop": 26276,
      "text": "ow\n"
    },
    {
      "start": 26276,
      "stop": 27112,
      "text": "w\n"
    },
    {
      "start": 27112,
      "stop": 29169,
      "text": "eh\n"
    },
    {
      "start": 29169,
      "stop": 29800,
      "text": "v\n"
    },
    {
      "start": 29800,
      "stop": 31742,
      "text": "axr\n"
    },
    {
      "start": 31742,
      "stop": 32564,
      "text": "h#\n"
    }
  ]
}