{
  "algo": "consensus",
  "birth_date": "08/29/46",
  "comments": "",
  "dialect": "Western",
  "education": "Master's Degree (MS or MA)",
  "height": 1.7526,
  "noise_dataset": null,
  "phoneme_times": [
    {
      "start": 0,
      "stop": 2680,
      "text": "h#\n"
    },
    {
      "start": 2680,
      "stop": 3080,
      "text": "dh\n"
    },
    {
      "start": 3080,
      "stop": 3800,
      "text": "ax\n"
    },
    {
      "start": 3800,
      "stop": 5160,
      "text": "bcl\n"
    },
    {
      "start": 5160,
      "stop": 5480,
      "text": "b\n"
    },
    {
      "start": 5480,
      "stop": 8440,
      "text": "uw\n"
    },
    {
      "start": 8440,
      "stop": 9571,
      "text": "s\n"
    },
    {
      "start": 9571,
      "stop": 10167,
      "text": "tcl\n"
    },
    {
      "start": 10167,
      "stop": 11169,
      "text": "t\n"
    },
    {
      "start": 11169,
      "stop": 12198,
      "text": "ix\n"
    },
    {
      "start": 12198,
      "stop": 13535,
      "text": "z\n"
    },
    {
      "start": 13535,
      "stop": 14360,
      "text": "hh\n"
    },
    {
      "start": 14360,
      "stop": 15800,
      "text": "eh\n"
    },
    {
      "start": 15800,
      "stop": 16520,
      "text": "l\n"
    },
    {
      "start": 16520,
      "stop": 18120,
      "text": "pcl\n"
    },
    {
      "start": 18120,
      "stop": 18760,
      "text": "f\n"
    },
    {
      "start": 18760,
      "stop": 20971,
      "text": "el\n"
    },
    {
      "start": 20971,
      "stop": 25107,
      "text": "pau\n"
    },
    {
      "start": 25107,
      "stop": 25362,
      "text": "b\n"
    },
    {
      "start": 25362,
      "stop": 26440,
      "text": "ah\n"
    },
    {
      "start": 26440,
      "stop": 26840,
      "text": "dx\n"
    },
    {
      "start": 26840,
      "stop": 28440,
      "text": "ih\n"
    },
    {
      "start": 28440,
      "stop": 29080,
      "text": "n\n"
    },
    {
      "start": 29080,
      "stop": 31577,
      "text": "ae\n"
    },
    {
      "start": 31577,
      "stop": 31817,
      "text": "dx\n"
    },
    {
      "start": 31817,
      "stop": 32680,
      "text": "ix\n"
    },
    {
      "start": 32680,
      "stop": 33773,
      "text": "kcl\n"
    },
    {
      "start": 33773,
      "stop": 34200,
      "text": "k\n"
    },
    {
      "start": 34200,
      "stop": 34600,
      "text": "w\n"
    },
    {
      "start": 34600,
      "stop": 35400,
      "text": "ix\n"
    },
    {
      "start": 35400,
      "stop": 36680,
      "text": "tcl\n"
    },
    {
      "start": 36680,
      "stop": 48000,
      "text": "h#\n"
    }
  ],
  "phonetic_codes": [
    "/dh ax/",
    "/b uw1 s t/",
    "/ih1 z/",
    "/hh eh1 l p f uh l/",
    "/b ah1 t/"
  ],
  "race": "White",
  "recording_date": "01/27/86",
  "sentence": "The boost is helpful but inadequate.",
  "sentence_id": "SI527",
  "sentence_time": {
    "start": 0,
    "stop": 48027,
    "text": "The boost is helpful but inadequate.\n"
  },
  "sex": "M",
  "speaker_id": "TER0",
  "speech": "SI527TER0",
  "speech_dataset": "timit",
  "use": "System training speaker",
  "word_times": [
    {
      "start": 0,
      "stop": 2680,
      "text": "h#\n"
    },
    {
      "start": 2680,
      "stop": 3080,
      "text": "dh\n"
    },
    {
      "start": 3080,
      "stop": 3800,
      "text": "ax\n"
    },
    {
      "start": 3800,
      "stop": 5160,
      "text": "bcl\n"
    },
    {
      "start": 5160,
      "stop": 5480,
      "text": "b\n"
    },
    {
      "start": 5480,
      "stop": 8440,
      "text": "uw\n"
    },
    {
      "start": 8440,
      "stop": 9571,
      "text": "s\n"
    },
    {
      "start": 9571,
      "stop": 10167,
      "text": "tcl\n"
    },
    {
      "start": 10167,
      "stop": 11169,
      "text": "t\n"
    },
    {
      "start": 11169,
      "stop": 12198,
      "text": "ix\n"
    },
    {
      "start": 12198,
      "stop": 13535,
      "text": "z\n"
    },
    {
      "start": 13535,
      "stop": 14360,
      "text": "hh\n"
    },
    {
      "start": 14360,
      "stop": 15800,
      "text": "eh\n"
    },
    {
      "start": 15800,
      "stop": 16520,
      "text": "l\n"
    },
    {
      "start": 16520,
      "stop": 18120,
      "text": "pcl\n"
    },
    {
      "start": 18120,
      "stop": 18760,
      "text": "f\n"
    },
    {
      "start": 18760,
      "stop": 20971,
      "text": "el\n"
    },
    {
      "start": 20971,
      "stop": 25107,
      "text": "pau\n"
    },
    {
      "start": 25107,
      "stop": 25362,
      "text": "b\n"
    },
    {
      "start": 25362,
      "stop": 26440,
      "text": "ah\n"
    },
    {
      "start": 26440,
      "stop": 26840,
      "text": "dx\n"
    },
    {
      "start": 26840,
      "stop": 28440,
      "text": "ih\n"
    },
    {
      "start": 28440,
      "stop": 29080,
      "text": "n\n"
    },
    {
      "start": 29080,
      "stop": 31577,
      "text": "ae\n"
    },
    {
      "start": 31577,
      "stop": 31817,
      "text": "dx\n"
    },
    {
      "start": 31817,
      "stop": 32680,
      "text": "ix\n"
    },
    {
      "start": 32680,
      "stop": 33773,
      "text": "kcl\n"
    },
    {
      "start": 33773,
      "stop": 34200,
      "text": "k\n"
    },
    {
      "start": 34200,
      "stop": 34600,
      "text": "w\n"
    },
    {
      "start": 34600,
      "stop": 35400,
      "text": "ix\n"
    },
    {
      "start": 35400,
      "stop": 36680,
      "text": "tcl\n"
    },
    {
      "start": 36680,
      "stop": 48000,
      "text": "h#\n"
    }
  ]
}