{
  "algo": "consensus",
  "birth_date": "11/24/59",
  "comments": "",
  "dialect": "Western",
  "education": "Master's Degree (MS or MA)",
  "height": 1.8034,
  "noise_dataset": null,
  "phoneme_times": [
    {
      "start": 0,
      "stop": 2257,
      "text": "h#\n"
    },
    {
      "start": 2257,
      "stop": 3377,
      "text": "aa\n"
    },
    {
      "start": 3377,
      "stop": 3937,
      "text": "r\n"
    },
    {
      "start": 3937,
      "stop": 5305,
      "text": "y\n"
    },
    {
      "start": 5305,
      "stop": 6943,
      "text": "ux\n"
    },
    {
      "start": 6943,
      "stop": 8146,
      "text": "q\n"
    },
    {
      "start": 8146,
      "stop": 9374,
      "text": "ah\n"
    },
    {
      "start": 9374,
      "stop": 10039,
      "text": "n\n"
    },
    {
      "start": 10039,
      "stop": 10309,
      "text": "dcl\n"
    },
    {
      "start": 10309,
      "stop": 10559,
      "text": "d\n"
    },
    {
      "start": 10559,
      "stop": 12783,
      "text": "er\n"
    },
    {
      "start": 12783,
      "stop": 15289,
      "text": "ay\n"
    },
    {
      "start": 15289,
      "stop": 15796,
      "text": "dx\n"
    },
    {
      "start": 15796,
      "stop": 16854,
      "text": "iy\n"
    },
    {
      "start": 16854,
      "stop": 18130,
      "text": "n\n"
    },
    {
      "start": 18130,
      "stop": 18798,
      "text": "ix\n"
    },
    {
      "start": 18798,
      "stop": 19574,
      "text": "kcl\n"
    },
    {
      "start": 19574,
      "stop": 19799,
      "text": "k\n"
    },
    {
      "start": 19799,
      "stop": 20761,
      "text": "s\n"
    },
    {
      "start": 20761,
      "stop": 21919,
      "text": "pcl\n"
    },
    {
      "start": 21919,
      "stop": 22227,
      "text": "p\n"
    },
    {
      "start": 22227,
      "stop": 23349,
      "text": "eh\n"
    },
    {
      "start": 23349,
      "stop": 23843,
      "text": "n\n"
    },
    {
      "start": 23843,
      "stop": 25483,
      "text": "s\n"
    },
    {
      "start": 25483,
      "stop": 26178,
      "text": "ix\n"
    },
    {
      "start": 26178,
      "stop": 26935,
      "text": "v\n"
    },
    {
      "start": 26935,
      "stop": 27929,
      "text": "tcl\n"
    },
    {
      "start": 27929,
      "stop": 28972,
      "text": "t\n"
    },
    {
      "start": 28972,
      "stop": 30357,
      "text": "iy\n"
    },
    {
      "start": 30357,
      "stop": 31627,
      "text": "m\n"
    },
    {
      "start": 31627,
      "stop": 32567,
      "text": "tcl\n"
    },
    {
      "start": 32567,
      "stop": 34266,
      "text": "t\n"
    },
    {
      "start": 34266,
      "stop": 35112,
      "text": "r\n"
    },
    {
      "start": 35112,
      "stop": 36804,
      "text": "ih\n"
    },
    {
      "start": 36804,
      "stop": 38183,
      "text": "pcl\n"
    },
    {
      "start": 38183,
      "stop": 38558,
      "text": "p\n"
    },
    {
      "start": 38558,
      "stop": 40647,
      "text": "s\n"
    },
    {
      "start": 40647,
      "stop": 43418,
      "text": "h#\n"
    }
  ],
  "phonetic_codes": [
    "/aa1 r/",
    "/y uw1/",
    "/ah1 n d axr r ay2 t ix ng/",
    "/eh k s p eh1 n s ih v/",
    "/t iy1 m/"
  ],
  "race": "White",
  "recording_date": "03/13/86",
  "sentence": "Are you underwriting expensive team trips?",
  "sentence_id": "SI850",
  "sentence_time": {
    "start": 0,
    "stop": 43418,
    "text": "Are you underwriting expensive team trips?\n"
  },
  "sex": "M",
  "speaker_id": "DCM0",
  "speech": "SI850DCM0",
  "speech_dataset": "timit",
  "use": "System training speaker",
  "word_times": [
    {
      "start": 0,
      "stop": 2257,
      "text": "h#\n"
    },
    {
      "start": 2257,
      "stop": 3377,
      "text": "aa\n"
    },
    {
      "start": 3377,
      "stop": 3937,
      "text": "r\n"
    },
    {
      "start": 3937,
      "stop": 5305,
      "text": "y\n"
    },
    {
      "start": 5305,
      "stop": 6943,
      "text": "ux\n"
    },
    {
      "start": 6943,
      "stop": 8146,
      "text": "q\n"
    },
    {
      "start": 8146,
      "stop": 9374,
      "text": "ah\n"
    },
    {
      "start": 9374,
      "stop": 10039,
      "text": "n\n"
    },
    {
      "start": 10039,
      "stop": 10309,
      "text": "dcl\n"
    },
    {
      "start": 10309,
      "stop": 10559,
      "text": "d\n"
    },
    {
      "start": 10559,
      "stop": 12783,
      "text": "er\n"
    },
    {
      "start": 12783,
      "stop": 15289,
      "text": "ay\n"
    },
    {
      "start": 15289,
      "stop": 15796,
      "text": "dx\n"
    },
    {
      "start": 15796,
      "stop": 16854,
      "text": "iy\n"
    },
    {
      "start": 16854,
      "stop": 18130,
      "text": "n\n"
    },
    {
      "start": 18130,
      "stop": 18798,
      "text": "ix\n"
    },
    {
      "start": 18798,
      "stop": 19574,
      "text": "kcl\n"
    },
    {
      "start": 19574,
      "stop": 19799,
      "text": "k\n"
    },
    {
      "start": 19799,
      "stop": 20761,
      "text": "s\n"
    },
    {
      "start": 20761,
      "stop": 21919,
      "text": "pcl\n"
    },
    {
      "start": 21919,
      "stop": 22227,
      "text": "p\n"
    },
    {
      "start": 22227,
      "stop": 23349,
      "text": "eh\n"
    },
    {
      "start": 23349,
      "stop": 23843,
      "text": "n\n"
    },
    {
      "start": 23843,
      "stop": 25483,
      "text": "s\n"
    },
    {
      "start": 25483,
      "stop": 26178,
      "text": "ix\n"
    },
    {
      "start": 26178,
      "stop": 26935,
      "text": "v\n"
    },
    {
      "start": 26935,
      "stop": 27929,
      "text": "tcl\n"
    },
    {
      "start": 27929,
      "stop": 28972,
      "text": "t\n"
    },
    {
      "start": 28972,
      "stop": 30357,
      "text": "iy\n"
    },
    {
      "start": 30357,
      "stop": 31627,
      "text": "m\n"
    },
    {
      "start": 31627,
      "stop": 32567,
      "text": "tcl\n"
    },
    {
      "start": 32567,
      "stop": 34266,
      "text": "t\n"
    },
    {
      "start": 34266,
      "stop": 35112,
      "text": "r\n"
    },
    {
      "start": 35112,
      "stop": 36804,
      "text": "ih\n"
    },
    {
      "start": 36804,
      "stop": 38183,
      "text": "pcl\n"
    },
    {
      "start": 38183,
      "stop": 38558,
      "text": "p\n"
    },
    {
      "start": 38558,
      "stop": 40647,
      "text": "s\n"
    },
    {
      "start": 40647,
      "stop": 43418,
      "text": "h#\n"
    }
  ]
}